1730828006.6077874,7dec349cb599f4540ebe752d5fe5d2712f72b3a6699bd5d1fd8e19d62bfba0ce,True
1730828007.114998,a6be7a303975ffa1236f812cf403a06434efa0a66206428aa8ed08ad1f0ff4ac,True
1730828007.1194623,9689e303d9ce589dac815f83dffb714216aad109986079dcc551b5d833005fa4,True
1730828007.3205738,388db5b100678c766ca24eae2c54c30dd7a23550fee248da6fe03d7923b49136,True
1730828007.5401616,67225c026f3f6d7336a4721df184eb1bfc1c62db846bb5729c667794084c4734,True
1730828008.107717,3f692d3312a240633d47cd27e7f6a4bb9442090a79bf29d2d83331f3d0e13458,False
1730828008.1087549,c02ef7b8891b3d7894139e198562f240e6303c75bf3cf6655df1921763ae847a,True
1730828008.2145863,c62466128fdf2b3f70f11816639347d54edea413d3bbc40051300c304dd569a4,True
1730828008.4570925,cad15712850fe21f19ab0fc5bc66ee01a16cfa4bb3c76799b560d3f8f79dd2a8,True
1730828008.9056776,5441b12ffff35f6f333635801b897c0cf837985ea20442f1d745f82bd6d30107,True
1730828009.098142,b4e99fa38c6d4187d2bce16a97c3e4fa46f08bcacdc495e96b36a1b5d26f0554,True
1730828009.1011982,6fbe66e69caca1202513208c2fb81f0fa818aca96c84c94305a805ca6a755724,True
1730828009.3183792,7ccd5e3362a02a8444626044c596f839155c0573ce636eb2829139256fd39fa6,True
1730828009.5546484,85dba6ae01666c166d489524b11ab8a6609f2768ef73745ede7386cee9fd6949,True
1730828010.0941367,2f849b1bfdf786fbcd72a2d7d22df525dfe83f88c2628fa34412f5efe1878490,True
1730828010.4905066,69ad484b63bf7f887dd1c81931c73184faf647b14aad59946deca8e07f34f99d,True
1730828011.1057942,bae175bd7016f07cb1f722797a3310fcb26e72df324980cc88bf2c41b8a4bd30,True
1730828011.1069455,833f06907fc17955f4dbc0609fa17a0cf025d7055bc70dd9eca082ee52462742,True
1730828011.1815271,c05b97cab7114b137a51b51fc4ce9830529fb9f60210c492658a40e22a14c819,True
1730828011.4274235,9177495e126ffca86a463f09ce3f93396402761d37da859685965e93197dda60,True
1730828011.8620098,f040e91d5d2520cf423b282aa1709c8281afcc876416a21ebce646488038598d,True
1730828012.072757,3ba27ec5c218bf02eb5705d6e816e63a52579f2b02145af45cb26086a9f42266,True
1730828012.0764313,1838adbce50b8439f392364d487f2e2fccde3be88bf7dd5feb29027c285e9b8c,True
1730828012.303124,cff4e7d1bfead4fd1832f6f2a4201fe9a6299f32a6796674a45a969a88846eca,True
1730828012.534728,2267b681b38e4a2884a00343b6ab94a6c8d35ecfac38e5774339bf41cb2a0f40,True
1730828013.088883,b9bfb64c5b4b562fe5c3fc19ee7f553c61b1fb0cfeacea89973e274499437ff3,True
1730828013.0904834,b91423cc8ed0ac9bd955ab4f74f9f14953d12b366900420f6f17254ad58e2abe,True
1730828013.2610781,2df65ef1df0f922bfe78de36b6091c6ce7cec3e423825888648fa6690c2d2f93,True
1730828013.4851468,b4f6fc3a348f5ef61a2471ec5a77cacbda142f70c5fc524e3e4b0c7f99854bc4,True
1730828013.91632,bfd1480b91de604e9cbd249ddc1503fb3090fb8c9f91c23a6f077bb4ff920b61,True
1730828014.107532,dbf8637e3831e9fa6221d33982040f8f67421906a11d5e4fcb22bfafc0b8805a,True
1730828014.1413915,2bf65a6c36c2aa1bb4734ec5ac1d4e3a88e11041543b02139ae72fa0c81920fc,True
1730828014.374734,d4cf8d66f5687a4dff354879f1de8ed29ae07aa557f02e43a42e430048a9802d,True
1730828014.6169052,42bbab2a5e7fce96f0a4cd8a109bf1d2c5b76a3d18c002752d14ce4057e0e42b,True
1730828015.1145024,b1d867976d269268b9df27fdd0a79506337003943f6b54688fc4b91874b7c2bc,True
1730828015.121545,0bb8f4b3ad251f833099a05baee8099484b8e2ec579b7e0c82487420715502f8,True
1730828015.30578,e8cf15cae39ae070191a8afeb2112de1619cb0e889c550a09e466998acf09afc,True
1730828015.5347528,b0b458bfaf5bea911dc1808f5fc774c4f177032156d76a4b8f541569d755017e,True
1730828016.1012967,37c124be2447d158bb047da262b774cb318b1b109ca5bb4259a253682a5eb37f,True
1730828016.1028214,c90dbe2d588303c9e3a342c0cf4812b9ffd2c31162009e37c1c40e3e606c8b25,True
1730828016.2681637,b26819081fa95129dea0320f208a6ddc70b5d0ab8b46aec45db9f5615207a59c,True
1730828016.4788992,3105cec30e6a1b4a1945a2264bdb26e25af68ff93b6ad35ecdbe4cdbaa2b343c,True
1730828017.1056974,e5b844067c94cb0134ace414f6996e0de08d608fefbaae426abdd028b7571f29,True
1730828017.1212234,01cd1a6f3cc3cc21e5a2889cb8f342148e2cbc13f3279bd57c0e16289f845538,True
1730828017.1380076,a695dc16895c51e865ef164f266d0f142efb922ad5df8345d870c273adc27b75,True
1730828017.341774,efc599b5d6390fe596d440ff5889b754529b44b578f6f0b1516045e8ef0baa74,True
1730828017.6077144,361b57b3c819e945a04dc776013dbce58969c41793810115abf3bbadd641b4d1,True
1730828018.1167312,b32d47d33db41125782ff395e1a8c86e6a37b958e2009174df8821d0c0c1a0ad,True
1730828018.124275,5b50daf32dfd963795bf11c98d69f7b68ddfd2cc3dc1f5eb4bcdc6a81bfdb8c7,True
1730828018.3382618,0f7b11b38474c0a046e784d6b6f6a7ac0840ac9c5b22f659b1e4c88c54925597,True
1730828018.5684018,29ab4d0b2d35c62b2a2ea7dc1af70fd5138a5154b0ad0a5ebdec65e9a896d9fd,True
1730828019.127088,a209884842b1310fd2d35e542a5de16602e34e7f32293225ada6a61d5a10545b,True
1730828019.1293645,4f154f94fd1730bbd92c14839c5ed684f25ac3899a054f932d46a6a737c03d96,True
1730828019.210524,f0dab13688efb2a30eddadece8ec7ccfa5c1bf3988909908456cb86e55c72256,True
1730828019.5271642,659a4f1902ab621472520ceffb56e62c70f690de8a6d8668a92d858607622d99,True
1730828019.9265385,eb70339a3ff7c7001d370eff9d17d7c599e431bc7f9d492eceadaaa41147c28a,True
1730828020.1275237,d8a0e528d1b8280f8165b2937e4947c7939fc74aa1929da7e910ab3d264d63ba,True
1730828020.1741529,412ac73a3742d221d230da7bf0c43b3cbbda58027bace5a351c4d9d481dc7d4e,True
1730828020.5213027,81155613a25c16aa9db0910df9c4ea0d7e97e9cf6b4e9f9d6deae101b8a3361c,True
1730828020.9374828,d416bd5a1256c35142fb5f6b83ed3e3fcc4e440297ab90634a7124ff42650b34,True
1730828021.1187305,9c2b7dafef102319b6854f2f29da2da587bc84dadee99da940cc37b7ebc811e2,True
1730828021.1536162,418ec11b516f05ac01aa79d34452c9751bb60f07f9b4e8ef6910ab822df55401,True
1730828021.3622837,bc0af0880d1ac978915b49000712ad28e1fd34bdd6b6f80a9b78e0742144bec6,True
1730828021.5934312,8b02ea7d938e39e9b7f265ece5d5e6f5770a891dd060e288689583324cfb2f9d,True
1730828022.1287286,a19c24ce48a72e6dbb898f614166baf6e055b66ff4951517312b50b495d0c108,True
1730828022.1308215,f371aa1ba5d0b1a1e437db9e243f5318c8c1d57c00e1b39450ca1e3eb6ec4917,True
1730828022.2759497,3f09e621d9fe41ec288e078ccd2303ffa113f05b3b18fca41189c2d40512a25a,True
1730828022.5091972,d22b4d58f0d54e125701b4ac3fea70942a6233a01e9ab914e022b7ae0bd25d61,True
1730828022.9464023,c9030f87717757d8dde58a74ad5fb9c696db5f5e51d458c413904934731e67bf,True
1730828023.1592584,017a5535ef9b5bdf0a33a2f0d3e67f5aee640d0a986f9ae82ad17dc5cee6daa7,True
1730828023.1961389,b12af27180a38c5701783ed474f888b1c4f40841e0ca91c836850820078ba738,True
1730828023.4191945,1a1938fa7e9e29211a444486c83abcf938cf2da339c9be0beb5708613485f7fc,True
1730828023.644483,7f4a4604a3deb652aa790fbddbf3fa8ff7d5712435c28ae7b161110cbd922ef9,True
1730828024.1539037,a6431d9b5c8e5ade4719eeec969d84b30eb32da86dd89bf03a359dae464c95f4,True
1730828024.1566763,f6b3878005f08fbafe6ecb09ac666d8b02a14caf82147852274a08ee4692ade3,True
1730828024.3277915,ee979c10a514cb273d014ae4bf2a27bbe38a1e18009e0b7cfb9869a8e4a2ff10,True
1730828024.5644982,2aa251f84dbeef238862e2a3bf51d629c86fc72881439cf6f7567e591641b29e,True
1730828025.1448498,1f3c09590bf8013271ad46064f60e7248fcb7ed73ce496c1fa38b9d108b3d753,True
1730828025.1486497,0baafc26a78e845227b347b4ca9b95e7dc589c4cfc2cfe928bf614ce48bdc1e9,True
1730828025.232382,bb59067b776e9b59c191341d33992f63e39e3dc25e9dd9be4431720dcf3b2b94,True
1730828025.4644785,d52f469f794d04a01cf487f0b80dd521536cecba5a0d6362a9dd03d31d247b45,True
1730828025.691311,4b8b5b2e3965e221e4e673fead0381c5161b0aa2eb0fce92f10d818009d2a586,True
1730828026.7166667,1dd80e910dc622a107bbd5d5ebb199f4dbab4c7e78ad1ac63ea63103b027cbdf,True
1730828027.1471822,39953e56a8c889d2e0675a607ca608eb66a6cf1658b5e3e5fd53a01d720f6a86,True
1730828027.17261,82cb15c56faa007bf366495a4ba591bc958ed0edc4f319dbbe9b6a999de0cb04,False
1730828027.3909154,21c70b8a92ccb801b55ea2341922249052092207697b97d2142b9f13d86268ee,True
1730828027.627974,2b90e0f3e65dd2813151471ff2cdf840c8ac7e9e24f24b7d3ec5c432e3626095,True
1730828028.1453695,a81c38646579174043edba59e765dfaa3d6017897f5111723b2724d233c84c0d,True
1730828028.1474793,818ab6c3224025eb591e0244292a9d4328badce4753358a3aaba744b09f18370,True
1730828028.3271623,b9d888ac1daa71129e137e818be5543e905c7808daf8ca27cdee3276bf5ba26b,True
1730828028.565712,c82d12ef607236084fe8b3aceea2d4eb63bf2238d153881770b2d5cb7a950b4a,True
1730828029.1607032,b667e4633ae14aef00ebb206933c5f9827efcdb2fe2b975d1a7eb1026f5c5a3e,True
1730828029.1649444,f55a3f740106171ef06c6ffd037aeda7a83599bc2be428b5df1475f264d7fc33,True
1730828029.241048,dc3072048c6fe142670e9b1abb026b82de26b193c89c0658fea5ff2b0a4763c3,True
1730828029.4682267,a7940fbf3aa24080eaaeaaf5f79615f4970e204962c2f36b547434f12e68361d,True
1730828029.6955333,98f299b252dbbbded25034100ce0585d02d9ea6c2fc8f397957d4c5d54c31244,True
1730828030.1660876,e1409aa16d4335d81fae9c06445fa2c9de559cd62d1deeba7cc6c6b8870a0869,True
1730828030.1833932,ce6da01c77339d772706eb8d006e0c318d61bdce1b330c87c9ede0e65e0d1f60,True
1730828030.3407843,bf4e201d78020cdf088d8dfecf2fc68989ff1ee6ed09a2a7eb81f556acd43b84,True
1730828030.5691824,b410b8fd57f0d6ed1c0f086413d8b873266bfe003b5ae15f4f30499ecfb39919,True
1730828031.1546874,ca3960dd1983dca3d7473f0a37c5940bdb2b24e4caa597959c16579709790eb2,True
1730828031.1595192,ae152b1f9caf49ae56c095cca4f0bf9ec6c33e53472426b3d40e9110750f9a97,True
1730828031.2689345,891e95979abd0808091327f2c9c6f5c4494aaa817fe3a0548a6f18af35c57cbc,True
1730828031.4982512,276d46933cd51c0dd8a41128188e61e98108a1b8898b37f38c45f860aea0af16,True
1730828031.7385962,07aa3655112b3c5cca786e0890443aac25aa66359540a7c4688afc5962a404af,True
1730828032.1653702,b4e1f1c3d552e636d1050c4cbf0b45a91e0c3e0b88cba72bd937055baff893f6,True
1730828032.177745,11de88742f8ea4fd67ed626c1738917fe76004556e5b856f1fe2ec2853702842,True
1730828032.3821337,362cbe927bfd1d09699428decb68abc245b790063e359685071e4467c8691723,True
1730828032.6129403,231b3f1d3e9d572a69bf0dd9bfa7ff2a0923ca5d5c7ddadf9f57620963bd0ff7,True
1730828033.1730328,4758805222500a82ff0ee464f39837ac3112abb2147159afcc524e4cf3a42d5a,True
1730828033.1743639,4317875b09c3ac39fb54890bfbf7eefb5436005ea7469e1ff6ea923d53d7a007,True
1730828033.2650857,155a2be8b34e124610943c56118dfdfb9e72f243e3e21c07d685ffe0e12c786f,True
1730828033.5109346,37da61aee1d3ed66beb78df4e9092d4ccfb88d1de7665e260542fa390e961da5,True
1730828033.7525156,0ff82f5c4247a19dbbb405a39b4ba13513635842032ae7ed051962ebdddac57b,True
1730828034.193434,a179e4057316709d4edee2ee4d45b2c9f8d4937fe2836c1a26d9faac8074f461,True
1730828034.1949928,3660515980b647c7162073d1b244368da87cabfeb8da7cf47d532a1d8a89e79b,True
1730828034.388492,1fe113dc9a61a51ceed8cb57dd53ee6daee7b39531d94bce93df9b265b67854f,True
1730828034.6147864,872a53e56b38911b91e9dda8916edb368c9773122701dc5f8fa2359eefdf20a0,True
1730828035.1828492,1a2d73e0a57e28d61c9a73ce71281b8a89a12b5e2e98cddb75ecf904952e0b65,True
1730828035.1840174,12957bcb3f8831e3a93c4df385e689841bb626299dbc106a726e5221c8aac356,True
1730828035.27798,df884f6c74b4500f90194476aca61b83122f5662abb99209b7d463de02e031d5,True
1730828036.2189908,d050055ee0b5102f9fd23da25ca727fe5ba1adb29a6635019b4a39ff9c075c34,True
1730828036.2242873,6d0d480e955554d2489ce21315ecc1183897bc5ac9bfafb9f32680584612ea87,True
1730828036.4493093,47869145dc1aeaa1660b74d8a744d8ca4b3032e6270a4c2f3ef3385be39f880d,True
1730828036.6811035,c91fa8d77b508f8310971c84a0e861ca5c5f6af572155a6228919c9c7f0dbe49,True
1730828037.1901574,c584f26ba661f109d6f1a74144bc6a987446b6899089fd51ef2581649f9f2fdf,True
1730828037.1958237,24187ba4ef08f1ca6b84c31c91e17b1a3d28867224a2faba3f6a842f131f94d1,True
1730828037.403977,35af9769db7ecca23a261f0406f43b0786c45a07610657e3e569bad13da11c8a,True
1730828037.659867,d42702d156e5f4878a9ea448ec23b32e25843817f715622ae08b19ffc68bf6a1,True
1730828038.1877427,5f6d13bb2f32ad98b2104403a362f9ae5ce12420a774e3918c89cf491aa6ea99,True
1730828038.1927826,cb283bdde29077eca7247f326d5e2e6d35c50b3112421b454349ce0717edf6c2,True
1730828038.3578997,fbbbe1ded496737c647544e651bea723441a28093c77894d1bb91f4973cd0c81,True
1730828038.5880468,0bbe8add28be1c158b33f320f4b9a416694e86a84d57923f948d49efa0a12729,True
1730828038.9857159,5be544b93089859528a0c802d3ee075581db9be95273d40ccaead03ca3fb4cee,True
1730828039.196605,3c139075a3ea3a24adb797f589c0a3b11db1c04f2a7c702a138a221205c84f8e,True
1730828039.3935206,957759afdce7d7a3edaac93a5defd0f09dc977a18aa1adcf0c034e04dd7c445c,True
1730828039.6219532,5cc058f0782be5a5bf29c4aeae1764416950649439dfc0df2b5518dcc11674ea,True
1730828040.1891258,f62c22dfa1c08d2585ae26eef147d95dcdc9284ace5e5688c8a983a426350865,True
1730828040.1904254,930a9f02d74127fa1758d81f6451596911d17c9f4b253d3f9643a661f07e8d01,True
1730828040.2881622,f1b51919890cfe4de827837d387fadebd56b98a7e78eb92fa9854c569c46cbc8,True
1730828040.511743,3668adee7b7ac89003b49088ddcb514def7f72bfff1e65b8780e2aae6e8963e1,True
1730828040.7438166,f7bb184bec8f10e20e0060b42c25d70aff9246d64ef8abf2fb4635ff89b9bb62,True
1730828041.277177,b2c86512e872ce966f2ed2801396c3788c76eb5f22d84327a5752f34dd8299b3,True
1730828041.2826777,65d0e161e711872cecb3bf7a0066a548e3484febc59549120b0aca083ed140b0,True
1730828041.4138193,252e0a45ab6d6e7d606acb608d82f81ee7c10e627a57a0348c05c597950e9003,True
1730828041.6356597,f8f832b0f74e678c55a249b47b62dfc5f9100d555eeb523f3b0afac3f80b63dc,True
1730828042.218169,f43020848d584af780848d622f858fa455991b8bfffaf992680bdc0c8079bbad,True
1730828042.2240915,e6977cd96a1484daf653fbb6889d21ec3cd6c4ba5dd9e009c21c219948e38fd1,True
1730828042.3132968,b203e94be66d33ce487669fa10af2aff35ef1cb7e232a7bdb20319615d2ba52e,True
1730828042.4009538,2bd5b4d2fe341a13852820d313abbffb3f5a1d5f1ef658a399845a4bffb58d30,True
1730828042.5713468,179f209184f9623c63ba84af0aaa5dcf045b52ef750a32fd0fae4e3470edfbe6,True
1730828042.6642358,8efa354043ad4f9e5a886b850a4323a1632d00d828509d3aa39d67536e21f6a2,True
1730828042.8020623,23b89365ac6bf59be1b9a3fe52cabdb4742819e2b789d7753019498945d3531c,True
1730828043.2230322,c870e16d0cb00015306c6573868f173016747d87930bbb1aaccc2dafe17b3bcb,True
1730828043.2288814,86d17e8b9ec0e5aa74d76b4526bc693db1bad931d8cc2ce488c02ccd05c602ac,True
1730828043.234275,cdff8cd5bdb94782cc0356b032bac241ae8fd7e3b34485f2d7801e2fcb6f95b4,True
1730828043.257174,40e2d225033bd4e7bcc00512912cd2cafef2ed2ccaa639debf76164080f245e7,True
1730828043.3594074,2c4d038556310d7f481bbea49a67baa8e014afdf822e65bae260968dd07356ef,True
1730828043.497352,200102984efd40e3064086b458b987f1c16a419fc52013f288f93cc77e7be50e,True
1730828043.5835338,24429a579532fa7b3858fabc9f51dd120c4b5dbea078e36aec9b65afdc92d2a3,True
1730828043.7199504,bfe89373bf56a8b8baf6ccb08ddc8c6cb6deec250256c2edd2eeefec1d05fb65,True
1730828044.2516158,e71f4303b2e0c66291a9cf354f3c43adee2b5fded8a5f63352f2aa1a284db6ca,True
1730828044.2581975,e8f43e140c2e5a6a1b8eac9ccfcbc7aa8030c53be56fee41e221926f0325e926,True
1730828044.2602656,e6ca9aede9bb33ad0db54bf7092525877fcde0d87c3b37dc9310d165ccff218c,True
1730828044.2649345,21a6c7775fd6c7908f45c1755720f4024278248c83441eec7ae0a3d86d07959b,True
1730828044.3411233,827982cc2828044aaa27042c27053e53005b288053a59f45972ec9ae559f555a,True
1730828044.350045,6eea3d9ec25eac891cfb5e1490cd4f03de095f91f33d5f4b4889104a19575d58,True
1730828044.558766,22f51e9e4c0675b5d3cb06bd44856bc70dcf02b73da568dfb136bd146db2f228,True
1730828044.5733476,abaaa6bafe41a346f05bd00bb37019846ffe2f5ffb58922d956af6b006fafc29,True
1730828044.7853825,d6f6d644f7598068635462b0486bf3c4ba5518e10a64e02056c9dd58a8d63d45,True
1730828045.04392,3bd5f1255ccf3b210435ffc2d34c1932da2c017c151720e70a81c118c163f36a,True
1730828045.2443006,fab5fc32e50f153fb2fc3a78e72221cc0e9bef913fe25312ae35248cdd5ef8ad,True
1730828045.249824,26986f29bc974e4cadc8ae924461dbd9ba0064aac34fce830cb1ad8bb76b0e58,True
1730828045.255808,f291b0346c22c1b2ba3c661297f8190723e3e2c1e16b0c225fd8e98e0cf43adc,True
1730828045.2618284,4be3edb7ce3374e06008b201ae8b0f51dbd4c0fb3dfba6de7595af0c5433cdd9,True
1730828045.4334648,b8d1a8aa3dbd4a94455e9a4b630e72a22d1e12568df3628a59959c05eb20c17d,True
1730828045.4349597,ee6cb82309cffd4a1bd9f61a6c8719a996361d42b1fd715e4b9fc0f683ee6578,True
1730828045.643503,e488d9e916132d71737b3b6bb8f9ae8faa48c8dba735e64f9a48dd9c75b17b2d,True
1730828045.658742,27d81691b4e64ffbe57137aaf8613319ab4f3bb57b510a6e75005412d35b6b1c,False
1730828046.2234588,e201a58c9bcc0f826e1eb1d3438b3cf5bb77528fb3c3f2e88842178bd934f70e,True
1730828046.2252445,86ede8894e1814403590be6ca0486d741ec19fbeedd4ff668f899b3322bbf7b6,True
1730828046.2290368,2637cd677faa4db2ada8ae2d210fa161ea5e119dfef35feae8f763b9c3d3ee83,False
1730828046.2307668,cb922e9e789c6e91d5f94d84629f46fde5735e6697647925309e47bab73e2758,True
1730828046.343385,f7a64a8baec93d17f965f87f11159ebf20d85ebc6ac7a4c4db3a2bf5ca589fd0,True
1730828046.5183609,94baadee6b21550e78aab0e20450fa33d5acd39a9c6663577723eed984b24d7c,True
1730828046.5435202,ef9b8a28c1e89e8ae6e027d2f8a5af35f520cb7d8f3d5102318b0ccffccd450a,True
1730828046.776895,d463b687383f2c9505b5aa78f2308ff5dfd95854709b2547e7f97c4fc4f7b5c7,True
1730828047.235656,58668bdabe0f8a075876d61dc475a3f80f8e23f74720b840ef22e2aec954554d,True
1730828047.2374911,ba720c935844fa6c456023eb5ae4c16f600b17f079832591d8c9df6f1b9e2832,True
1730828047.2632847,47a523bd35352822c1003952f51f12978bb51631248356704ac27bf9efd0fbf6,True
1730828047.4202461,a7b8cdf1aa43e3d92d5be97342fa28262ff63af5ce38655393d65a825fe794b3,True
1730828047.5062535,98e202fe7a866f09267a99e15634f2c435f83ec18732e50cf52317913cdf0648,True
1730828047.6462638,5ea681fc2ba9ef20909ef91e5fae3ffcbe8063c4411ca76e13c9ca3f523b9817,True
1730828047.7451494,0312d34c29fa2db5ae79905f2fe8b3b77fb715f5d368c6dc67b77140d7743320,True
1730828048.0495276,fe71538c73fc171fba8182b7483767790d03180b32f40adb5555c4a558773a77,True
1730828048.2534823,ad88046f4825a0a7d1c2da3fe1a380b7fbb5bb0c403526ef4fefed74bf342783,True
1730828048.258044,f95d03d7d8c326d3d683b58132fe718ac13bd959db6ea294eec9420cb4df56f9,True
1730828048.477414,f6db45d62906a530fa503eee7e350db3932ded29fadd3a500f6c77aabfc91a41,True
1730828048.5551934,b8a2431b22a45b7b7873e4ae33671a52d2a10c13c1132d0cc558754eb4a63477,True
1730828048.6972022,81246e7023c8a1d6996374cd631716858aa11958e54386344aa46e15a50b4801,True
1730828048.7717555,d5834a6a17a4a2823793128454b38dafff2b4546fa2277788a2d1f29766b69ea,True
1730828049.2724686,6ef158e3a22ae1f5921700dec9a7a54b7e5864077f216de566d1c301887d0471,True
1730828049.2778997,cde088d08b6e44127f6d307a48f4309df64d220f5841597ba7f76cb80e8399b4,True
1730828049.283099,c73e323b220e8f28cebb03c118dc698e67c07534cb7dd374ecd5df1440d63ab9,True
1730828049.2883174,ad9642b13d70159a1a2846224d061e2e07eb76f8fdb3556a71c43bffaddf373a,True
1730828049.432465,fe71538c73fc171fba8182b7483767790d03180b32f40adb5555c4a558773a77,True
1730828049.6487086,ad88046f4825a0a7d1c2da3fe1a380b7fbb5bb0c403526ef4fefed74bf342783,True
1730828050.2757323,f95d03d7d8c326d3d683b58132fe718ac13bd959db6ea294eec9420cb4df56f9,True
1730828050.291591,9859c52fba2893b46957b44709087c8bc6d392fc248fc932cbd911c4ab2f034d,True
1730828050.3028316,f6db45d62906a530fa503eee7e350db3932ded29fadd3a500f6c77aabfc91a41,True
1730828050.304914,1f9ca77d501b029c142d2fa848eaf33c0ba82f15765d8ee8701c88e01799ad28,True
1730828050.3136346,81246e7023c8a1d6996374cd631716858aa11958e54386344aa46e15a50b4801,True
1730828050.4287217,0b3cc826fe85748e80032676283a5b88122e764c9da8df1a1dbb3d8e107897a2,True
1730828050.497172,6ef158e3a22ae1f5921700dec9a7a54b7e5864077f216de566d1c301887d0471,True
1730828050.6661968,6555520e06c621f7fc869668a396a204bc05e081f3f2575e19c22935fabded9b,True
1730828050.713984,c73e323b220e8f28cebb03c118dc698e67c07534cb7dd374ecd5df1440d63ab9,True
1730828051.2392967,cf29af09dc641afd02b9303880fcbfc463db7c7a68dc3a75f0b1d2a41b0d69c7,True
1730828051.25501,3ef6bd3ae5707a59b14e51213088542200924fc58ab6e8648e21bf676ce7455d,True
1730828051.2624195,ea97ba1480f53b61ba4cd2966790f6cc42106f7d7c13dac3a5165c8c78380544,True
1730828051.4952781,1f1f40c630d0dc55d94dbaefda771377522e90cb28269984f44e1d13c86ef909,True
1730828051.5870128,cf29af09dc641afd02b9303880fcbfc463db7c7a68dc3a75f0b1d2a41b0d69c7,True
1730828051.7138066,18fa502a2dd20fecf41d22851c3c00a174dac2a43ba8ac00f5a4c0f259b6a185,True
1730828051.8054812,3ef6bd3ae5707a59b14e51213088542200924fc58ab6e8648e21bf676ce7455d,True
1730828052.259559,dd514100c67cd798968774da9ef2209cd47f6aec331e9402dc52815ef8e896f5,True
1730828052.2645626,ea97ba1480f53b61ba4cd2966790f6cc42106f7d7c13dac3a5165c8c78380544,True
1730828052.2839882,85f05d5346881caf4495885b2f27229403cbc4da2820fc3b3feb88624cfbcc11,True
1730828052.289365,1f1f40c630d0dc55d94dbaefda771377522e90cb28269984f44e1d13c86ef909,True
1730828052.4022048,0429b692b107baf9bd9ccb5e989c82337ef896df6c900b64f918ce7e6b45162c,True
1730828052.4418647,18fa502a2dd20fecf41d22851c3c00a174dac2a43ba8ac00f5a4c0f259b6a185,True
1730828052.6277578,bec4f35dd735c6e4f0f3f14002d9e21b69326081bae0aabe383de53a91169df0,True
1730828052.6482823,dd514100c67cd798968774da9ef2209cd47f6aec331e9402dc52815ef8e896f5,True
1730828052.8419435,a460758fc7e713a5a9a37be191200765824d883f2d9ff10c61d311e6757e5815,True
1730828052.8821895,85f05d5346881caf4495885b2f27229403cbc4da2820fc3b3feb88624cfbcc11,True
1730828053.3769464,0429b692b107baf9bd9ccb5e989c82337ef896df6c900b64f918ce7e6b45162c,True
1730828053.3817923,83e33e99a680feecefaa1769bcb81be2525eed9832f9666b68a49d8adbd35aaf,True
1730828053.3869455,bec4f35dd735c6e4f0f3f14002d9e21b69326081bae0aabe383de53a91169df0,True
1730828053.39206,34c90e9fd81121e104f7cf392246d0a7d25c9ac43aab09a2174e490a1150e357,True
1730828053.541989,a460758fc7e713a5a9a37be191200765824d883f2d9ff10c61d311e6757e5815,True
1730828053.5607362,bc91a29fe79b851c11405fe6f543a9f39953ebc1863f76cd530f55ea72de5332,True
1730828053.7673202,83e33e99a680feecefaa1769bcb81be2525eed9832f9666b68a49d8adbd35aaf,True
1730828053.7682092,293c08ac907ff056adfd1f62401dd162ad2cbe5cb90a25526474e431b498d0e1,True
1730828054.2678912,6eb0f1b3b306fa5001497b34584e4295de5a5df7913833360c1c52b4ce56dcfd,True
1730828054.2694404,34c90e9fd81121e104f7cf392246d0a7d25c9ac43aab09a2174e490a1150e357,True
1730828054.2732656,bc91a29fe79b851c11405fe6f543a9f39953ebc1863f76cd530f55ea72de5332,True
1730828054.275296,493dbe49ca4d2a4eb86a27cd0b3b54cb9067f9e0cc2171910b46e92050d4d240,True
1730828054.4320614,16e0645cc1678da14effe950efb6b97e11de99eaacb28c5a4ae9a5852ff288bd,True
1730828054.4458468,293c08ac907ff056adfd1f62401dd162ad2cbe5cb90a25526474e431b498d0e1,True
1730828054.6413043,8c28db2ce543d952a67ee920a3f329859bb50823528ba3b2992169afb5fd6443,True
1730828054.642271,6eb0f1b3b306fa5001497b34584e4295de5a5df7913833360c1c52b4ce56dcfd,True
1730828054.8384454,3b473c37bcde9c7406cb9870056f903d2d65b7cf9ccbb53819373069098bc7d9,True
1730828054.8400295,493dbe49ca4d2a4eb86a27cd0b3b54cb9067f9e0cc2171910b46e92050d4d240,True
1730828055.2783117,16e0645cc1678da14effe950efb6b97e11de99eaacb28c5a4ae9a5852ff288bd,True
1730828055.2801166,b9ad27c2c278a6ef7f39aadb1ffa0345eb0f26ec1346a2cfc163f30715c64568,True
1730828055.2843025,8c28db2ce543d952a67ee920a3f329859bb50823528ba3b2992169afb5fd6443,True
1730828055.285731,6539f6f54da14d3fadd19e22dbb431ee773dde0e6778ca9923ece85d12408a54,True
1730828055.477606,dec0f936bf3f49033da0067cab57f04b126c0aad2937244656db800a91f077d2,True
1730828055.479183,3b473c37bcde9c7406cb9870056f903d2d65b7cf9ccbb53819373069098bc7d9,True
1730828055.6935477,ae289471c0057c5d30ed9f852ee9a831574f11d258fa9471949a9f118cb8df8e,True
1730828055.7053885,b9ad27c2c278a6ef7f39aadb1ffa0345eb0f26ec1346a2cfc163f30715c64568,True
1730828056.2808049,6539f6f54da14d3fadd19e22dbb431ee773dde0e6778ca9923ece85d12408a54,True
1730828056.3020737,95298e7556d5713bcf8f9c9dbdf1c7fa09c8383d6070b56c32eca7bd8429a16c,True
1730828056.306985,400c3f8f1b22a60975e5de5688b916bc08659bc9aaca89639d910ecd410de600,True
1730828056.3129828,dec0f936bf3f49033da0067cab57f04b126c0aad2937244656db800a91f077d2,True
1730828056.3145351,21a9702274652b1258e767aadd8af2bce7bda9e696c871f9de3589a45364cae0,True
1730828056.3183286,ae289471c0057c5d30ed9f852ee9a831574f11d258fa9471949a9f118cb8df8e,True
1730828056.499895,95298e7556d5713bcf8f9c9dbdf1c7fa09c8383d6070b56c32eca7bd8429a16c,True
1730828056.525356,c4ef1feaabadd459b802beac05606806cc952e928cadb6b855dc9c8da7a0ae53,False
1730828056.7138884,400c3f8f1b22a60975e5de5688b916bc08659bc9aaca89639d910ecd410de600,True
1730828056.7462103,7e7a255a6633568115c1e5147f0a7d8456bd5f8e521e486563ea05e8457818a9,True
1730828057.3066742,72dac490256d03118875702b90ffaa37d787310632ec2b53a832ea39cf2d3abd,True
1730828057.3078787,21a9702274652b1258e767aadd8af2bce7bda9e696c871f9de3589a45364cae0,True
1730828057.3132443,c4ef1feaabadd459b802beac05606806cc952e928cadb6b855dc9c8da7a0ae53,False
1730828057.3149858,f225aa9ea81729c0901b4c499849b5a09b0f6190e740e45340fee8979683c91d,True
1730828057.3376062,7e7a255a6633568115c1e5147f0a7d8456bd5f8e521e486563ea05e8457818a9,True
1730828057.7208028,72dac490256d03118875702b90ffaa37d787310632ec2b53a832ea39cf2d3abd,True
1730828058.3141432,f225aa9ea81729c0901b4c499849b5a09b0f6190e740e45340fee8979683c91d,True
1730828058.3197596,37dc96ac49af4f766f9f4cfc3ce12fbd41007cf15a85497fce408074f432ec73,True
1730828058.3248467,75581c1f3f3c1e3dbb255e08ef39967b9d4396e4e934cf5c604b188b9493669d,True
1730828058.3875175,d49d504d8e4c464817c5c6be51ececcfa3584f1d77a547cb5e349b1f5b5e6bad,False
1730828058.785151,32bfe179a22eeb2d055bf5c70b28b8f21f52972c99147e0435cfc01c2ed5bf3a,True
1730828059.2957244,20e5e2acb4dc03a207faee0e4b32204bdf3cf46dad48c39953978c3da8fb2eb8,True
1730828059.2980046,ea14715831335b453e7956925bb61d5b8b0a7ae623a14c38ac5363fcf7d52a63,True
1730828059.4623032,e924b714035d16eb0212a45323188f58e5b7e5f1e021078c591e22b61a6b936a,True
1730828059.6877823,ae174780ac37c90a9046fb06eed45ccb863cb8101c97de92d32ec3303a0522db,True
1730828060.2945137,b8857f52fc88e2adbed635fd4170698071a47286fbc6d518ea3df66714a88df4,True
1730828060.2963815,7fde07e54f1800c4e8ab69df9132ed82aed7b25d63f4958894fceb4af154c626,True
1730828060.344879,4774ba23ba41d0066feafcb2232a023b48758691e36e13f9ea87f5b951325610,True
1730828060.562937,91f4d52698d26935df4a5d44e34b38cae920e568517b9a191f52650f6a1ab75b,True
1730828060.7928548,796ca80821eaff0a2c18c373b6c876bc8738423a2354229a549cd55b5a61f89d,True
1730828061.2951934,6d8eb24249810bc84a95fc0c07e613806d048016dfbd04375291d299422cd27a,True
1730828061.2969677,7bf1481e107da28793406a9e7472bb1c102516b1e0aae4efa4cc3473a1571a83,True
1730828061.4724233,cc5c880aa956f12c1ca594fb16160a35251e1a359bc53ad4dd0ca3af6eb2f3cc,True
1730828061.7015624,ee6883f56e522c931649f3d1cb5e6515a5c670e1e37b6357be2048879bdc3b33,True
1730828062.305894,a23cca20aa3e28463d5632fa73b7ffef2c61d20589bcbc8c9ca456379cb2a0de,True
1730828062.3105254,2324d009ab2a2a28f950362030f296353ea58ad40ca217b80e886887e8a4dbd1,True
1730828062.4633875,64a256ec771bf7f79ede22ea3947e440cdd35a6a4ac1fd3a70e8630c16a60c6f,True
1730828062.7110848,d749913ad20704f86af5090fc47bd05c6e4b6e673551d6679df17e5f17b11deb,True
1730828063.106069,2d655749743f78b64cd216e9ed07f2d30715b2e101cab1c49ebbbc61600a1b3a,True
1730828063.2996416,6da3ed1a1a24b012b6ac6e22fd454592a5c99d7438276536d4518c9236f1c202,True
1730828063.4407952,04753d18e65a7199a3c3b1e1747e4ec2f011edbddaa2e9482b7b3fb9c57dddf0,True
1730828063.6721807,44d8557f4560cad61422fbcfe84f683079590797bc83057a1f8a5cef16fcb34b,True
1730828063.902226,08e9199efc81ae0fe46a7e1053e28dc6281f5371c1084d359c490eaf7e13b3a6,True
1730828064.3163455,3df4cd50177399690944ace21e6b0887def01d465b5750bd0e62484be968be4f,True
1730828064.3216412,b087a670573254f846c66997ffd0b683350bfb2264fb4c4a5c387f697b53b1da,True
1730828064.5576684,2da8ffbdc26d7be8c8f1b74871dd41dfbc250e7142e5926f4786de85e9783fc8,True
1730828064.7867959,797dfdab25075423b033798268cc1594a67bbb698356414167dbe4070eb1d955,True
1730828065.3317647,a8fd7259b6872c1937ba0ba5f87faaaf2594bb592e9790378a7e042c4eec44a8,True
1730828065.3374913,19e2c4b4b7c8a28472719bc86cb41091eaa02a70c36404a04cc5d4ac3b6d997d,True
1730828065.5190358,7dbe6133554a6edc471384731d14495ab72643eff5b0e33eabf40a1610e3861a,True
1730828065.7518182,75fb3aec953ad6a9b018a4a8264e6a27ab4f4b3c5352f6a2cf8f2c7eef5f0464,True
1730828066.4287002,f43a21aa4df7873aed00958760783794f0b72a9a651654aaac450f8eaaf121ec,True
1730828066.434329,8e61bd92712284252e1fbd6df7cb85e2e973fe161b7bfed8d1547ec2b2af6e48,True
1730828066.738232,fb7934ae4bdb2f89691178527b6438a2a0937bd65c2103c924003f0b9de44ce0,True
1730828067.3342812,5dcd59c5d78cd61f53ba517f39e12739bd8c362f8e54645188063c1e2ae4575a,True
1730828067.335422,1298b61d01ef113e7a64ba9bb47300c2d69e14c827331b088f97094a0eb68d33,True
1730828067.4266472,a504142407ce592f0cb7e303b49335691173dac9b13ce01559a27237a065d65a,True
1730828067.6597488,ad782db902fda9be3551d79944b2018506b490916765d6046dbe289debcd28a4,True
1730828067.9038968,1622520a6381250ede3a28d01fa194d42afa99d5fe8e3b2a138eaff65f3bf9ba,True
1730828068.3177845,4c868fe8b91e4903c0e7a8d850b6b37db0176b90c4f36f6fcac81ade67822bd4,True
1730828068.3226326,71b8c11fe9fd241838c556c334e804837b33b03d593a7de0dada9bd45cc92295,True
1730828068.5376778,7e316485eb11f926bea22f575122cee6f86f2dae63c14fa8e3557689249dad32,True
1730828068.7907476,4ce3f13ae8203f3782fdaf26a57b6ccf4034b3e378ea12e39105b2872035daef,True
1730828069.3356087,bb35618d5eeab2122e8045955d8c0bdf35b7a6d5032979a4e845be588f27cdb5,True
1730828069.336782,1db93f451a4a81e422f0cadb6ce8f2ab8930043ca00dde59c4ea36970f024b41,True
1730828069.5060737,c90bcdc4a91888eb4165b7ef593b906fff7705f02bbd5feeea30f2dedd8fd0a6,True
1730828069.7368612,a9b0cb28a633bcae3f2c67e2bb7a1d662e0012eff367acbec5fb5426c5977a47,True
1730828070.3106065,abc8948515f6ed677144380eb05d2a6a9b267786b0b82c0f95a4ddd005f55232,True
1730828070.3118408,3c1373271efff418ee812b64ad0dd014fca58ef4a2a3ec2d94027467f12efb3c,True
1730828070.4388263,9fa0e9505676d552613c7ee0eeea8d3ef9a7b1588b877a8222fe834633b7e5c9,True
1730828070.6657717,d87ba81b2e9ce98a78ca072ca4f33a81fe83df68f51b1f76d72cfd3f5b8e2047,True
1730828070.8859673,9bee3298ece5055f02b5e38e2a9ce8c476e8b7feaf17c01986f39c65b7e94038,True
1730828071.342652,fea3cc3e36fc9a517c54426b38f2403252d5b0f164822670078dfea0a6421b4a,True
1730828071.3495078,82c8587ba2f1b3e1c4c0634e9391ca927c0648273fc7b8b8146c561136726379,True
1730828071.5833766,bfd6637108ecb597e185aa3218e7b6dad9348193983df17cc0e0ac877291bf3f,True
1730828071.8124585,ff936f2ea91e95c8827964cc19bcbd82f5a3fc5b128096000892689f83795a04,True
1730828072.3417292,02db951aa38d7f5de246484cb6b3277aa96e9c0aaf5ffd183903b6ae2f40638a,True
1730828072.4413412,40b40028e2516991a3d43d6e00fec6d4806f32c892536dd83ecd39e877f9365b,True
1730828072.6572978,e195afb22465de6645077b1ea30045c0211e06d53c8c660c2d2b60f63abe17f0,True
1730828072.8951502,c9a636274ed6de2d217aeb2854f90e828b8c6a1149ff48411905848ee245cb90,True
1730828073.3299391,ac0cca6297a6380ffee0a30746e2d9cb1995ba168a2355103edb5689fa501e23,True
1730828073.330962,b5665cc19a1e2fa744da4619be1d419291893f62cc630519198ba704371fcf4a,True
1730828074.3361344,5537dc257da4046531a164feddaa1ca88ce155627cd5ac983e2a251aee5f0642,True
1730828074.3761144,f5fccece8a8d989aaac281c6d0360f57453850bfa9f5e9fa6b949a4d59d9f82c,True
1730828074.7987714,a9b0a86ad2ee8f4a7b4cddfa8a815d8860ba12e7f89d7f8fc83dbbb378fe79cf,True
1730828075.3581378,e18e309bf7191f9ddf17a119787bc4e8a82183904717586d33d2fc9f0ce7fc47,True
1730828075.3591063,331e05cd329aababc9a72cf000b28b8476d6ea16cbae89c948b7867c14711be8,True
1730828075.6377974,60417c94e3c0d3db154b397575998449d30cfb31d3248b61ef6d33e7a409af71,True
1730828075.8698826,20a9f5c2dafc91185e2e3b8c79ce271e6df338b1689459dcb8bae8b769105008,True
1730828076.3660288,1f21fd96dd339be50076d354e84d72624d585ade7c9edddf9f069ce9f339904d,True
1730828076.3758647,9299387faa5ca69cbc4dc24c4643d4682ea007766a2325f14f108229af554ceb,True
1730828076.6151857,1d0150f681838b8d2d7a90aec31ec12d2e2cd6c5cfc3a533de890408a72600f7,True
1730828076.833489,ee24443ac48b9cc23a598f3a698aceab870a5d07d54e2aafeb3c08e2d556a8e4,True
1730828077.382102,bdf48a0dbd0dffcc0bd6d01b2b4dd4cb65870d3880d3250e1797a888d4d3ec5b,True
1730828077.3890212,e7cd28dfd4827e9306fb043d02d8bd52c754f3ce1c48701802826ba867441db1,True
1730828077.543567,f739147b77f92529ca8b53b5ec66c6bf7e0f4ac256ab89592769ce9ffeb5e616,True
1730828077.7763376,fdd1c8241ea3a2554ebfc327398576d1b1ea0b910fc4dccf1d7f751a82070c30,True
1730828078.3613145,bfa2cdd07b410acc9ea87396a6fafd15fd516664af0fb1de9946e9c857f1dd71,True
1730828078.3753922,55721356fa8ccdc7ec04b36f0fa5091eec63f8ebfe851494be5b8f0012d664b1,True
1730828078.4186263,f498fddb25fbfaa68d02ca4a4a9b1d5675781edab30ac88a33b4fcf018b47440,True
1730828078.6896544,b1b85380f380996165b991aa250d2c587c92a27f61942d03dea9e88220653eeb,True
1730828078.9141283,64450600787831ea7409cfacb6725cd6447d3c36a58547c25b545061524419e0,True
1730828079.3849473,f60668721fd6b81d81402ea0adb14ff866fc64897345a365b4d9acc2a8cc503f,True
1730828079.399298,29e47ecdc24458cdd02fc385efe21997ebc1894944842cc7ea2482b1a7ff0389,True
1730828079.588244,e8cb55fa9e622011c856e9e4a6e1611fb29c8db46353aa02c629040b4755791a,True
1730828079.836007,c56ad41896b37e3826304284dc9713eb8066587dc8317058270ea071e65994a4,True
1730828080.4115663,2ec867688b2875752537e3d4367ac144d8f2ae5bac75e995b63be8859a691bec,True
1730828080.416404,ea40f7d8caabbb68420b5fba4f016d1a6b47acf6d38bd0f8b8a616314b389101,True
1730828080.428726,ff7ab46131956fd3ebdbf606e05407b63d4b662ef800af65cf4bbcb496f0fbe8,True
1730828080.6278348,54702770b81574fe55e1022a05a67b77099d159e4df05694fbcac2087299cdb1,True
1730828080.7412045,6e0efb05562dda63c06383bf78bc74e9f87bd5f413f5ec5ac87951d7a33628ce,True
1730828080.839608,3635b61420c92a39c08929d8d5360a94bf3cb89c2fe6c4859d612fff00b5c307,True
1730828080.9711711,5842dec1b164aa7f0231eda8738f47be8500f34643d8bc63a67ee1e4b30d7516,True
1730828081.3816993,04c2a4dc73c5cc6f562be81e7ae19dcb931c7b856b072ec79faaccf1d57c7528,True
1730828081.387534,20a85e03782b76118f059628912b2c5029d8c7d5a0c06c30ac0c357a2b870201,True
1730828081.3909855,d2b0cfffeba35d88acf06cd1430e64ee703258e4ebe14bbcd0b7557ac4986787,True
1730828081.5140145,76396804ae2ae8f6b84beda3d3126cf61276fdd9056b7217be23631cd0db9b9c,True
1730828081.552855,abf5f48e3adc821d00a470c3a65420e9352638a806c69b5dc92b81af654fb16e,True
1730828081.7292485,83a61de3ccc20f7ce6f5715eb002d73649aa1f24a05b89921ed44393b7a2582a,True
1730828081.745423,79e8fc001dcf27531302711179842b63bbc1ad52347e81326a6a52a69c901e18,True
1730828081.961892,10d3e42ea139cfb0813cc6c9c2ec94b0a8f1e67bdef8a7ec977837974d1b11af,True
1730828081.966282,491890557ebfa4d965bf0ef423e4e9cc9b6e7f62349fcf28c1d050736c13cda1,True
1730828082.3966181,12a50442cbf5e216406b652f43abc7e1275f87adbb7c17e1a29340f83539b768,True
1730828082.3977518,b64aea1f656b0cea9155aa0359f0c778178e083d88c6062bc334ad79bf69d1d0,True
1730828082.4023721,ece4cde48be137cf74a3343e50fcd1a811dc84dd7a58438cfd90d9ccc753e856,True
1730828082.405222,3fcae0a3805396727f45bab5b37ade5c09c653e223adf39b10dc78de77e154c9,True
1730828082.5928683,28fd85db3f77e2c8cd4069ee8318ab9c7aef78f4eb20115a9796e520a2d15d1e,True
1730828082.593894,8fb2d09c49e5fb0f6eff4e10f5a49ada238ce32cbb88dec1b2b5637341592fbe,True
1730828082.8221667,b51c21081e91f5a6b6286e09d03d8a28f01872dfe059159a55ac3b5ac25641cd,True
1730828082.8250546,46ac3990bc2b0574f128ef62b012e564b94e13a8d3dd161400bea1cce4f64434,True
1730828083.433583,cd25bcc38e5a6b649db5d97a7ec207cc9d8e3fcdba0f858745ca089e14f85f44,True
1730828083.438351,460abe111befd5707eeaab456b40e9d409579d02e45ad2556dabc22a12ff8af0,True
1730828083.443578,e3a6700dbe6e1b8d48271b42a5875f777c6727f7572c4f9f6e8e0c9be298bb9e,True
1730828083.449479,f53cdf0991f2ed4dec57d0112324ea13dfd24ce54076fa70a147ae4caed4f149,True
1730828083.454303,dd1fb762971e1d42c3ccba201a6868c6a92a1beadce1ce9189759cb79fb9b73a,True
1730828083.6802018,6c32d753c2e53d1e4bb177bd2af9e272f35e8750a06729c088abdd81b86be866,True
1730828083.8852417,83508fe068de24c3dee63d2621b85063ae9eb91e2fe53c515d9cf7e48421ff23,True
1730828084.3933449,7bc6de669b7fb47bb36021f86fd31de5c9850cb76f85dec42f3d40b0f78dbf3b,True
1730828084.3984394,98232a17b261a8edd74c0a58674a64919aacf73d91d395a2c41e3501821d6eec,True
1730828084.4037166,7dee044180986e11f4f307e43b2223f7800886245112ed73e57e4b27eabf2b8e,True
1730828084.5685759,94cb47d1aa841285e16006b7071ec36db2f896366a76a9e72d8fd99ec8dc0caa,True
1730828084.5730114,916e3071252326878732a1ac3d948352c7b944d8afd58fed297a01d22ba7ce08,True
1730828084.777261,7bd164f8555fe091f4b5a8c56d75b55c552a56ad4d1babd662c5a9ec28b76bbe,False
1730828084.7826574,4f22f16eea4881fbbe9e71ead7653d8bd63a8783d478a4c9dadb6421e35bbc4d,True
1730828085.1881757,558ffe7d7e16d5cae880f98d577c6c4798f4f44fb43b9f2ccc3a9b2945d1f346,False
1730828085.2071395,09e2eef20a0fa3191c64bbd30e68036bd32b8e274a5e42b7fd6e6b4ad74a1817,True
1730828085.4103487,a89fbcfa6b85b9150904c3c3f9a05f8f52fd6dbf6d082231a277a281b29c51e3,True
1730828085.4164615,155499da0c9c8648e6ed78795fa5124b3a57e3f9ba02ded4b38a98c4356fe28d,True
1730828085.4186032,f8a62aa9197a1d1636be80ae97e361ec43b75046c3bc578f72b2750b14a3d7ed,True
1730828085.4235048,3c6651f1fe6b4c52d9fb88d4a81c2d5923540551e6fd74c8aed03f5461e14fa4,True
1730828085.6039088,2776792887ac42f1cbe96134b42edee40ca3c0b1ba50bb4d02faf085bd77f37f,True
1730828085.6330721,fe3e1ca30964fa68e05aacfa155c90e7478c36c1725f35605431a8c1d90b4e9f,True
1730828085.8277643,8d7385243c1033b625dcfcedd6f1c5d28e6f73345eaee7b4e68451a776544075,True
1730828086.2296095,b92bf919e8f5513120f078f0a7368a2228cd7cfd2201889c97e5fcdc82dd8dd3,True
1730828086.4371514,0f8e4ab661a97fc44d0bfa4fe731e1c7870cb133d7df184de087a21642f6e8a5,True
1730828086.4434528,1edd0efd64845c437e694ff5c1b423513f9db2fdf69a3c15f22400532133665d,True
1730828086.4501896,32cacbcdcb68c8df04e37a8ea61a6a2283ac37214805640288349f2cde81a050,True
1730828086.6415086,8fc1e3987817692ef8ce24046c11b4c44f13270b33e5c15d681c4462a38de256,True
1730828086.6484244,a35cc5c76acb66c82ce1fe1217285c106bee97356db0cc0e6127b90eceec845d,True
1730828086.8707256,7c6279859a13e011a2691e3c56d15902fcde9bde06e399b3626e17115e07cb49,True
1730828086.8733714,7157241b2aab0f3b4377f2ee0f3d74eaf4bdd933b5dc1d3a0e5e7f530c48e85e,True
1730828087.430983,b507fe5ca6328aeffd989f89573003987591dc108685e5bb988f000edf77cf48,True
1730828087.4327688,6387d5e9cb1db9fa6ec675bcf1bb507d598b5d7d78dbf3b886c9b78cbff276f7,True
1730828087.4367955,56565d733db1571fa6aebaa99f000d76b5e0e6fbc459859529ce13d030f1ddf0,True
1730828087.5473416,f85007d47497c6174a21c45a34cae93698ac176c3a9d2f88a0b33214a3d45b76,True
1730828087.7792494,ec1b8412e64d76b9a9f167e0beca86bc889d43edb70fa732688e3094fe29183d,True
1730828088.0160172,dbea5724580282d0f5a74b645611df9ab6676a3b078ac300df034f5162f063e0,True
1730828088.4169078,de13918bc92be764e2bff78b837c623620de41aa9f941f5c0807efb6eddce457,True
1730828088.423007,cdf480565e8ed56f9b597944d1138e3d34fbb2ab5353981a55e5dbef25430c56,False
1730828088.6521657,875086e4f5a908c570a6600926e760b59fc0f3bc3448beeb8cde4742730e9852,True
1730828102.4937997,0502f772ed67a3bcb8c92bf16a14279196929bf9a47f097adcfd8c0ec934ea4a,True
1730828102.662178,33de8b53466a411c65904e771d27483597eb2daae8bde6ca518a0e15a5a09e71,True
1730828102.8813698,a30df0e5de4ced63646f8bafe514dc42c69267e1b9f97a4d6ad82bfaa84424fa,True
1730828103.500181,821ae4650cec1823a2987a00764bdee0fae3723e3e4afbe6a37a02ef5ce90102,True
1730828103.506595,1ea3a8cb14d15ebe6297f8281706a0bbdda3521c3d22c4840d6d561943d94130,True
1730828103.5201101,be871d7c2d1c33c8f8bba3d6ea54fb2e90da5aea8ca594e57cb75cd76e5f739d,True
1730828104.4987442,2f5cb8e042bcba516100f8f86c5a62e7935d475ed690da613d934ef7b7e35985,True
1730828104.712332,442575f4552727debdacdfbed9396e709c33add760b0f9496a97beeaa19a9ea7,False
1730828104.9512057,cfc67b8ef36e68436600041cf8f3bcb1088f20604557eb8202653568c30b92c9,True
1730828105.7339828,b6f69fb36501f642f91db1ec2108ff06c3d6201f33f724d0903d90cc04010ceb,True
1730828105.9866247,e260890150384239981d3c64859f677a873bb00a64c8328ddba46943cb5aecab,True
1730828106.5030482,ee95529e7bb41d1d8e1d2c1e46d01db75fca003956ccdbd212ad9bfa789f3c61,True
1730828107.0525975,cf3c963421bcda491cb2f812d9973b458e718a31d7349818132f4cb43f1d1fb9,True
1730828107.5261226,0e7f5e2a9280a5db765191d632649995b75d5e32452ca5f732dbe2ba0726827a,True
1730828107.5293667,6817e647b44b941cca5c7f13bec077cbbe133bd7eab7fa3ae3f2c3c3e0d59378,True
1730828107.7285292,8a106bbafdc9e48bddecd2a3527f6fb1f578f653f5ff5951b395cbafaf87072c,True
1730828107.9527595,f8d4bbe6fef7f388df3468390e00c8a5c903fb664643024b288d4995c1d52c18,True
1730828108.5219333,ebb8a03d79d572b3fa09f578695ad714746c4454a664ae6fc8aafc4d980257db,True
1730828108.5232239,3c92bce7c4e7344c27e617d1da3c022a56c69935b8e827a7aaf4369a652b16e8,True
1730828108.5674179,755476a37fd892cbc86263117a91c88df32e9b0b0cef9e761bbacaa302a9978a,True
1730828108.781057,c336d728921416360af41092b11e42adb1ad157975f35d02fa0f4884d662db4d,True
1730828109.0015914,2605cd3c5568cd046969d01c51bab4bf6afb11582d7a98c8f095d5a5fd5b3764,True
1730828109.5118144,b63f66ff05a48e73f6d860c14a6afd3bc6f81a3b00ebaea3446fd3cb11535e23,True
1730828110.510184,7631bfeda24efad81ef4f27f4ca45f5e879a5c3f59edd050b29982502c7767e8,True
1730828110.511474,3a18471e4f5130c87599ae5955a16f12971fdbe86ac8e4fe277567f790df9b2a,True
1730828110.7464309,1b7535512e2317ae69206e57703472cf1e47612b1c604c8ce8c9409d6c5bd5c2,True
1730828110.9894044,958524f153cc2ba17b934d676279234db903fd424d618d45ea33776e41098e4c,True
1730828111.514491,a14f6daaaf2e9bc240aeff3fd54ddafb0dafe8d75c3666205b1705cb51362f31,True
1730828111.5197518,cd7fb3984db94062ccf6661b285a9cccf44487ea2b008a32e3abcb0a48dac849,True
1730828111.6800954,4aea8a2da10c1a89ea25678225291c8adca9cd8ac1f230075c2eb342b615202e,False
1730828111.9069595,22093d7fd0261c5059498a44519cdd763bf77339512a6d9afec4e16345068a69,True
1730828112.3292499,1c7567d896b521488f0b9e4dc76bbc3b425183e3371a41b1a8988f730790fb2a,True
1730828112.5323043,4ddb1257b81563a831c63cfab2b7c63dd587d2640381a2cd2f367ee02f2fec9b,True
1730828112.5668223,dc9eae1ccb5326ae1a2114b00d4ad38a708197f136464beb4a3840ede74b6334,True
1730828112.7930872,c6aa1bce0522b253267df561e5e5f37e6ac7dabd63ef043c98af71d6cebe70b6,True
1730828126.5117884,4c35a6c34793cf19a97289f98cff6387d58fab3d59cebc24cf107f69c7e9405a,True
1730828126.7457354,c22a70a19947580ab3f10cf775b7fa733b7c3ca5056153b14bdacad1a652a468,True
1730828127.767631,1d929a54bc5577fb608ff6ac22c1a657907a0aff9d8e47aaf3086abf90d7189e,True
1730828128.2755728,71b05d1a68439fe5e0f9f7765580a0c7b9d6c62d8ae875f2ec435a7ba95f1555,True
1730828128.4979339,aed785f49d8d9343694fcd62c97b9425bd0398156b3c59234c9385d6da91257e,True
1730828128.7307067,bcf7b3b01838e96ca585562d75a43fccce3908872a3e11c38cbe1f41462d76be,True
1730828128.9660444,af4fd7fc02a6c2c12ddb00e6d59f2931b7fda8c5d484f2daf377c18ece7a5578,True
1730828129.2003362,f00f1c90f604fb0a3b98349861c79fa3c4bd18865461e3a4804330efb7a35084,True
1730828130.2758179,b35fb5e0bc1ddb61246de1636fa1449886a1c3f09899929261cb5b785443265b,True
1730828130.6701307,ef34dbeacd4bea7f64e927ba0d33d909726a2df366924aa8efcc8017e4681c99,True
1730828131.3023226,00385efa4b2e4e960bc6d8ef6e5444351e32e22477de6954348c6349a3ab5afb,True
1730828131.5362008,78283cc00e697d927b0b463d09d72f274d976c4532c40e080d7a876508085241,True
1730828186.487237,0c078773de61440dd3a6e06b8e91467c1fa50c44c9f5e4d4a31e7dda31718312,True
1730828186.7415915,11f4013a0388277529742d1cd20ec3d15d6be716ca3db64dd45752fc6aaa333b,True
1730828188.7627258,592e530c94d73810e7e271ffa5b79436c2ff30fcdf8cfcfba5b406750aad485f,True
1730828189.0940332,c2a50b6ada43074e6ab2e26ec43c5f5949dd2327782a5e8bc922396bde473ff7,False
1730828189.581655,de619549a48d0477966b0d6e1f827443a1ccd3a326cc69ea9388a55a2f433fe3,True
1730828189.8129354,4258ca086b5adf1438f629a42217df1589ccb80cb49888100c809fa462ad5539,True
1730828190.1733403,0de162d37cd6def2e984069f99dfe9438597e259090b25976371e646999ec141,True
1730828190.408987,90fed61a95473a86789cd4ab1e88627132cdffd940c4774b4f588577734b1903,True
1730828190.6378465,ca40398f9c49586e161927bfdb0cc9fdec9f0d2c19dc7cf73e8bad64a7fbeee3,True
1730828190.9881885,0682ca0c0934a727952273b4fc56be38140671e6b5a5a5aff9b0e3f433f62bd6,True
1730828191.217871,a2ece73b589803f5a14609c5b25a0c7566424166dffe3fd1a92fb446c8904bb3,True
1730828191.6148868,17eb85d01220f29057d2d04251fa820dfa82b75ab50683aefc21b025625770ad,True
1730828191.8473089,6147bdd922690af837eee42366c4d8d760e82bf08d59745666d576a8e4b1146f,True
1730828192.0825396,34675ec3e39600d391f5c76737c91a044497cc4be0b5eece73b440ea9bd06068,True
1730828193.1244528,3488afec2fd2d64f2925404eb8ec18ab530cc7e70f5474aab785b7eb2ad653f2,True
1730828193.36514,e5d69311aab499ab42eab68956a7b0ab1a93efdc143976c4abf4f37fc0b41004,True
1730828193.607383,52a53ed0a6b9845f3125b9cacdfdafb15c29314f547a2d938410ea6381398bdc,True
1730828193.8382275,a112619d5814310aa614d64d09b5135ad740cae5f9b3fd718412bed631394255,True
1730828194.072832,528a50516bc875be41c7ef1c91a78fe42d63f0aafc00abe7f306048780ee9210,True
1730828194.2948618,0fa0a20afc15d968697428fa6ac6decf595e83a405eebeb3cec2848177820c42,True
1730828194.5268312,23bc4c361d4f010e1298e620d8d76bb13b3783746e6acc9da164d1137cde233a,True
1730828194.7690575,e1c595ce1d8ec83df6d4b7a15597c12afae9da26dcff44eab17005e795404c48,True
1730828194.998053,a817fc3c22a8cc16f7e483eeb2a8b3a35039b1365cbf01c1079274d14e2e642e,True
1730828195.2186627,ac9b4f0091e11bb072414f5fabd43e6ab3c6819ffc3e20a584783d98ff195791,True
1730828195.4504142,ce281b69293572f89e0b70722d1b7d88180e0d971c5807d42a3a1534d72e9bca,True
1730828195.6823223,37d1e4d3a5b969722ed38ce649f63194c1e56433a29c726084f40c1d9a00a4ce,True
1730828195.9340096,118d35b513d0e9916b409c706e2b47556b26175cf71acd151142ad3f0cf181d2,True
1730828196.1780486,d4a8e4a96cf16d9c610f79046d5260c78934bf706aeda8f4fb364f7c3a0e84af,True
1730828196.4146307,7a8d6bd49076ab5501c5695a346277fbeb14937dab28e5ee6a4ee5ab58ab04ee,True
1730828196.6355672,ee6b78f348e140c90ff7ce8c4e0c4ce65c91ef94e9ed742d86748bfa1e402219,True
1730828196.8607974,5525e09c4fbe72188e70bc526219301ee3939230651501c7585a25a3f7f1f8a6,True
1730828197.086541,8dc610a3cf4a607b678e9c3441c234854d0fa20a396aebeb1bcaca98e6b3b23c,True
1730828197.3108425,e22790bc27eb9beda01678cc51ceecdb9e4831a3b46ae718a07cfeaaa5d5dc0c,True
1730828197.5444365,a0b1d9f7573de39fb547b607d6c26cce90e7d306431caba55fceeca4237be9a3,True
1730828197.7864778,3e490dbf4554af1a8efa48dc0edb36b9472d316293d23dc3c69645f15db0dd1e,True
1730828198.019492,418f5750dba28d52799acd2ab9e86f5c036da92beee338df2ce27a881f7855b8,True
1730828198.2776034,140bdbb66f939e2286edd9e10b241d44bc8965adaa72bd38d820e9ef3008a120,True
1730828198.5754023,2b6e7775d5ac56a7102c00c2a7c79dfffecdd306fcb9f310c02678a5844b12ef,True
1730828198.8061545,3901d94b6a9a112ec099e8a39a46d284e00ad91390fba545622151d28ebd0e98,True
1730828199.034635,89d2b4071a017d445b75cac1d6c9e8a1fafdfadd11251ca49337d8a7dd56136b,True
1730828199.2699537,a81bdb031348746ef2cca841e5b78e0b476c310780afb78cbb78ffbc7d9e65a9,True
1730828199.4963386,a9f96d80b584fe7fe1a114fb7fd8a192da56f451d7d43cacb2a845f744eaf7d3,True
1730828199.7268903,a6d3502041e47bddcd8e6cad8b484a72282548f27dd4c95828f9c590f5ac7908,True
1730828199.9679956,b3ac4afd91b6b4c88c620b56e789c092051eb16656bf359511fc65182f0b758a,True
1730828200.2056727,478bb902d433945f313f1ee2931b89c6bfc2751dfa95696b462c8541f0a1f611,True
1730828200.4445288,62147279e647d980360d5eacf805878659f27ee9a9fc48e2a23acc9ec0ab08e1,True
1730828200.6736608,098131a2e32a3915e4e569e04dc3fe0601204f6bb568b9dfcf8d9516ceec17b7,True
1730828200.900101,bd35df34b51798865b55816c09d7db934ad7ce8a4105777c43dfcc57b35951dc,True
1730828201.1236212,c6bee2bc6164830bb791fa8a8647a75b04114f4015582636edc10fbb64050bff,True
1730828201.373317,ce5f73c468b069dbef8d8d0ca6c2a0abb0365af4d36b3e36b07b89b5a9ebae2b,True
1730828201.6051679,34a7cf57c8222c55d0a8bb86bdf797c7d3efd15e8099a62f7de89628c20b308a,True
1730828201.8285282,51c2d0d1dd1c3ed96c7b746563e45d27ae6b2beeb4ad039f4347ab820f018a9c,True
1730828202.0634224,9553f498c0c553ca432d4959e6eaac13fca3244bf2329c11c2c1df2f59c40c47,True
1730828202.2882166,8de274bb43d9a7e72110ddea7aaea189b1f9d8fbbb53b77f62caea0b54454e0a,True
1730828202.5270193,cdac185f17e1cc6bc7188093f654c91fa2d23fdf4fa59aa85413bfb12d5c4197,True
1730828202.7682695,27f364e6a53bf345a5bcfe11e45cbed54f8c54d875705eda039b998ba53b7284,True
1730828202.995571,0d3ef9460045511683be1c1b1b01416c4f3850b65ba875bdce1a19d9ce5d74fc,True
1730828203.232172,529bc47b2e530e874922f5193186709903c85c0e725dac5b7b29f052d00c82e2,True
1730828203.4727802,d2549a2044cc66b465d51e970c76586b3cc4d251bc48e1f324bf659a8f6e971d,True
1730828203.7148604,41cf1b6b29cda3f0fb63f3537863931a4720138d72e06e538afeda8efb3b63b6,True
1730828203.9456072,21dfc6ec41b922370b224e0d8fa99b6816aabddf56c0eacbc6750f9e23fe9434,True
1730828204.1719067,258766dc0081fe424456d600307e140e1a250e6fa1e0f4a5d572fdfa397155bb,True
1730828204.4380488,2c46408861e8fb10cb3e187ceadd9f1557c9448c5605480900799fb1a5a81eb5,True
1730828204.7048461,50bcb967217bfd39955d6bcdafeb2100d26941f5c6fea0739be38aa0b053786f,True
1730828204.98344,cb853327655d8429a81a235791695d29554b5439f0a237a21553214889995858,True
1730828205.2024357,cc2bfb7216addb4860bef1427871e94c9248bb925d6b151aeb5f9d7a791501dc,True
1730828205.431543,12f77d38309aa7dbd2ecfef2b4e63ebbc6cfdff9c1df1adf8c0236cfbd42ed0b,True
1730828205.6588693,f627a1722ccfa2acb4fdff5e4ea051008458f7931be5bec828557ec429892a87,False
1730828205.8933027,d621e9f22076f679f93848fac59a20c6cdd791396941446cb8d6d30da0cdf963,True
1730828206.1300082,863627008681511e9972db97e94810e15294b1c690700a6d695f0093b87f47e9,True
1730828206.3491647,cc75ff9e6de243f0869f2928b5d4ce53b4b045cf31ea1fcc8392444439a92a26,True
1730828206.5755117,2b4fbb2c332b56bce5b427991cc34e04fdf7d4eadaf2206acd4f9363c5873ccc,True
1730828206.8020217,beb4602da62f402d9836d6a9a843ed54062e3f8ccf237abd86d8c6504d8aa78b,True
1730828207.046206,8a07971967c6aff09346234c3181f3e977fe2f0cc67a04c0297edb279b40e6d7,True
1730828207.3036084,a4d7e24030fdadeb439c3c69a155d9899135386d32f03f8d822fa1091e2273a3,True
1730828207.5444295,f46f12687f82535a2cd43aa74ed213f0bdc4562a99371a216fc15589fce3677b,True
1730828207.771172,25f73a20a9cb9ae7e60d0a7a856cc3f13a84f42f0e58ee924ab6f329b479fbc2,True
1730828207.9978294,d4d2bf30712e61b9ef85174f81c2c1eb72fbd589d19610454662f09e335984a4,True
1730828208.237037,17b3e9e543e3dcb90bd7e4338851e19fa0d8eda590ac8a849e06ee1d4e5a0a60,True
1730828208.5125084,590ac1a17a5e21a83b50ec8393db77f7baab8c50948c51715b15138241a801a3,True
1730828208.74068,731a1883c95a5fbb0679e1ff0acf0352189136755258090719daf1c643c9676a,True
1730828208.972156,4e23597122fedf10d282daa613a55a16787cd3579ce72f8bfb973513b1ae73b0,True
1730828209.2057376,50ea7fb046b0d6b445d0733d774bcba1a22d3fae430951acb12769b3739c7d00,True
1730828209.4414341,353ef8da751b3d93595bbbe9a5e3ebd69991c417dfcb75975984166ca320dc49,True
1730828209.6848066,aed00f111e59f576b918a0f2db61bf5664de9faef1f955c31f53082f4bd10492,True
1730828209.9102066,bad42ef9fc5b07d55bd6f2c20412c83babdbac5a0ad0ae69f0b2948f7b4a9b6a,True
1730828210.136683,b2247704fc36d4ff3b5cc9a64f2455ed30c131099363b1f6f0c66d51bee6d858,True
1730828210.3784883,6395487e59171302118a075dec68fbcf2827526c9b0d51ce829a85c88c3aeb06,True
1730828210.6233006,bf1c1404bcf967c8211196baf2c34ab36e1c64e2f4b4fa7e1bc42db2f51b46e8,True
1730828210.850975,b5e9394b162864835b04aff52762f222bec3ce4c914528e25010862cddb14bce,True
1730828211.0852072,2c5d064bbcadc6ad1bc5395687b699e38a5eeb6840a3832d1bcb13fcc47129e7,True
1730828211.3284702,e4f2c1ac7e7333c6f8b7b339d0a307bb9bba841db40df33ff5c7dc85cd56e661,True
1730828211.5542083,69dac1a3caf899ac8ac153d04126dde8781c5094d459996bde61083bba08daf7,True
1730828212.2392979,7683b0afb2547f969e5080725284cb258b2b0c7cd15c39e06f4d34ac862c68ec,True
1730828212.471048,90efb985b8246feff3548aabef2fdbe54051e5d35e367d44aac2f9af5d4afe9e,True
1730828212.686997,c6d38099742bb24b8e268e216f8b1aa9e16d44ef4400bb68e34af826aaeaa360,True
1730828212.9183745,de7285e507eaf8f4843d94aaa4355ea76c7f0faac950eb69e5ab5bdd12e12c98,True
1730828213.149364,3dadee415a06e84ebea223c13f38526c4013480d8c202144218023eafb91ffd3,True
1730828213.3755877,7ae09a899899aeb86399891855c8cef4594bb935df07143a2aabd58832d2182e,True
1730828213.6088977,494c07a54fadb56201546c5c5c5fa6517f79fb892e38cdacec699ca5bececd65,True
1730828213.8377893,c2fe994de4e18c1464d047422bdf9b9ddc137d8c66d86d0e113af6015d1d2ff7,True
1730828214.0713577,ca6b0e90a618cfc40652a95303fddbd0f8e20259819aca5319f7427c7323fb6a,True
1730828214.309763,9da1da9c13582e60b1705bd7d951fac99bcfdd695e57332c8042d5dbe9d03236,True
1730828214.5741286,3813887a7dbeeb5e54f4da1a6d90354770f6f298113e78e5bef68b205e244435,True
1730828214.7917206,72b0178abd290d68f8ea12e1c6021d8d061fcd0563396130bb3134ffc5b2fe48,True
1730828215.0219567,2a25819431d376d495d0d82f43b2dae1d9d3a0785314d07d17174fe43ba76124,True
1730828215.2649674,1ad8e1178597c65fbfc643a29281f3f303b3d640f9c1daa3a9052694e37e3aa3,True
1730828215.495472,70b1dc2cc0e25cdcefacb961493b72f736e1c0b141ef3d6b65a4a7fa3610e9ca,True
1730828215.735707,3ab2d31b4b6177b4e605a03fc276c8ae6aed9e4d0a0736114a3468391f0b1eee,True
1730828215.9657354,765ba791bf7d7d560bf655fc7625bb9d1f26525921b9529825ce88999736ba98,True
1730828216.383602,6e0d5c83ecb6ae6756616eae759e3374587d2917f906d692dbaecc6557d90bb1,True
1730828216.6217966,ec9a23ab688587ae00d2a649fe484448fa1bc0e4cefab506295f3e66466e65a9,True
1730828216.8531048,d427fef79060a7e471257adef9fe77ad2612ee2694b8416bb7a9b541dd442cb3,True
1730828217.1035926,a9c841b65f7a43428e9c9e42d6b913aee4140ed97fbb3800ebb06dfa30a90180,True
1730828217.3371472,cb922c6b2291b56656cb06b944f6210b6cfa346f950a370e6883fc0cc3d79677,True
1730828217.5886285,4b260eff2795a48088292a945047e7ce12b131b38b41c83bc2082e7578073cb0,True
1730828217.8245187,28c4cef31ce4818276b696f4cfe1a6f08885cbc970ef6f1d6d364872d9f2c040,True
1730828218.091972,25fa1ab9778be1f514f307740c9e4bff07e2a028a7060f75f7f55d3a2bcb44ec,True
1730828218.3268392,3a5a1cbbc55106f8972bdd501ca199bbc8b7997d68b48bc82c711f57f8b61077,True
1730828218.557983,1be023fa8f13d3d1ad9b3ebf5741a78e8609344f840af43d250e351553ae5cfb,True
1730828218.7949953,9035f87dc820f9eb668c5c59646f9beba4e023726b63a2980ed69e48f8515b17,True
1730828219.0334585,f627ae92a60d78ea980a0c629ca9859b25ebd061270aaa9d49f317c5b72c25db,True
1730828219.262115,38422e0554ceb0e6fc99a783aa0c990746da64e56937d073f18dabd208531de0,True
1730828219.5011342,30ad3c81ebb314d93fff1fa18e6dc4fbf18d9bf90096f092e5709da914d70148,True
1730828219.758699,175366461a873c31ef9ae184cdf654ff02c262ac9c0554b491c86ab3f0b096a5,True
1730828219.9820752,8f25f197a3fb7ff4a9ca4a81ba0ac5d92bab37876fa57e16ab7924f5b7607cae,True
1730828220.2020156,4c5b60cf66879ac9b6a91873e9e7ef888c6fa8da6dc2f26b27fbe309880c00b7,True
1730828220.4305134,86f9ee01dca80ba077245be088773b13b9fc3c169e628bc4119f13fc94b1e82a,True
1730828220.667547,375ecace16b676c736b3b86a7c2c695aeba5fb08ea5529e9b050e713c4f225f9,True
1730828220.8708658,d1a7fa99a4db96165737a1c93148d1e33185b937d457de20151e8dae00540806,True
1730828221.0988905,a0831678754b1a24c6a18792efa0cc3907dc136fa56954e8dfb82757099065ce,True
1730828221.330488,4a29deed76652dfc9c8980f821e8338ed242dfd2dd7a38cba2f0d81853a1c3cd,True
1730828221.5831842,10c16061074822b54df86de3fce60a638dbff4b4475461ab55e5af8d7bff26fc,True
1730828221.8202627,d97e4a8dd9dad9cde8a287b972ef7f8c661daf39dd90f9294fd5499353e16a95,True
1730828222.073041,c8b30e7d79fdfe38accbf0461ff49b9879c7fcecbca0e2d4d63ad7e234251efb,True
1730828222.3123393,a4d08258211713e49a57197d89844aab64c912b30c7b286d4bc2a72fd63d4497,True
1730828222.8402767,d673218bbf047627059a0d93dbdbde815861f0de1dd0ae3725c4b220a7dcc7f6,True
1730828223.0586107,35699b65d756b0f53c2630b62a1c5023b434673ac2eb9084447a4de038bafcf3,True
1730828223.287672,9865fb219c520caf6c9d597cdb35d23d0ccc08ebaaf3ff72032fd59684524548,True
1730828223.5355227,79ab8580307bca62a7232701e17042231dcb1184ef0e82bad255bc771861b0b5,True
1730828223.7677672,8ac1d59d3a2f86a96679ea1cb1715849c158378517430d680e0621741d75c680,True
1730828224.0056098,3a0f702b324857b55bc8d67c66b66f0752b622c7b85fe0973b03945d80198933,True
1730828226.972996,0cf969ede8f77e632681a7ac5ac38f964d1984b78e5534d4ceb7e32d50c93c24,True
1730828227.212877,1193a1a54679675adb6caabb74c36a91ec307eb207fb877591d2409be453e388,True
1730828227.4586456,2db408f2526e158347ca4ff83486440da37d4efc212e7a456dff58bf22b7c96c,True
1730828227.7060356,abe101d2cda89d9109d7f94c5e2f7b7205c1f4c3807c5bde74873734275af0f7,True
1730828227.9643338,dce1c0dfda76cb732bb4d1564832e5a6858f2771d6ef4dfa8ce79fe7e99f95f1,True
1730828228.1962326,35691b9f37cc5662ab0e92e932ed17080ab64e66622f4db04358ed99f4b7d17f,True
1730828228.4433837,3369e6e380d9b8bff832e5b31e116c22363f7a4558e7661572f675093a15004b,True
1730828228.662834,3895c7be871ad89c5b74f226778217d16dc15c9b510f26e5ef84161478ceabd8,True
1730828228.8937209,5b87bbde3ef587ee63c65a964cd9191e3b56f3b7d2b539b81896e2321ad23674,True
1730828229.1189246,f93837f79eec5a6bbd695074158da84daf2b2e25defc38400626080b8bcc6db9,True
1730828229.355296,a5c262adfd20fb24eb8e678091470841cf997c33e3e22efc0d5f274b2f70fa66,True
1730828229.5884702,423524e8f47fe50edcb68b6a7c1a2378cb71d4d5ad7356f69eecb4a2b4b17e27,True
1730828229.8380215,d051e8d7326fd864da08994830233eac7a5ab9b04d60acfffd5a0fa64bc7faa3,True
1730828230.0709877,b3daff1fd0adbf303f1a7cc5d5d682c6d5b319582e51c66d43fc310534e80001,True
1730828230.3038676,41ccba32828efe696e65cf644835fe3cd09eedf394665d2d4ca635403750f9cf,True
1730828230.5438504,bb009e43ebce8f44d2c398ae806e860194a598fb5ba2338679f001dd0f765fed,True
1730828230.8157465,755cd2d25882bf5a58f9fe3ece7bfc38e7c0e071c427a15accccbf8768ea0243,True
1730828231.0463436,62c10cd663cbd2fa17bcd3cc013e7274a394d13b084d62a2ad16f5fc51a8fc7c,True
1730828231.265415,9bed23a76b04d3bc53cb8ccf4b07da7a8dbe22b9d018af89e4953ea0fdbfe729,True
1730828231.4964488,f678aaa622b01c947f1dfede65815c22abb5784925f0c3848bcb01ff9e34962e,True
1730828231.7270362,87121c5f120f7a2ab2c5527197b8f1177f3a12c749a98427dcecd4a007a8a1fc,True
1730828231.9688082,3d4cd1489af78231d1cddf2ef8b9672722b213848abb4787eb75514ae44c267c,True
1730828232.1944156,3ea033a4bab08207485122553224983f960486f6e96800729f6a0b332075a21b,True
1730828232.414713,0965b8338a527d8a8f0647da791733e84eb7c5c93a6267fbfafb906f885441d9,True
1730828232.9817455,a2dd19e557b27aeafc68ca793b2ffb6c23a37f166ce0541fd3536d3a0b43c97a,True
1730828233.2187135,e70b8384d1421d0cc89ca60ea88b88267677b135ed4e9ee0d58e14247e396a14,True
1730828233.4681504,b1b4bdce22b4fd8461ef8259ecb99c542b99bf64f2876b4befb81b6346fc0f48,True
1730828233.6833558,f26f52757e7042915196ed2fb4e0e3be673319c8e41cbe3ac06284c97297f9d1,True
1730828233.9026468,4639655b2cec2f021b8b7aba31e1a2b9b159df67c5c2a75b2dfc9a7c089645db,True
1730828234.1962717,5354027017009fdb8b733de0c3a7fc3fea8eac2c71edcdf078a1e2de762ca8d6,True
1730828234.4298742,8b3af6cb4eb0005a868d8503a5eef23d440cf218d49cabccccc979a8ef749978,True
1730828234.6654608,3d9a9b685af6e889462fda4f5a78682ad96b603961eba0dc39f8c8697af21930,True
1730828234.897728,6b2e7c5b35058f07c136d0a8d5240482b321ca22cd42431ddc7a591f14b20bef,True
1730828235.1311715,c2993186f63ee7496df511e947be1a2ad5bb2b6d2ef885b4bd586089754ff9a6,True
1730828235.3553545,02ef2be0b2306e2ca8ef0eac4023376e2b772bcc8c4c985192ad7af0dad2b806,True
1730828235.5838523,a286ba6e824eb12997f80f2755c092199c0729dc0bb2f8f741fbe742a7716102,True
1730828235.8408527,9f84fcaf5bd9498bd54abbfd3f5de4f498f9cf60282565b0a5752b2938f66f11,True
1730828236.0572872,b40f1444e7a87b070b73685b9dd1cd3c6ecaa90f05db92bce32fd0bbc1c85663,True
1730828236.2778423,7712df1dcd8d75376aee9ac616adf9885dd0a84f9aa9c3a6a653292ccba0d7e1,True
1730828236.498254,837c4698693fadf3a9ab919795835067b2481def137db62bcbf374ca572bba1a,True
1730828236.7261689,26e8622b26df155f695d846ed45808da6c4a6948479e1ef9b1c605ddda40e5ef,True
1730828236.9667063,d3557f063dd5201e018e704f4ccb0a0822259c196dadb02a9efcf2fbe4ee11f0,True
1730828237.2093122,48f23b82ac530930c08cd0658b5f12603815a602c4c6f662f7565c927c4b4f97,True
1730828237.435253,eaa9e13ade9edb52ce1141fb5a24a87fdc2decd529cce30b4d5119deca03ae68,True
1730828237.6712215,dd3073444be655ffd568a7992af1d12f64e3ecf7b61ced9aecd1fde831499e36,True
1730828237.8909984,49541839f574d62db36513587dd7aeeb638db664d887791181c242dcfcc55226,True
1730828238.119921,5c782c55960f1f5e05c619d5f3afdee186bea3a93152576e123ecdf0aaccf70d,True
1730828238.3454065,bdec6fcf85f7cdf4e3e79c32e033999a37731a0cb8b64014b1ed32a942d42d02,True
1730828238.593833,00523bbcee73b197c73b9b4e6739417ec9ab06469673f324d59d228cdadc0729,True
1730828238.8186033,777ec2cd98315ad550b6e41a20de75b70fa8e105e2685e45867a7969ab98b00c,True
1730828239.0488775,532959e185c600d561a8467cc6cc8de4cd66ad75f1ed9801b1e401ab8b797790,True
1730828239.2817414,008d33321a44ad3c9c26a8387731ba0666f3cf1d27814095b52f6abc4e7931ba,True
1730828239.508216,500dec2157b7766877deb3a446338e71e0cccef6b48651dab998088c3f2c83ce,True
1730828239.8318036,92978fcd566b1956b73df0b2f062156275fba2f3c995fca46a721dec33652658,True
1730828240.0998375,73636769c2746c1c51473ac9ff5e4003f1f596f54a03d35d71bbd6df5719e605,True
1730828240.3438966,bf221ea9442bbd312439ac256cbb64cdf0ebac55f9350a7da6652e5e7563f006,True
1730828240.5839002,ad0aa8ce751abf6353cc5ac77700b00099c5c3bd86e4a4ee4b063753ceacedf4,True
1730828240.8082657,1f3ef751881fa83f155cdcdf917367f39f15f169b937d23b8f03f10c3f99146b,True
1730828241.0251725,676f5da4c88a3e126c1df2562ee4a6a99c11671e487f504eb266d5f10712a90c,True
1730828241.2498393,3b7893b7562f2950e7a8250f4e9f03d757cba649efe737b50b5a879c7941ae5c,True
1730828241.4960318,01422dbd6bb381d21d2821548f020b28fa8819f3c076b2a30d5065177323cedc,True
1730828241.7162719,cfb7d4f60caa9b6e075f0b8e0f46a17a0706a8bade0a589adc0940309907456f,True
1730828241.941247,59e9711fc8dd02e21401ec7d0092e20464571e79f1a5c776cd670b7b366a2929,True
1730828242.175758,e3df8fb7e6ddf7420cccf158df660737c3f936ee7e84816ebf110d5ceaeda958,True
1730828242.4084985,d6eebc5e54550449f91c059de821ab27b9470b64e0ad50ba4b9407a60875caac,True
1730828242.64698,6f396d6fd9a78222da67cb3953e25fb60ddcb523587b114ff4f2bbfa3a5fc08a,True
1730828242.8759425,c9fb476b01ded46ee0589d7522fcdaed23ba2390830a7051a3fb03b494dfe179,True
1730828243.1323774,16269dacb76a0dfa105f4c6097533ebd094bc05d8d8a7d8a501c78d045506c2c,True
1730828243.3766406,1299d9e3c1eb831be2ce9d8dab4f58a9da10b9bf065d9554cb2ba68dfe423df4,True
1730828243.6177711,3580822b03b5e53fc9f3ce30f0eae07af47ce86b88dc3576340e9f576a2dc94d,True
1730828243.86372,215ce78e5b398b983b100bd4f7dd1d11f02884ee1183febb3e1a5caddf229be8,True
1730828244.1126122,44a7351129c699fd767f48c5491a8a9ffa67b7e690e772cbbfb3fb8c78a78a63,True
1730828244.36371,db1bf57019e2581e96d51dfcbbedb5efeecaa5dcd95f0a68690563641801fb41,True
1730828244.6327758,179509992465c047a48cdbc47b82f336d490451dfbe8771c5cafa7e581bb6c54,True
1730828244.8832326,ba09e5179ab843a10c37d7ea9a2032caff85338dc982d448c7cf6d1d1947c922,True
1730828245.142358,4cba2eb5d2080db09dc80b5fd64178f932f5e7f545fd9cc5a95af2fb34823a0a,True
1730828245.3567073,d75cac1757aed8b7c780b706e94a961e72df90235579ac23cd33a45adb1226bc,True
1730828245.5826857,8f410bf9355e8d9e4c3534151d04655bb1d32c2793172acbc3583a642a005ca0,True
1730828245.8024156,10972c9c56a6d49bc04ebe5c87be68c30b14567c60c870fb18649250795898c6,True
1730828246.0749989,335ac2313c994ebf7c43350781d0a988b741635f4655bd428a1a72a4307aa56a,True
1730828246.5985677,2b78a7148a1b7421a1980ce9b5c08128339d737c6ad4ca1a78d4dff9bad1dfad,True
1730828247.092057,4fac7a7a5d9ac5b093cfd9e440c9625e642ba59e206b05c385cdfed8c6152f95,True
1730828247.5918293,9838b5086c5d834f29c68f9789bc3f13c82cb16577b3236284b960bd40c48d5a,True
1730828247.8216693,876b222045cc3918fb69aa95ef9ab08a9a0728fa7496f29774649b57c3ab7af8,False
1730828248.3505526,726c7f6336b2e3328af37162d41cf6d70f5855b4dbd0e7fecbe6481c3352be76,True
1730828248.5799325,27e4424f080d73d8fe95e67da74ca0837a741c865eacb64a846c1ee5ebb5f3d9,True
1730828248.7994895,eb09b5300356dddde14f9afd4e0226d7015cc9d30755369f6d1184c7c8299dd4,True
1730828249.732313,0e1172a51992b2ce453df1943585d342f4e9c1c7dfd7a125a5c44abd79ebab1b,True
1730828249.948819,7ec75dec966e7b713f487c8c9829d2af120f8c0a66f624dc822a15a9bdbabc44,True
1730828250.175697,2773216b1a711a84a3c506e3d34b6cc9fcc82c5e6f99aea441aa758ba9af862d,True
1730828250.4005778,cc5fceec900a5633e52fd3b553c420e3533d463a47f2c4cd6a2795434da682ed,True
1730828250.6496558,9fc348aeb9c31822b06c031521710c63c4be66e26a27ec267d8bb4e77bd68268,True
1730828250.8738632,3ce9025d5a0ab294f69ef85ee2c413b7ed9f5ac664385e5d5fa46a159b480412,True
1730828251.0932744,768407ceb8b947235bbc854fedd7061a4e51ae569a63917a3c41c96b799cf317,False
1730828251.3244805,d7ff551ffad9c452d1ec58942d2b50c1b44557090c17340e79f40f9b80d4af72,True
1730828251.8364396,75db0b959a5674c84a87dd6e1e8423b8520151b611a46dc1a480f290337cc7e9,True
1730828252.0557764,53d2346f3409f282b7fd7ef654acd5ae51a2eac6769acfbfb38c83e71b451e92,True
1730828252.2815373,a28856839d70275cf09183d13698c8db786bbed34e218314b1ce8a074db0c141,True
1730828252.518443,e2b3fdf6ec91b5a0fc0057bdffd4250c4a2ed3e548d08dfa70f312641170162a,True
1730828252.7834647,e66ab1f25be357a1c5333af2a9eefde86444dafcdbf4d75e6413fcbea22deade,True
1730828253.0198205,6a12d35d5a7d30656bf754b049775e53a00c2c283884c9288d9938051047d947,True
1730828253.2533233,309d36233ccbc2bf960098c17db31f58a3b3e52213df37cf90bc1a44794966bf,True
1730828253.4824069,4c9c41ce981336e6a41b8bd40e4e99b769a53e17c4513286901e316fff68a570,True
1730828253.744104,cf8eef707b1c2cd59748de83f1a4b2a85dfeee222fa8b1a1e3c51e78312e1ad4,True
1730828253.9759884,f2c74d3f024b4da10ca15784741e9d50f177e7a7d3f11e2ca472a1d5c5702956,True
1730828254.2042677,9bb2faf866544db7f9b88e659d326cdfd878aac9ae6ac4b52aca6ce200ae1865,True
1730828254.4399707,5d33c14b553a3b194b0f7fce512e594932c86cdbe153de23a462e0fce8b75d8e,True
1730828254.6935987,70f835e6874b39331521d0145d72571667003669d2cd6b3876e9188154c9277e,True
1730828254.9277644,87af26bc51dd8a75bed0aed76354ff07b852d444c689dc44fa79f6c8f0f620c1,True
1730828255.1686177,22537d673e26bd42dc087502f07269773ca638cf41976b9f8ca0a308222a2f98,True
1730828255.3941834,6c8f5bbab2473dd8376d1b9805200f7c61cd72e1dd0b4c18c1bf7271ab570b26,True
1730828255.642388,38f9cea1917b625875370719bf5dfb886c0aebaa4849f58883e60aafecdc9354,True
1730828255.8805737,ea4a00cdda6ec199413f355cb65e33b2d855fbcfc74d21c94629bf53cde8ca32,True
1730828256.106024,93d51aa18bdf04f3c9f8e0c4f750eb90966e3c7372c1bea2f6a4dcb6389ff1f8,True
1730828256.3412886,84549f6866e663d1c2463aacb9560f9ed48ef0e35836dada96fb21679c89b0fb,True
1730828256.568767,93b5268f4ebe9894977c0055c5a99edba6e55e47bb361f9c96e6bff869963cd8,True
1730828256.7891695,344e5bcb408e16f3fc8c735d7380d64b1891e96ef14ad329450aa9f50afbcff0,True
1730828257.0293264,7f2620fa7088d4b3498b6b455a66bed40ec750d6de76f6412723cdaaaf761c57,True
1730828257.276567,2960e029059f22ac0cdde4601f0e777688ede96f58431ada4f7369c986434e87,True
1730828257.5021627,329bd36c92183eb5cd7b869dd88c103e2a5ae4fcf1c9fc6db75d1cf7f2b1f629,True
1730828257.7285793,36f083ab742606c054760ca63f91cb2c29dc2723d932acbeb31679453f312247,True
1730828257.9921892,2a98631fabdffd0fdfdd558a0ce87c1c91cb77e34ef698a6a5385b9babded7d0,True
1730828258.2589643,7d5098ee51e75ab2fcce5cba261b13bf060dde2f271b39a240c4bc1b55e7de8d,True
1730828259.0226543,97d13744df13b83827f2c76227120d5091d6b3a6b3f18b3a853cd0368a5cf3b2,True
1730828259.2641947,628032f14e356c2c47d8c63d901607063d74a15fe282943bbdfddde720ed6a86,True
1730828259.497035,aa8f44735a1a60f49d8f5b549a3239c5a3fcf850b0d660a0468af3af1bb98d02,True
1730828259.7305388,64608bb5e0e63dc190d71a4a82e1747bfd3b2d7023ff172198916c4db95335f8,True
1730828259.951984,6661bf991e58fcaecdd8ec755720f1cc848d265198e14af378656adacc324bb3,True
1730828260.2046921,b453bda26f14972f8005fd060acd4afadcb8302d630d50ccb14bdd948db0b2c9,True
1730828260.4871423,ac4acd68c1123edf05ded126eecb471544862403c41ea02c6aa82b3360c4e358,True
1730828260.7330585,6af884128578e68d7dbdfcf77b3d57a2875cb0a5fb08f0ee3492649a68e3b96c,True
1730828260.9654279,0b767887d529aa481b0a89fa73c8242fdf68420e427463f359f399a986f71361,True
1730828261.2015262,75d67d00d681eca3f28d5eee3c743004451827272d71c290cd9faec08e918f30,True
1730828261.4368021,3fce01394156492f2ff36bfbbf223791d085fde08efe2bab304e69f48489db6d,True
1730828261.6565204,c720a60323100e307abbf8bf9babe1915c5877d28aab881470d4504507f227b6,True
1730828261.9139469,cd45e6a2e66458039f78c2acf0f1ded157b61b6f432603dfe7701ef881b752aa,True
1730828262.14223,d4eb9c2c21d99f39ad640bcffd447be6a3f6e06d41023ea9729b752d7dc7e55f,True
1730828262.3687003,b8f8c06b2df314c50e6f86d0e50a6b904f82518d545eb2a56fb054e1b4f7d76f,True
1730828262.5875115,42c843ad0c85f98738114b9927075514c342f5190569ab99293c79a912f2c056,True
1730828262.8062181,78588dcf55ed31e18edbb85515b998570b2f10c8261e4e9aa9bcc3f535e0ad4f,True
1730828263.0405753,22b71a850e1b6392274f99ed91fda31976b61c7759154db22381e6db4d62b058,True
1730828263.271216,ef2e3d539e30b10b696542c3abe240a2cdcb8ed21705a0944305f0bb3ae7b912,True
1730828263.5076869,50d397c3b7dff1d27f10aaaaf89b4ec1d944e51cd0feded80c2fb340de3414e4,True
1730828263.7394192,e1585270fdedb79e73fc93810904e2ea4e0d6ad4c7c2759968b5d5d6a3f8af0e,True
1730828263.9776845,e3f272d6a8497b0fbb8be40fc24e4cbd0b913d0645c73b03642cc5bdf7b0a679,True
1730828264.202123,22e275acc128073871e85f0a323fe0d099c3de4dcd1ab992f305952476ed0bcf,True
1730828265.0461426,a67716c8cab30df6c2c3795d25d2c122f4179aaa0674768b39fc1146625c82e1,True
1730828265.2866907,0e98a44fa17d87d4f1e5ac6ab47195445edb719c9bb9c23797a03d40952bbba9,True
1730828265.514005,081368f601723ffb207945ba4d6db72403b575701779e15dc90797aac8bbf075,True
1730828265.7403526,e0cd4b7848146735c70eb926027512187590fa2e9dd4a22b506dcbbadea596c7,True
1730828265.9731827,7e3a68bda812baa9de509fc5b88e080f4ea0347686b40190dbf698e85a3a2894,True
1730828266.1954265,094de07e116dffb7d7d2c5a23224fd478440f9f4a93c326dde97ecf709f58291,True
1730828266.4295552,154456d86d2f419e0736f00aefc0299020c170b5a18c753845ddca19a65209ec,True
1730828266.6705968,93bfd1718fc4b29f97c7eaa780c2a4623c9b56765282d00385a152117b8b2c80,True
1730828266.8907168,0d986b08418e693d76a6e9816b0ce7a1abbe6bf4b363043bba58f8e12e662862,True
1730828267.1129475,c03b3984e0d0eab8443b51916ef093de63bfdd2aa512da55a562a3617f58797a,True
1730828267.4180324,ceacd30ab08263c77132c36a8fc80c6f64dfdf975975a4f2aa93dcacc538abbd,True
1730828267.641337,4a5a3bb65bcac7ee47f196f5edf7f3ec946fa9287fe042f5747d244e110f1a4d,True
1730828267.8697596,b82cfdd43bbf7d79fad293f25e166a8bb8e8f18746477ccbd0ca0db17d8e5d0c,True
1730828268.08907,8db9a871f62d84873634ce48526a0dcfe5a2c3d2635d7241fb255b215b7e879f,True
1730828268.2930043,5ab9c83a011face162dd03992c4bbc013e45d4570c14a5947102c0ebce2b546d,True
1730828268.5301957,ac1d3969e2679648d375533bc9c898f69f149d45d87a1b8f314961765fe2c1f1,True
1730828268.762432,67deb6729446b85fe364f7b82daa79d3c6850e6fd207bf60cb47f98022a16f28,True
1730828269.0011737,fc0613b3377211c29a0e8e16803127329025947f0969b8d91eaa1c314978e991,True
1730828269.219324,7d626cc1c20afaffa3117de5d4908f824848d26825f38f9dfcac4a45427e7abe,True
1730828269.4545784,791794543307cf2e62c9f2a84fafbe8bb51ea05676578fb06f9acfde748eb33f,True
1730828269.6789396,019a09dbee5eaaa83aacd4c152766a36f5172de583570fe245422855d1cb7c34,False
1730828269.9177442,9845c56383fe7d08aa37ae7f1ca867b83f19b7bc56cf73316550a13b4314b997,True
1730828270.1454732,7de234477c003f2f8749a753163a5785a60718865b8034b39eea2b49de5ebc04,True
1730828270.3648627,37d95571d84d9d9855bbfd21c8c25d260d3338f1dc8b0025874907fbf15c89e0,True
1730828270.5914242,f93f7f773ba43d767c39c7a8ca0c95ffee54614594993acc6053593a13273165,True
1730828270.8125165,2158e6eada5774fd8cc30501effa46b39fe9893df330b839ffe7d730f12c96d2,True
1730828271.0411408,c63a6e6285ba9989c0405e06dff535c8f379717683c935843a660e2f1f9ab3a9,True
1730828271.256578,de9cc446e1702ac5130b015a04ec5727ae92f2d5ca61f73c51bad8df94f35b4b,True
1730828271.4831777,783f5f2066dfd13993a112a64f83059b98a9e3069d49575c6213e2edcd72de7e,True
1730828271.7059429,fd7653928254a9a75182e3f199b619cbe6fa2eeb7051282454f864fdbb39eec7,True
1730828271.9719841,127334454ba0e26807927a71f995bff31d022fa81e682c039fea0f723c7b8a8e,True
1730828272.1980639,d3d380e4be414b6d7f4942e449b38d3d6b2d586932a101746396b272ea41c100,True
1730828272.4226322,659349bbeea4eacdc00a39327ae51ab597f5670245277670de6db4262ad7e440,True
1730828272.6396098,7357f01ca99ed44ce224b610a3b8e27a228518af6769e58a2f89fa104656c07d,True
1730828272.859919,041d0791d527d51c21d5759862bf1976a39d834bcb2c7999a36d3716d52cb023,True
1730828273.0927668,67c5a375517d858836c36553f9b611eec22167e27cefc4b149a9a6e0b00257f9,True
1730828273.315251,fc4272636d7a5c0128607671b12585300bb160841bda8a3e7f2160196b6377fb,True
1730828273.5385103,bb79231477bc5fa4b63d0304a7dd3ba8913e15e47902afc6d06aeb55e400b3c1,True
1730828273.7861943,6b2e5a75e44de61b27c644720b27dc9417ff0906f26608baedeb65c42fa09177,True
1730828274.0036154,0cde52b0ff25831402386135b27a2522036fad7908a67dc9e2282f0308c59d20,True
1730828274.301855,1a57561c479dbbb8dc2e6b6f22659b476c08320663bfd6445471bcf4a7aec19c,True
1730828274.5273225,b0c9824006afbd65d41505023072ee171fc40a87bbd3c014865ee71a6eabe7dc,True
1730828274.7761037,3690042238cc80508c4680241c7dde5c588641b4766fad5c7fc357dd06bfd779,True
1730828275.0248413,2f73b457e42e7b2a4f01e479a647bb3d789b5045427e0571648e91ef39f5d997,True
1730828275.250975,c5bcd9ada158d62e821a84e221467af81267e1f82be3494d1ba10952945f518d,True
1730828275.5018387,4f47416e925ead3ada1a14a4cd037740c7e76f00902cb456e98328cd4b8a9dfd,True
1730828275.7281747,b624334b04407d22dd32dff5992dd2c4668a7e69257249acddffaa1415d95bd4,True
1730828275.957638,2c0c75f43911a810f14f752f41ca3f68e28e312d1fb231805cc5df47118e5d69,True
1730828276.185488,58167f965ef11157212d9080b051252334675add47fb17651cc6cfe242209110,True
1730828276.424932,8b6b5741f7cfbb2e9ff86389cf83e79ab0dd1d14d85d139b41d0272607b9cd4d,True
1730828276.6524124,e812e9ff55ac685b917071739d2e6b71197460c500e2e8a97af7a2d7999a653b,True
1730828276.8979392,6dbba0225f9d0d17e1f72d5bdd2e03c4c30919003caa2464db32bfff307ce9cb,True
1730828277.1309652,77f6f81d26d7d50bd0b670d8d08735f77616a358ace26ac241a992a519426108,True
1730828277.3559477,f90969b90474cc5def325b9f3c5d0aa45834bc7e85d5bbc8bd8cf4e94e3d5ebf,True
1730828277.6006856,50354388104e84cd89e68ef28b5495e8e877c1dd4025ee29d46d71fecca880e3,True
1730828277.8508754,201ab9857a4994edc4f79747a1f607edaffd976a185d120cb94f82550cb1c2ec,True
1730828278.0856957,b11d48838f799aead13ba9d0983f4fafc54a6919e59d4a4f25b2c36f3c7b9fc4,True
1730828278.3627903,b5932be4ecbac1c7150b40a1321533fb7037d9ba29f1e6e70d5bdc21242fa989,True
1730828278.599418,ac39c4fa00e7ddf112a82fbe6346dcf169308105aab3048053bf6e9ae26c2004,True
1730828278.8229647,8fb30bc162db1ebc3f59ca1610148ec06027426ab77d7e5d9a4d9f61fb5ff34c,True
1730828279.058267,4736ab7031025a9463de91797d8ceec0bbadaed35ca8b507f5ca3cb88f93e996,True
1730828279.2988918,e9ef43135bdab86ad3f50a0e9184b312f62fea37ea889c88b90e8f022492a1f3,True
1730828279.5235434,ae0ffe816a42e7d03b43f9a9e2e04941f4e0f534c8ef75e51658538f7f24e230,True
1730828279.7495205,65e998c83dc76925db5867b376ddcc69d8e2595a6765fe32d5414cdc1a9d114b,True
1730828279.9864743,5d91d9c56786f20f751c226451f3a34e2f465de65ba859f2d3b5900f2c726b9e,True
1730828280.1993744,3355254705bf7af1ec3087772bee5e1a4db7d419396eb2a34d3eefa3e176ca48,True
1730828280.439442,81bf49da149b59508a23c4e7f57e9bf07268ef8d1c642a906c764e8bbb70e45a,True
1730828280.7488375,27c1fdc413f7f48de9c044b7218ac26e79020e983083f561c2dfdfa7b561eef0,True
1730828280.9769711,7fce151ea2eff6e610b2bf2ea09b95139c10524b63039d5ca60fd6f462e123c1,True
1730828330.4248354,9532bfe93809e46d7aa124b841b51525b1a094728dac2f25b1bad625cec70b90,True
1730828330.6518025,cd9df6ace13d112905dc5d1992d6f95be89e4018ea13f29a68cc14e5084597fc,True
1730828331.1651373,0071a2c07b3e644787301302946b31e2aea0d1d9701fdef0cac4a758255fa67c,True
1730828331.402794,11a3c43262b2cc888b3537ff535a9c07586c0d3159733a3f37f2db2581a738e7,True
1730828331.6468363,b1b33a53fbaa759fa36b030025d451d4ed96e299bbd5c4d88bed75c294f278d2,True
1730828331.8867638,70612299fce779ab5a66e00c54a317067e66be7e111eaa6f7a61ba0eea792fc7,True
1730828332.409441,d7b7f83fe272cb09d6654d360bf3724693c05b9771b04d2edc2fe8f9dd2e754d,True
1730828332.6441126,1a576f63583a1145731559f700d992f9098d34ba3c3af1f342990a17ba954b96,True
1730828332.8659117,0d751d9c0cad8c9d2e5f30f880b874274eecc0479613216a52ff7a57089f5383,True
1730828333.1311905,20ca2e409d176505800055b85380cbc2eccd34c40e48660dbb1b2f79fa51d093,True
1730828333.3839662,b3068ba147376ff31a88bbff6941a93322f3c41b87f10415bfe7e9d3e8db9858,True
1730828333.616491,fe46336aa792c5766072916db870d22f652046feca7d619cba54a33fe3d9b934,True
1730828333.8508832,c077f6b4792395d2d8e92f06d7074d1c34c6095bb8db4f41508dbaaa0d8c8148,True
1730828334.0754144,e0e3276aea40d5c356c139cdd428374d683842ca53c403636c5eede4095c797e,True
1730828334.2959378,f0a896b3c2be651f682cb6846fea084f65a79d6fc24ff22d86a53bd822ccb43a,True
1730828334.529852,99cfa332bb77166f06357e8bc5728e3821c0dde44d87670845267084f21090cc,True
1730828334.8992305,6e4deb7d7a84f660e5e085a1c4d6f3758364851b78000781095fab24a534f65d,True
1730828335.1183488,892dcf3458cfb860524479eee1f34ccffd05263b5aa2c55f9970e2fd3405e126,True
1730828335.3725703,233749395e576e2f681d0344c2d5936edbd84de55b235b360971a286f5d766c8,True
1730828335.5987813,75d7a6a0e0c5ae9889d06bcd735b515a0e06cc221c0e293405d9eb89cc83b2de,True
1730828335.8217156,645f71e91c4ddbfaef957c47203f343692263a15647aed5e36f8bac0149f7e66,True
1730828336.06704,dca94db80b150004dbc68d900f847719b64620e6e80f078fb4d0e3a60caee7aa,True
1730828336.2792244,cce377c83aa7fcd195e6e63c80b9dcc2083727bcedc96f44346f3099cb2732c7,True
1730828336.5181396,9121099d3f846fff57fa5ba8b14368df44b26f6e3dcc5016a1aea72a5cff523f,True
1730828336.7483828,96b866f2da1a70104c3c2a8453455dafab8530a3f595289094c121799cf5d1f0,True
1730828336.9670136,ea9e7dcf036910ab0bed506dcea944d6c5ee20006ba2c039615e95816a119f56,True
1730828337.190891,7c11d26e45bdb9865f9354f887b34fb11fd93f7329c06ece918c0d9e4f6b698a,True
1730828337.4172873,67af3602c73f98deb7c9e2b6b84cce6232434dd797fb61bcb071216a90217e62,True
1730828337.634576,694374580dc37092bbed9869f6ca4eae457b898399c6a7dc976c21d8010e94b7,True
1730828337.8629842,8c8a6b5505f5374b5352b86e06f7e6c0a019b81eed000d31b62e2c5763a2ef6a,True
1730828338.0937123,7429453076d5d7b67384c15ca460c85c2a1da42ce695daae18ea083411b4ae4a,True
1730828338.4355252,919eea8185ae71f3c7ca9de57e6b908496de53ca30c1fad2f336a4a65bd7563d,True
1730828338.6620574,79cf6bb46433b95ec3b912a9ef8b1a8412cbfdd2ffaf46fe32ba967792e3f914,True
1730828338.8884633,3b466d38ec9987badbb33e56b149c83306979370aba885cf4859c4a1b799e018,True
1730828339.1255727,0a243005e9209115975eea2f23bebf2a2729876792fb11d48140a7965bc6910a,True
1730828340.3213983,f8182e7809707922d8bdcf30f06a683ce12947d22e3625905f879b36587299ca,True
1730828340.5422456,9908981cee629397c086a6a12f208f4d0544d394b14b14d98fbb43dcd70d07fe,True
1730828340.7638674,461feea8abe30352cad1b7f3fbca1b9fa9523427cfbe71514d14e8cad5256fba,True
1730828341.008377,e73dcbce996b18058154a509b7e7e14111587f2f056ba44f20b57e731dda0fa0,True
1730828341.2429063,9d8f2106800d9a4fa7b3118931d103e57c0a096a9ace72e07481b7d31454927d,True
1730828341.4972584,7435a2dbd498f08236655db86d61bacfcf51b99bebe900b6919693677e3bee0a,True
1730828341.7302809,db3d31db56f859e726e2f884c37ed39d36f199263e001bfd2a9a3da2bc002474,True
1730828341.9889958,8c1a62ba094e05110d130b3c4bdd0969c2d32f0a4c62e9d0c72a638678d3572c,True
1730828342.2963603,b0cac69e4b5642175d9d9a0995513015672f61c2874e8157b391839dbabef973,True
1730828342.5411556,d83932a4c7b8811fec05fa88464ab88c278b9e5af013b2c92192a8bb6f247a42,True
1730828342.7817628,b34b24dd7dac4469bbdbebdc452b70bd1daae4c501987d9fb73c971277eeb265,True
1730828343.02107,ae2f63ce99183423afe997ef6f5121bd7a70df8b6011c2e7241f4a79aadbabf6,True
1730828343.2480488,2cf9a9be407d44c17902676b807c9f032f4b4c2afdf32ae8f64f40d06328973e,True
1730828343.4826562,6e4e01875f63252a7f97cf956b5721046d1abeffca905be33f764e236f05ff08,True
1730828343.730318,95f4d17da78df085cb9f01cd001337b8d1ce17de3642ef8f996968b27192892d,True
1730828343.9584606,8c54314617772bfd21f64bd1c6d5c158aebac8eb8200ffc34a36252be0b9b3af,True
1730828344.1751854,e60714c98b60671244e0b7ca30062102c020ef4ccbfa62f5b0b9e200225f9c04,True
1730828344.4027796,65938ddc8d0e793628b545e77b533aeed5968991b2e6ec4e7189e2f516c3b266,True
1730828344.6325836,862dbeb8f12b6e482c53e9fb44871ae15cf286bf67867ab34979072803c45b5d,True
1730828344.8438978,1a2d472698f5fa2760c2883a44f741173ee82965842d99239d05778b176cb8ba,True
1730828345.063152,1b08c5566052b7697b61f078691a5022d6a54d3c6d56dd526164fac773e131a5,True
1730828345.2875102,962b1ba19e82f1531789f9c9e480a264f7ea8f95a10c645e4d2963db47b537f5,True
1730828345.5151494,71586679302741f1f25b72009a98afeb2fed7dceea81622ba04198e238355c37,True
1730828345.7336726,1613fbaa6182de407055a3c131c9bbac41382d98bca62896781b44ce0a019f6b,True
1730828345.9542005,89de9f9164d21cf5c4d34071429f4fddaf025e6bfc4a961a90956ecfc5de2665,True
1730828346.4570537,fd107a055d3334f14b910c7a16eb60be5a3766d73267e830aafb2c147874f9e8,True
1730828346.688742,48aa2eeb43510ac9d3f559e167ad77304cff713eee19469024251c2986bf4a82,True
1730828346.934957,f13bff8d5d8df67e478fe0f3d5b4bf56352fec103d6f7bfd9f5e44941e5ff78d,True
1730828347.158241,50e4b8775492d665d68483581446598d4c1bbde1ee07594f24cd6f04c5dcd3ea,True
1730828347.388161,3f447b14ffba9b0f8037c0a5f0a91c632b7c09c2766123c21af46daf89950f66,True
1730828347.6223907,95d66a7bf7643298e6588abe67d8fde9a3190f8f051c5110851af0b6fb6dd012,True
1730828347.851884,dc15f46f26cb006513776e60a8f844ef1b98613b78445552e96a9170ec2e1f49,True
1730828348.085042,ebaae0d2fe6cded7c820c191ca8ba2d2e9171b26338b32cbd800c17a1f0f75e2,True
1730828348.321554,50a351518d442a752686ef7882d2d2fde68776e75a0c6705aad8443c57fc9633,True
1730828348.5648067,9530ecb54aba57a1fa6b6c7407f4e948825559536fbd80d5aef74352e703cf0f,True
1730828348.8079293,19c7fe80f03b98746ec3b006adac1fbddf198b675ca3d30bf2034dff75f55c5b,True
1730828349.0231698,cf2602ab53b3f58e84474ba9808a43edf9d3026d6de02e3c814aa915dd7670b0,True
1730828349.2564614,e41316d0ce5e3e2d9ad6d249ef151237a26417bfe62d34b2aa27963038c81243,True
1730828349.476072,e576de919d0f92456fadde790fadb0adee7dde888445af44bcf8339b5fd8d03e,True
1730828349.7062132,42cbcd99f72c9efb016b14747acefdf787658ddf02cda8b19d611758ae57dc1b,True
1730828349.9480307,7f3ea2bfc50abbb73de34cd6dc2cf1f4afb204bb1e701c89b2632bc81cbc42e3,True
1730828350.2096562,e1b3b51049afafff1365adad90ceffcaf2b43e51b1370a772257a9fb9565d880,True
1730828350.47812,0f9e60c97d491494579c7a4ee52a31ec815d5e2982f1f4b11949a238b06b8ad0,True
1730828350.7362788,05e919ad298e8aa23ac7e71ad2cb183a3682aee8efd5580534879b007bd1045b,True
1730828350.9625604,9a08848dc58772f830f263cd35a05f8b5c9ad123d93edce2951407c22949027d,True
1730828351.202003,0ce07a9d6c5503b7ae83e0523b847043afd33e70c01068e80a1ece5818ec359b,True
1730828351.422075,55fc690877965c0fecb3c1f420fb92831ce7c94e43363472cb3db494cbbe1c21,True
1730828351.6497023,f1409eddb30e55a0b8f1963972c48682383b4afa6538ac9995e35350019c2aaa,True
1730828351.8935308,ea1fc96e08f94232f78cb4cc985f5352ff9aa7ea3945461c1de274b8632ae964,True
1730828352.1307676,151b8e18d7b839ebef7d6bd939c58cb68c1d3096c33070a07274015300f140ea,True
1730828352.3699937,6488cb5097644134473b4e986f37b48bf47383c36a730ed630ac3ad8f71558a7,True
1730828352.5956838,727dd4d1dc0bbacc904bc9f691f5c68fb3787b0a3caac301bffbde425ce9d69b,True
1730828352.819744,5d88d38fed20e67a4cf5704033e22248fd92bfd713a4945db666fc400334c7a4,True
1730828353.045485,09938a49bf0ddfe6ea53129105a44516811702b9fd5cccf680b07342dc83281d,True
1730828353.2673304,6ae456ec8e76303f420703b3e67af70ad539bfe7e0de23eaa0feb8f9febb7db8,True
1730828353.4960577,0b9248ccdf29d87767ac26409791616412dd365f7555ca14db1285f9eaac06c8,True
1730828353.7251832,b90c5d8b0851459109edc91d025a92cd34f3b3e981247aa947fcb773681655ee,True
1730828353.9975047,920de80fd1aee5a117add40cb0fb77a33e12526e71284688fd56fb24959cd780,True
1730828354.2225084,35b8d9f3ed0ea2fc4f5d56ca31b6e69e12e9304bba605e431bd893c9c6d29ab3,True
1730828354.448584,486f0740457034b238ea71c72bd7d92d2aa89579b4fbbbf7830a5b139d0309e9,True
1730828354.714069,0bfbb680b94c1b0690733e8000ae40c79fe1a71f957aad84397a019b3378244a,True
1730828354.94939,1ba90191b862509922216ec584921ad11c14d704f161288595055d0b60bf43fe,True
1730828355.1643026,fad670dbc8cb0e65918d9538508b253801a5d75bdcb9e43f58cbe7d26d092106,True
1730828355.3898783,6c722f2e899a39730f22bfa1548794308527ce8bcc9e2e6a8ff62283098ffdff,True
1730828355.6253831,7e87acd6baf46ec8186501a3e5554be8d03bffe5553dd9f4006a6621d5ac26f0,True
1730828355.8552792,c01827db146485a6f53f0f9c2330ecf81aaecfc3f703cdd60e2dd87219cf4feb,True
1730828356.0819068,af300bc08bc078919fbb4dbe4a314c1d7ff1c32a2decfcebdcef445b9e2686c9,True
1730828356.3080027,5c9db80e71bf52c046961a682d6b8b2008d99dfcf0e03ef5740dc6f5cc95d010,True
1730828356.5370967,670712c5adb9a51983ebcfeebf214d8a2ebe1d81ebcbf86da15b73f73eec55b2,True
1730828356.7669146,fb2b21229712b7a608d9dbd251a36397743757f30bb4f132424bf6a5ad522aa1,True
1730828356.9959998,d390dd2635cf37c4ac2283bad27d2f82aaa47fc3162dedd5352ad1c108b7b09a,True
1730828357.223905,5c53e2064b48b10cf0524c4b3068a6c226f0d36ce3adb5628a81783e4bea6432,True
1730828357.4516816,8ee69899fa57fd30be86f229c0e338dfd1138063f137474fbd560babbe36bb6e,True
1730828357.6732163,a8f44298442b27a6f25aab983ba8f1dcdbb9150b8952a93fc5477b6764b06362,True
1730828357.9147446,0c5910b2f93d649dd11cefef7c9d104c31525dc57de4a2102c5a55e5907d5f19,True
1730828358.1344767,65e0628e80d0a82dde182b6f69003b6f0ba4fd4d4a7efa1cc09948f920022a3f,True
1730828358.3585684,cee0061176bf616d375c5b87e48f7a98abad08b828e97b5baae2fa584b289939,True
1730828358.6010447,b4864dfa5d0428187996cf175ff11890ebac78d7428868bbb6b38129b7efe5f9,True
1730828358.822031,b612b33db5b5c18c89136ca535d3cd25e2798acada3f91481ba90b10c71dca78,True
1730828359.0550904,c12ab76fc7c829352888d278b6b723b5a1f0d42dd7a7734ab9808e954672ce89,True
1730828359.292015,4a9b3f41c56a6de60df5e6a314b84b256f88661871ab98f5de282caa04f1ff83,True
1730828359.5128207,e0a100937cd4d997911335aca902b0e6c315716e344d3c3a532a8ba4fac7785f,True
1730828359.7329712,533363e50f827515b6ce1765243199e9273bde5e8217e0fb75fc15bdd344a87c,True
1730828359.9507315,74991b08b0bd09ef4a2ab3b51d0ba2aa6d687870e560184c37ef74dd5b201793,True
1730828360.1849282,985d8ae5278bd4e8c1686f1450c8d4a8a555774fa139be6b4ceb0e7453a2b122,True
1730828360.4045706,59c7c182028cfc115d17566f9a89e42170110a271ad5c43038df8f2c0857499c,True
1730828360.6298156,55ca59fff9ea02f1631a75264a826ba5e663b2b15cf004cb6f914984cc085230,True
1730828360.8617458,bea6110a77b221d767ed22af6d451399944450b1b617d341d824d4b329434448,True
1730828361.085872,acd2826d1df073bcaeffd3e80b1e587618d721c89ba028341a9d2072244af417,True
1730828361.3098886,020e127c9409dc4293b5538c1ec88272723a7e6dd86bd13cd4aa4b44b5afe7b5,True
1730828361.8262076,81b8f55686b3dda4e677a8939fbeed55b9c9e7e2c4f68d839e4a6abac93bc385,True
1730828362.0472062,bd1121241253ed0d9373e52abf8a3eb998f952345e533bae29282c2d0131b253,True
1730828362.3119733,e759d0d883af176e5cd42bd1bd419181c6da4e9889142a769cc8ad91e832a634,True
1730828362.8061764,298f2bfb829ddc978b2998a43ea6fbde1315a24efc7907205ad7a02c66499952,True
1730828363.0466058,59e574a4e7688a5e276e54d566ffb2b5175a18f0b720f1fbbb4d0181412f7df4,True
1730828363.2805004,bb3e4dd931810a110613276314ff06e850b7ed96c05f72b5701dc50757f79601,True
1730828363.5461977,b58174f0964ea8398f6a65b5fb233e08d210b11e8d8af8dd351a0c4276d287b3,True
1730828363.7827606,2edc22f8e95f281f2816148e26350f886de57715af37753f0e1370efa11f4b8a,True
1730828364.0054429,c0a7bc6a6fd3ede175666138d572576231e386d52bb5808479cf86c42f3514fc,True
1730828364.2501183,ba6ce2511fc6b7cb7c3e3e46fa9cb9068181be34657108e11dae90a8346bdf1c,True
1730828364.4833386,bcfeffc6e3944fd14b3374c9c7533a0b454d91e75d77d9f9eb0c73c2d4001786,True
1730828364.702728,4330c47e8026a5a4fb9447c2d9294af7eb8e8dbaa281f6ab4e0158bbe3e2dd18,True
1730828364.9229312,65e7b1a03ebdba7a9af30870dd04090d63e2288afdd7eea87f07f441584e255e,True
1730828365.162033,b55e0a3921e25d8f68b34b312f9c364db39ed2e28d0cdc786588d83073b33939,True
1730828365.3776445,ae5cb85f1cacdf113ff48bc85be4caacecf1075f3190b3b59c66c54d24db7a6f,True
1730828365.6130273,739478527b4943bbc2cfb385dd56ac02eb36633a46469abbbf3c8a43a80621bf,True
1730828366.0201411,fb21b2891ab195b7be928a6b85c3bcd7b76401349d84ff93bbad8cea11d5344e,True
1730828366.2405982,376c60cec4a5a44ce8a971d2533e2317cca68ba4a3a61b7d3c14c68ebf3fd225,True
1730828366.4676983,a94a344610de7fee25e08ebb325e0999e24688eb1a2cebbdc22677156ffcdc23,True
1730828367.274315,21c8054c3ab58dfb691a3d5a0a9c0e76c53e36619be687274dcbad8c0bd95060,True
1730828367.5016203,f93a87b7fd74625442fc2eace02ab45fef1d892cdd01ca4b7e6a8aa5378531b3,True
1730828367.7225952,3a2244ea7c43ebd31988ba9d7c161f9e89519f0aebcb088736f2048e71dc3ba5,True
1730828367.947891,9575c40bf17bc2a9934c87ca11c72399f78dce63f9c1a3f8c99b7afcc9161b82,True
1730828368.1599174,bd0cd963b16e081b5926b2e161507ef04836a6be162e5790e9e2842845b76cb6,True
1730828368.38722,ebace2765e0cb9ddc31c82468c5cc322288bfb10062226022e03c040b9f7d1f5,True
1730828368.61945,a1df8ad7a7ce6800786b3fd4b58edb4fd24e44741804c8186c8eebd73985c45b,True
1730828368.848992,b60b6350fced861387b10a4260966ceddc1cb3550728caa382c2d956e15a0412,True
1730828369.0658882,8ab3a8f1ce3eef9ba76f87b8cc527f2892363a9f17c145e4bd7bf06b534d03da,True
1730828369.2913225,930a9b24780de3f8ac6544e05132bcb1b34730e69eb393a082b473d2f271286b,True
1730828369.5295556,ac48a6af850ea88ac704e494ac3964fb621bdd52e4d2b21263caa1b5c248b3dd,True
1730828369.8234286,faa268921ccc647a23016d3b8eec9e3fa130e16fec3d6656cab5d96398579651,True
1730828370.0656452,a96df4293607f3ad5cb578dd7b05c109c19636c08c7df00c18efcb0c9d1e4f71,True
1730828370.2909317,0594f4480434830137ca624f6a8d83ecf87379ea2510800c304c47c12214f400,True
1730828370.5186164,ea6ad3ab83ae9cd0134238a66910224b6b4525018a7df7d1ec8b63cd4bbc17e0,True
1730828370.7517066,b6d9c8db267eb34510a480d4c672e6f5a4ad880440b9fb8c7d3fb9a9099f47aa,True
1730828370.9786937,a0cf452d7d0fed0841f1f5c293cf55119386e9ccfcde1fc01d931390393f92a2,True
1730828371.2037907,ecf630b05ed5a14547377856a53182159b5d73ef215b50285664e28233d0649a,True
1730828371.441302,2c256132a732a6f521d2094527d320a550a087fe9af4c8f9032b577c4038f198,True
1730828371.7034593,3a64cf6b57e920f38b2772e4c21aa8dcd70bf43d8de8d94e9c4645d440b09d4b,True
1730828371.9301844,18f807b90d68772d472cdfb464daf653d35a824e3fe012f3fa82ca8bd04bae9d,True
1730828372.1724849,8b11336483423a8d7c9ebeb0c0d6db0757f1a22d04245ccc24f3e9b9c1696598,True
1730828372.392533,10805ec96bca28f2e58a79e50e7d84b401c032e32dccd4a39326198cd28d9798,True
1730828372.62942,631f70c0153501704430ed337a3ad2e94f51bbd5bd6caad0c057145d01e21139,True
1730828372.85419,0831a53e2439453cfffd4b22343a9f9952e3678dbc494474ce5b94cf9e4216af,True
1730828373.0888445,8c6061e7f7b635ce315389ff428af0a51d652e7a21110972f6c89f3005756f9a,True
1730828373.3238618,f89ba25df660b9f212c18675cc1a86ae68d53c57accada1825ea7a7ced64fa7f,True
1730828373.548381,1e0d5b88f07fdb8edd1cc71b08642212ae125cec618f5ec2086cec7bdcad82b2,True
1730828373.7869484,39613008bc2a2b536ab87a0c43555e7cdbc4b5a5033cb4423dad1660d707d9a4,True
1730828374.0198793,3e8a34d4d46a803b2686687e1b0fe3ca19b4dfd9a641bc89cba3dd50cc3573b1,True
1730828374.2457454,101d8df81327a56a9b8b120743703a2a016f2c198d23610838a2476089a09f9a,True
1730828374.6633222,f2684bff454ffe65591fe78a53720307b511f8dc3bcbb3cd5d03e5f011ec220a,True
1730828375.1679688,6cde5477ffa0162c21f3fc678abc9ceaa6eabb98fd7be2cb01084da65d211c2f,True
1730828375.3872566,de958b78555358d0fef262737c022b799961bdff27391a2b291a66a990d5b056,True
1730828375.6044452,948afaee5a33aa96e857b04850e5ac17e1f32dbfabec81fcd566b24b3f825563,True
1730828375.845264,d9587952d125d64f7e090aa2d8f93476aa078156b2527d6403dfa23814e60303,True
1730828376.0881681,2628a03b0555754e0fadc25295ca60769396db0b163776abbfb0cdebb8fae7f6,True
1730828376.3185937,0b2e2a874b9af94a725ff034be8f49474cfe1fe88084ce1cdb147e8603c2482a,True
1730828376.8256505,2fcf113809ef8ad46b4cf8e544299e4bba2368783b630820f26b78e0de77dae9,True
1730828377.0639513,73908d452485db4f005063d06ed88afa2829ef9de123c3dbe90355bc8151ab1a,True
1730828377.3023672,345cbaebb17287d14aa65cb9ec27cd81123b43dbeba39d60d11cf8f93bc1ff0a,True
1730828377.8025057,e7d3b0bbffe9e6353a583ed1751afdfbef9a58e34648420a445ccc552c58e83d,True
1730828378.3103435,8bd1b0ed33f66ea75356f0a43488087e0b2a54e29d347952f76a57125750b1b6,True
1730828378.3545122,8e5e03aac10068b1ba2586d3cf796cb0bd428c77f7110a4c08b5ebf20e8c7382,True
1730828378.5312798,a0fcf8cb578a5cdf5a1442aeb65cb6fce29b112f89eaf1e019a679342d2de8ee,True
1730828378.5636933,345cbaebb17287d14aa65cb9ec27cd81123b43dbeba39d60d11cf8f93bc1ff0a,True
1730828378.7534628,3a5877ce9f3746b276383dea06a813cbdf38410253f0ec797de8b55434917cf3,True
1730828378.9849162,47473009768de2f16258c22bae4d280f0e52dd274a65101750fe883c96a79a84,True
1730828379.0943887,e7d3b0bbffe9e6353a583ed1751afdfbef9a58e34648420a445ccc552c58e83d,True
1730828379.3177798,8bd1b0ed33f66ea75356f0a43488087e0b2a54e29d347952f76a57125750b1b6,True
1730828379.4954789,99b111a19b4e66df4a7e2ac0c9bf58369c898d04ab0f0d0c7c45c52199a7bfb2,True
1730828379.5279527,a0fcf8cb578a5cdf5a1442aeb65cb6fce29b112f89eaf1e019a679342d2de8ee,True
1730828379.731037,964c302b9d0278e1ae904546162bf3adf29497880adaf69d0b5f9c19dddfb1a0,True
1730828379.7777114,4072ed097e020756b17549dfe0216c856317808cd05c968056e7defc67a93423,True
1730828379.9753282,739042ee6d90d230552648db168c438a6043d6ef43007836a52edaeda8446c12,True
1730828379.9762945,3a5877ce9f3746b276383dea06a813cbdf38410253f0ec797de8b55434917cf3,True
1730828380.193741,25a323e7a56dace68b3514da9181c11560ecbefdde1d5cebac84f5e76dd4134b,True
1730828380.1945734,47473009768de2f16258c22bae4d280f0e52dd274a65101750fe883c96a79a84,True
1730828380.413599,aeb08f8a9edd65d53cfa79d16e705f91c0baff5d5366ea42752119eb8d611f99,True
1730828380.4210644,abf693d2424b1a74588b60f8bf9ffdc10fc5b58bc1bc7d15ff7d8d4cad528c83,True
1730828380.6443248,0bbdb453fd144385d7d2fe66e131b3a95bb857c7075ad1cf9e0ac091c5139a7c,True
1730828380.645386,c287693439ca389b5e5a5d0ca50a81656f22c524a22126dd2215d2aa0584c3ec,True
1730828380.872161,02451ac9cfc3b482b3275ad2a6b12a6cf9e6d998196a8fca206e31195ef7e2a2,True
1730828380.8730772,654d3520dc621bbe412a613734a1847d92585d2aad8b8f27c56c3ffafd9ea6c2,True
1730828381.0829499,394dedf1d57eaecc7762d09bd8bcd95e0ca9609a40d3882292e351866fee5737,True
1730828381.0846233,99b111a19b4e66df4a7e2ac0c9bf58369c898d04ab0f0d0c7c45c52199a7bfb2,True
1730828381.3050454,71ada2826ca904320c8bb7427a9a4ee05f117006925086306fea4f47f4062d46,True
1730828381.3061676,a4fdcf66bf3f2d2cdcf5bb064c44a88703384169cf016e0a6031378f10e1203c,True
1730828381.5281281,964c302b9d0278e1ae904546162bf3adf29497880adaf69d0b5f9c19dddfb1a0,True
1730828381.6250827,03af291a965e464055e5baf7a1b822d9b28ab7b14d6798d3f9a26f455c542ef1,True
1730828381.7535164,16129624f8353afaa3d39867eb16b0907c5bb81b883238b584090abad4a77569,True
1730828381.8554535,b34c9728d6afe5162f6cc0fdf95014fe8fc9b67a9cc4726e6483179a54d64368,True
1730828381.9810047,893a185cdb21bdeeb06899695d5868953c6b253129e45d716a8a4ff8e5d223a2,True
1730828382.1958292,739042ee6d90d230552648db168c438a6043d6ef43007836a52edaeda8446c12,True
1730828382.354816,93376e133b7c38cc745ca1270a9b4ad6e921cc91aace2c4c1b95e77a40116732,True
1730828382.3982587,25a323e7a56dace68b3514da9181c11560ecbefdde1d5cebac84f5e76dd4134b,True
1730828382.6204357,abf693d2424b1a74588b60f8bf9ffdc10fc5b58bc1bc7d15ff7d8d4cad528c83,True
1730828382.8503542,8e5e03aac10068b1ba2586d3cf796cb0bd428c77f7110a4c08b5ebf20e8c7382,True
1730828382.8540418,29235d712f479b05a234f34e5a2d52fbe28fd9ab77d169ae01e2515b94c8cc89,True
1730828383.0651658,4072ed097e020756b17549dfe0216c856317808cd05c968056e7defc67a93423,True
1730828383.066523,b7ef44efe03cafa91d36e47fd264b313f484a4524ba48065b33d509fe8c92250,True
1730828383.2860227,aeb08f8a9edd65d53cfa79d16e705f91c0baff5d5366ea42752119eb8d611f99,True
1730828383.2892296,fb361089ef342f7835b4c577f710300b141489285313005cd25b262a3203a807,True
1730828383.5018148,0bbdb453fd144385d7d2fe66e131b3a95bb857c7075ad1cf9e0ac091c5139a7c,True
1730828383.5031462,c287693439ca389b5e5a5d0ca50a81656f22c524a22126dd2215d2aa0584c3ec,True
1730828383.7261508,654d3520dc621bbe412a613734a1847d92585d2aad8b8f27c56c3ffafd9ea6c2,True
1730828383.7273378,394dedf1d57eaecc7762d09bd8bcd95e0ca9609a40d3882292e351866fee5737,True
1730828383.936857,02451ac9cfc3b482b3275ad2a6b12a6cf9e6d998196a8fca206e31195ef7e2a2,True
1730828383.939693,71ada2826ca904320c8bb7427a9a4ee05f117006925086306fea4f47f4062d46,True
1730828384.1577067,16129624f8353afaa3d39867eb16b0907c5bb81b883238b584090abad4a77569,True
1730828384.1589313,963f5c7c52cb56dc976547294f79478ba680d8a2cc03441f7ba594da41ab9a3a,True
1730828384.3711243,1427952d220a0ce23cbce9465d0f7d56e0be8439088af48c40b9b2918d11304c,True
1730828384.3727837,893a185cdb21bdeeb06899695d5868953c6b253129e45d716a8a4ff8e5d223a2,True
1730828384.6185207,29235d712f479b05a234f34e5a2d52fbe28fd9ab77d169ae01e2515b94c8cc89,True
1730828384.619606,d7bddfb50ecf6ba9171da549b3aec5a544747a126d6b4bdbea542b669c7444c9,True
1730828384.8418095,b7ef44efe03cafa91d36e47fd264b313f484a4524ba48065b33d509fe8c92250,True
1730828384.8448431,8dc3a7f6496521940c94c3345ba5b05b5582aa7a81631a543a38c42e4cee213f,True
1730828385.0672097,fb361089ef342f7835b4c577f710300b141489285313005cd25b262a3203a807,True
1730828385.307042,f2f17883b4042094d856298e370b0f074dfcd675a58d283fbc327d06b8709e1e,True
1730828385.31201,963f5c7c52cb56dc976547294f79478ba680d8a2cc03441f7ba594da41ab9a3a,True
1730828385.52828,1427952d220a0ce23cbce9465d0f7d56e0be8439088af48c40b9b2918d11304c,True
1730828385.529463,a4fdcf66bf3f2d2cdcf5bb064c44a88703384169cf016e0a6031378f10e1203c,True
1730828385.7480166,d7bddfb50ecf6ba9171da549b3aec5a544747a126d6b4bdbea542b669c7444c9,True
1730828385.7496583,03af291a965e464055e5baf7a1b822d9b28ab7b14d6798d3f9a26f455c542ef1,True
1730828385.9669538,8dc3a7f6496521940c94c3345ba5b05b5582aa7a81631a543a38c42e4cee213f,True
1730828385.9793217,b34c9728d6afe5162f6cc0fdf95014fe8fc9b67a9cc4726e6483179a54d64368,True
1730828386.1902776,f2f17883b4042094d856298e370b0f074dfcd675a58d283fbc327d06b8709e1e,True
1730828386.414336,0a2baf199983f9a8999658278bac1a454ffe46fa99c1e40045c593c72c7a6f38,True
1730828386.4616814,0a2baf199983f9a8999658278bac1a454ffe46fa99c1e40045c593c72c7a6f38,True
1730828386.661091,ebc2294014eae668b7f868d22db2dbda464458cae0ae036a886d96f9b5f5260b,True
1730828386.6620376,ebc2294014eae668b7f868d22db2dbda464458cae0ae036a886d96f9b5f5260b,True
1730828386.887607,93376e133b7c38cc745ca1270a9b4ad6e921cc91aace2c4c1b95e77a40116732,True
1730828386.8886285,8f00d5e02350b712f82cd83115d04a37c99acebbccd3596e3a84fdfd959a8d96,True
1730828387.105791,8f00d5e02350b712f82cd83115d04a37c99acebbccd3596e3a84fdfd959a8d96,True
1730828387.1074412,9fc28806a7d8c4c102ac6f32b2f53f984aff04e35e387e2c027a54a411ac7d96,True
1730828387.3384194,9fc28806a7d8c4c102ac6f32b2f53f984aff04e35e387e2c027a54a411ac7d96,True
1730828387.9468284,35928e74179ccc52fa51f9dce13ab1599a3b5840345e3839e4eecd0d2121e359,True
1730828388.1743708,59d2d04c890e8895be586fe97167ce43618bf6c633efdf6bed19a3334eefca10,True
1730828388.4208944,ccfe19abaf87853b0341b4143fed23fc8816d441b7321157b1c2e50068a9299e,True
1730828388.650619,c069327ee3d7e1fa078501055bdd63d6d689d3715d8e24dc39a40fc3d1f00514,True
1730828388.867909,92f37abb9550ccea28219e07e5da7272347a78dd9e62ba4ea915e32b65eb4ed4,True
1730828389.1057827,dbebb4d63e65729c5d358a4526bf298c9c4329952945e2bb479e3f1f5506a52d,True
1730828389.3593075,0704e5703f3bae2141e8a8c2884565814f8d834d0064b1dbb9501c027f202ad8,True
1730828389.6014535,8759edcece52a40c4e19b3f691c4edb6166b4222af282fff93d18c767d7fb55c,True
1730828389.8483205,d61500e9f86479b4a009c4945c89eb34f2044b4373490bd26234379e314af76b,True
1730828390.0807357,6e09c8c4db2ba81b06fa89e72d1b7cd3cf0ecf95c1a3bae20ba7e4baebc63731,True
1730828390.410987,2824381f8a256137b2bf4773c4b1b90ce3b77c74cd70f8f50947aa87ff8c3937,True
1730828390.6684983,088decd5725c8fe51725604d5b456a8ff428c62bb44206dbf7b5a0bf6b994a00,True
1730828390.8848252,2b78bb3d4bcc3e05975376a57dc22f628a7a3708feb1b677d096e230eec589f7,True
1730828391.1052594,22327c772f391e95d2d29f537814fe777bcb654898de3b03067c9c8a2c1ab41f,True
1730828391.3296897,8766ea2e8172ead77f8542f2a7f88da0e4c7e9bb8385782de0a2c81b27e925c4,True
1730828391.5565822,568f2f544e3739d271af04c750b879fbd8f1f908b4fe48e6b47ee5adbb90bc67,True
1730828391.7746427,b5d5418ea3a32a50b566cbdda8ab32874eb6d44b5289d11cb5c9d4b5c0ada803,True
1730828392.0018058,058a4020a054d0d16a071a92d6276765959c84d25fc32ba36325c2050cc7cae3,True
1730828392.2340314,409c99eade37794606ca0b1beabc685faf58c79343224d23abed7f23eead4b43,True
1730828392.7544293,ed3e4b1b15423fee53a97ee952308415b582e7dd36f690fef2af97a72d9397d7,True
1730828392.9863968,81cc991afeed60d7dc9f18049280a18ec05f06a86768c809cf8d9f1a9c98704d,True
1730828393.2391596,cd60e69834ca2e5548f463562069e5c4a5bf4d954ade363cf71a0a39c5b095f7,True
1730828393.502211,f8172d1dc07b1ff2cd41b7eecd368f40aa9abad34465220110458579e49fa1b7,True
1730828393.7317781,adc5a21bc65eaf5a33ffcc26bf7e30b29980b315a70228c7ba4e36fe72931c95,True
1730828393.9784694,95014cc5e41c91395815e831a24526bdfcb54aeb3a15b649c50c3c17c28e7907,True
1730828394.2115948,e9f36141057d6c148ac209437e0fa75fcee8f4b7784a5c6ae836758c2839012f,True
1730828394.462759,ae8df70904843f9ccfdb1def2532738ffb172e4f4c4498eb7f20cfc56fff7c9a,True
1730828394.6916611,7930d449bca1a9eb0526015ba7fd3dba9d2df30521abd84f98f40942d0802982,True
1730828394.9151642,adc181f086a833a70bc7abcf1cae1d763d1135346dd82659c819ee62ca54b574,True
1730828395.1529055,0fc7e04eca16a50a12db28ef3b96dae4d0290ce4558c59d9a8d812de0685e505,True
1730828395.4498928,2b1d6e9dbc02fd29af9ec105478388a05802c88a53c0b6922ed1a36064faad56,True
1730828395.7004037,7ad6f71fee667b9424f694ee3e39d2b9a902e1c403a2fad0bdbcf2e6b9d8d7db,True
1730828395.9236677,500c5a16bf735b15ac326369ea695f677e0a593c120c47433485fde77620f4ff,True
1730828396.1492083,3b356be095f98671fbc799caea1ea5c4832779264bae6a5249ba12c024a66b44,True
1730828396.4004626,976c3f2be4e759472eed65bd4c60a59792bb3d4cca9eb35ab92f09c432d09e28,True
1730828396.626018,98a44fb370daa0016a99f308d9817cfb9f3eaf2e453f56571dbc8534b0cc80a2,True
1730828396.84144,b7b3db1b1698af88af4194a16269a93f814a3453909d861bc6f22f5785fd4f2d,True
1730828397.0670006,c681781c8e41efb6e5bd97e4e0f8820282133c2256ca75952efb58e569af687e,True
1730828397.3134327,aaf2c0ece9452f01b71534a7b9f2939285d8170f5cf8426b31259b0c793d297b,False
1730828397.562253,9072b6079dd2c12e36caba3de857a46870ad005cd69ac161ea235aef75eda011,True
1730828397.7828352,e18a73cb56a89c4a223befbfcb1a70d0d01f4f00e2210ce5afaa993da8366e63,True
1730828398.0293162,57ac743420216f2d1f8045e2ae9a10fcab0214e49089645027d15ff71066e1db,True
1730828398.2683735,a1ac500b93b0ca1ce0e999c48af94277a9b43d9fdf9c050389df785a8ace720e,True
1730828398.5221672,9a6c24591535a716209c227dd80a1e72f0c4c545b494901ea77252a2dc61fe65,True
1730828398.739916,8db67335bcfa0ca89bbfe157735cfae683f2498ed950612c57e6c212fd6d6455,True
1730828398.9881175,98415b8e15e82d4261da4e61ac69f87b30c86a7ae756e963cf9c7c20220dfb7e,True
1730828399.2757428,aac4adbe9b59969d16e5acbeb966add18feaf35f2a681169a3d36f689e13e2f8,True
1730828399.5326252,2c8eaa438043b7f7ecdb11bf47645925e436942ead472c3c7ecd130f7f7b3f2f,True
1730828399.776378,9d364e46330a1aef45d4ed21007d57f3be244bb802e6b7d21422aa599eab2dcc,True
1730828399.9931443,7e4bb48a97900ffd2b68b8f00f6a917022a3b02e5ab618dd69bdb3843e0ddd90,True
1730828400.2454286,8d90f5e5a5125b238229a7e75b963f19ff1a893ea07e84511f09f2dc3eabbbab,True
1730828400.5000396,d423f3e7f2bd50e2cff0f8aa50fbef13031d2138547852f9876734b6688f0aca,True
1730828400.7334507,bac11e12130d159d49691f866041c24ebe850c684819b100bc2a55165e3ec2da,True
1730828400.970147,b59342793ea8a2aec8ec4f0ccb7daad44c0ad03582a9fc68fad8621455b89c00,False
1730828401.217969,cb8ff0f253b55e78ad125c7f3fb08693d5e6e5ed2d31b48c9eca887458f52a3f,True
1730828401.4639382,cb23fde001706148525537e5668f6f0d76cea1e87d2ebe40aa2cdd017e330ef5,True
1730828401.7065334,e65a7d6bb3ec442bb6e7e975467caadb5d3ea089adc84023e2e9245032505417,True
1730828401.9332845,ea8bf1e88cfa65fc6da72be89977aa73f49698879b496e14c73643333fc707a0,True
1730828402.164721,cd0dfa787fa89c2940c4df4c88599f7f9ac18eb79e2c6b6ba4dd65d00eb85b1f,True
1730828402.3943264,4c990459ec4974f5741454346e96b1ac0a66d16312f0be0def9b932c8879fdc3,True
1730828403.6440325,f9fe848f94e788b9a12f69f8b4f8c1d35a2d3f2dbfa861f497c4109da2ff095d,True
1730828403.8739867,dea16935f31416373a4ffd89aefd53bec0a39a3f5fa2599f6c7fb9e835f03064,True
1730828404.1295466,c70ed9d54bfda54539d085623d7b2ae10dcb023e6c6ab2c91fab0ffc2eab6021,True
1730828404.3508995,848f1e123bbced0fa87290868f552736e27e6e09163097a12800d0cc0cd6e245,True
1730828404.5905018,b7cf097264136f819feeb1941e05d6a58913c22defdfe11b5890fec009f3919a,True
1730828404.8144703,644045a99162291adb661414ab74f18f361906e3a372dac0a4299e5e63e3ea28,True
1730828405.0368943,ad0693ad688074264a509b2a913d45b76a89b97473d0f0c8c1701930ca751755,True
1730828405.2540505,3ce088c04db01103ef6811efa0b816095e369f335f9f9ec14bc4c20cf640ab7c,True
1730828405.4964902,72e8288de347b066172c2ac47fbeb107b43ea6383ce17dffe4278da451a808a9,True
1730828405.717622,19de67684c3ac3900d27f04737c616f30d3d64e7732573ef4b78f83eebe42222,True
1730828405.9436667,dfb8324a6b9b0f4c211d54270b1fe03fa4c5f1c8f170aafdd44dc8e3166708b0,True
1730828406.1631563,0c6290e5c02b713168edff5bf0e393f0ff20cbe1d2545daab98a9082f7cd7441,True
1730828406.4306555,1b6f7e26dac6f5f6683c5c0906fa4c55b8f92b32d1905cab283f8827287faa20,True
1730828406.6649284,2652289ca3e0107b72ca0ce94296f4fe082c53413a2ca7eac5447a2788c0bf7e,True
1730828406.8852687,987ab430a6dc4873c233f31f5b401a095b7218341d876bc448b12fd88c066cf8,True
1730828407.1131928,a8999ac55615d5de8572aacb8e3aeac78af3209def3efc2d7781f8db9275bbd6,True
1730828407.3368506,ae6b1ff4b39d76f61ccee6edd1ea48d0892f3189734b7fb1f60f7ce49504f887,True
1730828407.565184,3e4d513200d33a242bdd17f95ba5255f5272167b8ca17330ff83acf6d4e1d95a,True
1730828407.806124,748fac0dd53bf037d3fa28bc78f5c9f7330d8efcaf0f278099081543048228a6,True
1730828408.0370817,bc34f6ae90f64978d3a23b298f17c78ece4ed0bce37b783d5184238555e79c92,True
1730828408.2646625,3124fc0bfc208ff6bfba5da14fe2a696e5f84730082ecbf05faaf4b434eb094d,True
1730828408.482958,f7d81fc6f8018de57d01e092e8adb3b6f06ea51ab8d0b6b2062282620f9738a3,True
1730828408.715671,3194fc1313ebe190d6d01926fc399458f785fe9e7bab76a0420786eca6ab2de5,True
1730828408.9321785,4902052960bb75e40c65050dc8b3256ad210c109ed88c4547278b47aa5cac4fc,True
1730828409.1683369,b3bfb4e3f7a27cac0f52ee8cef9c3a6d2ed8a44f2402fe4ce57d6b46ae38abf2,True
1730828409.3905323,03ed9e7295121bbf44b5395e0e432cc2bc74c86de0e378a51a2a582bb439c652,True
1730828409.625435,096c73b750c85862ad6ae3feff9ec315533ff1f3efe2ea2a88062de3ae501ee8,True
1730828409.8551939,64c8f422a508c60093d64c35dbf44064be76ab2e7c90ce745b627f66efda767c,True
1730828410.0982282,2023c9657e7305103106c1545b3c122e38ebfa015d626e2b052f33f907eedf82,True
1730828410.3267362,ffb5ea476325fc447ab9ba7ade277de2ae056fc4d941f447f108b43162af13e2,True
1730828410.5565135,402980e1438783876dc27ac8e789ae211b5de4a41de98eca4b8b71e31ee34677,True
1730828410.798708,35a9dbcbaa565036697f29abbec63bb75873bb6401a7866b544531c6420d9d9a,True
1730828411.0354698,b87245f020b20d1887f92142ab2d4f6c37821827ac7884ce685d8a9c1e479b6c,True
1730828411.2551045,b3eb21611a89d4b5ec662725ae67adea0135192646d69f82071aa1d888aca24b,True
1730828411.479187,07933a26291feae62b45efaaaa8867d51b7b7dc1cafe0343028f8080139b162e,True
1730828411.6973734,d5a8f2cf7f5ad8eae9a5a8e8fde13d4c68755802acc8bb81baca3c28f2f4b8f1,True
1730828411.949179,beb54ddcf74058f4f7f062168713e783f83abaf0b06dfa2c97b7669f0fdf82f9,True
1730828412.1734972,cd007dcf2a463412f93eb78ea1db149b8f98228cbb7c4dd62651f127d799e666,True
1730828412.3922958,b3fc7923a34762083381206cb0422a8aeaaa249c28250f7fbd214690d86dac15,True
1730828412.625825,db934b2f77ff5ce5a573f719c509437ec956aeac242d9172e14e2979d69cec72,True
1730828412.8579128,dce2bc22d53ec6447df3b13c35d7ea39d1d58439f8918d8fc9efd2fa1a649df9,True
1730828413.0966582,914f1cb740c2c5d47033c674bed2733e16a79a02bb908eafdfce0ae7eff264d4,True
1730828413.3164039,e4f03203f5d072912069e3aef55bdb49e8d4cf8e99d3428405f72f7b52674839,True
1730828413.5321014,b0084c9be55c880b87fea3fea5a59f8d0da9f02e6b28437ad62cf0fb21114b3a,True
1730828413.7581053,fda9f7b5dc4cc987f8cdc68090bcd080abd3eaef111412e2103bab8a9ba128e2,True
1730828414.016048,ead7afcd09f9c222c6ab27c2cb5d6ec6f28a6cb27b2595c1c267c760158917be,True
1730828414.2350836,a4045a725ffe28fe87696bcb6e416860e99e4066cd5cb3d2b4cba37e33ca28ba,True
1730828414.4509752,6d5f2f0a321e9121183da22022ac5a0e14bbaa7810a5c6dc5d5d126e4d15217e,True
1730828414.6656647,15a92978f762853f77a6e56d52075a3bac540d49ff5613494f3ec927f466ea1c,True
1730828414.8847065,c7ed8f3ffaa507a77d87e59e2cf11debcc1d2cb72b4cffe3e930211320785486,True
1730828415.1231205,945cfdc84c8b04e8c5b9a1df321f348cf1c8364445c30448d4b7d480d33b15bb,True
1730828415.3468046,2431f9a0b3e1d7a6a6d9d951f1e7f53340a237e0d62039157eb050db8699ef99,True
1730828415.5705879,b7f6f904a280c196696c623167b1200ffd634e4a59fea42d8f2dcccc7df8da35,True
1730828415.78961,dff52e4d45a791e781a4d38702a8006d8220941f6e57ac8e85342d4042ad0bab,True
1730828416.0614274,ccdf6bf2893a010c912a1dfc1cdf99027276a111ffb303cd3e2a0de0a0f0a1cd,True
1730828416.2851353,4d0ce988314afe664f0f02ec58b16a4b9890240584b6ed60a120e6be1a940f12,True
1730828416.498964,81996ef2f19464813f2d878baa5a9c1cce9677f75bda7dc58d57ab543c520ce1,True
1730828416.7147746,2fbea1dff1bda2d5851a3f26c6f5c0d6ac2a337667c2effb549b828ad47c9784,True
1730828416.9398444,e8219122a518dcc95a8013994c1b9301389314e389f9eec6f38bbd7ee3eb4c8a,True
1730828417.1889205,fad9da295a5a79b1e9f1c30add89e81fb63975ce04b728296c321ef467a256bf,True
1730828417.408479,8c33064d7a99dbe01f582d22f53acf8f79e730092ba67d5f1f40a7e09a76cebb,True
1730828417.6519086,69adb60f2c187990159539016ab2b3a4b291c745d1da10dab32a574e1259f064,True
1730828417.898985,eaf964cbfcd0569670b27a04618a454955a58a86d16fada055f64fb7558a550d,True
1730828418.147779,672f8193e6f865a9aef8fcd6915d46111ca4e4b04caa95f64889ca2e9d58db29,True
1730828418.3847406,6fa7dec00e15d2d19619863d6d87c50d3675db100714362982fc84a6b02ba821,True
1730828418.6229672,f8dc3a2e175e473de2227d938c8e3918698a802a649b86a32405995e60b396e9,True
1730828418.854431,ba33583c6fd90da47023002eed72e588a38d770962c41246b09c34b94678b2b1,True
1730828419.0754585,6b57892c0131db508eea864a4233c3e1f4237fc0747bfece4d866806a5aee2dd,True
1730828419.2971108,2713666437f99c5af08550f6daafa8b908cad72cd022dc7bf26688cf8fc5de36,True
1730828419.5169318,8aa83e1686805fb1072af1698efb7ecde824c73d082728334c036cbd058bafcf,True
1730828419.7474992,f15befcd16cf4a360fed179212ed0a6579a6a6e1981a2b0637d05aac4d506b46,True
1730828419.9766908,dc12edae28700449319b25777f0e41e28d74483f465474f468ebebfc9da0f046,True
1730828420.2097998,b79f123e194ab022d3caccb9ea4db902676cc0b3c0fe3fd50d354998d70ef946,True
1730828420.4419315,f13849507f0502b6219df74f0a39d8d0d04a3610b0746071fa3373568d464eb1,True
1730828420.6797605,e4de5509650e7979fbcc88576255841c557d944655366737c56b8550d3056755,True
1730828420.9085336,7d5e7919b06bf472af90ccd72c191e02a2916bd4f672d684eb39b17a360def34,True
1730828421.1366992,d091267cee96884b059e5e970ea90a2e843adea7bd104727cc07f6bc13d1d1dc,True
1730828421.4775088,6cbb0b4c1ef9b13fdb5781373829ceb6b50cee572e9643acf79623bf35704eb8,True
1730828421.7138743,1322b5b8069829038e6b888feaaeca11032ed393cf22851bf0c44e9d84cee6f6,True
1730828421.9441464,292ad0bf1d44dffeb65a8d84dbcb4628d70b9e13a8d256e85acfa164af7452e1,True
1730828422.8134494,7110621923e8a8d929ff516f7cf3d8b8cc8a23d1cce82b2229c8ad20a5f3e47d,True
1730828423.0445411,9bcb2ff10b242902ea4251b9fc375cb93b9392f2c56e45fe4867db710b50fd5f,True
1730828423.543945,13c7938cb94d2768a5379c17c2d4ec4a6b8a04aa7218fa4d4bc530a9dff2a631,True
1730828423.8283165,0c52437749d7f48fec627bb20902bd92320539d96f59e968b62e1477b87bb297,True
1730828424.0773718,63f9f5dd57e41a0b767ce95fd05016ee281930b44a95edf7757d2625494ef1b7,True
1730828424.5548615,93526aca3f4586e94c4baaeca474591a573651242eebd813d3921486f9293f3d,True
1730828424.754641,287a939fb7d65e8d5426d9fa6be17f38bb394f20f5c4496719e608fac13b8c5b,True
1730828425.0169346,2c43606801b855a8f8d928940b7285cbd089403095f8e8e404abc2565e935a5b,True
1730828425.2460713,3e8f03c46dc38d028c84b711b616086794c358dc52a1ff3643524fc21e99697d,True
1730828425.5048604,c1e0bcf97294a5a79477ba2903bd826680669363a2b704b0f0532279c8dc10d2,True
1730828425.7249677,773c325044619e675a70f5c0c23a13d9c2bf56e583e2e2bccf0331f280dd8a47,True
1730828425.978869,e7f40062a27866f129d8115dcfc15d74b32ffa5078ce8f2a3bb59c54591687cb,True
1730828426.2118137,b587fa0821b3e5aa97c261c6730fb9f449088d5fda7172b8b414ec7f63082883,True
1730828426.4779978,29fe781c368cfa448e987a35a35efd91bd8c7b3a633ba10b3d5e918ac2a96188,True
1730828426.6928506,a42d796bf36d2665b3c81254de230dbd3ebae3db0c86b66a97494b4b3596244d,True
1730828426.9259384,a190c6825e9924316181d06a048eaa23c98922894751897c434df285b404c15f,True
1730828427.185701,70e51b06498a36e017e82ac775700cfde949e5e2f8a682d362eeb74b28d3b3f6,True
1730828427.4183457,bedb2c851250e097329474d919bb974b221c9289ca3e8608575a650d0f473e75,True
1730828427.6406555,f0658afa4ddbc164ad78183ca81c44a433e13c1633f9eaaf4b463550714ba8a0,True
1730828427.8555958,eb48de823d1d83381964ee74485dd9f7a58f30980eb5cbf51653c2af88410719,True
1730828428.0759034,a29e843aae82d0ad4387a49c673b05f9e8aa8f64e8c41d1b8b341fafdeda3ede,True
1730828428.2912292,d03c1ee32a25c39620945546ab0cbd4b9026dab5cf0efbe16c6583de9ecbf1f9,True
1730828428.510127,df7c8904e515a9943bca379c9d48b0458104542fe37b170b6fbf5dc3eb024875,True
1730828428.7767742,b64049b1d71ec70dd54b9c6b6a2ba0b9e56b1ac6520dd0f3f806612cede0e363,True
1730828429.2797883,f4d0b2ba40aa2d8959bed15d75963029567c9d7e7fde202072c1a4ce45390f08,True
1730828429.5195985,f5e0c7aa0b889779fb4789f8855c09da529788b1b9bfd2795ccd2e5f86f626ca,True
1730828429.757753,b26a0b1c05a4aeb6cb840fde00fc8423c6948dc499f2a2177df54cbaf0a4cf59,True
1730828430.0055938,334306f419433a3b36f8deaa9d409a07f0739aa21a048640055e85cc8ac5ceca,True
1730828430.233792,99d6671ca2b0ac06e682e42ce174f846d54a5ce8d350333ce0bce3bb23c699f1,True
1730828430.4803743,037b4000e8b5d0cf3a72034bffb4f1523d86e4deb6ed3af3232f203ffa097fa6,True
1730828430.7787266,a5cb26cb73274e7853abd285a46a037fe1e6f4c5389e825edd826fa0bc107794,True
1730828431.0120494,713f2f42996dd6500db8d8119009f60167dbf8f16afefd7d76d7b2f8fc2bbc05,True
1730828431.2425122,8ced668d01c3d35d02565fd038abbf9ddd34305bb0129bc7d102864c7eeaa790,True
1730828431.4913044,03373684e7e9cc2ec800c9388d16a16f31aedc179bedee160521b75caae431bf,True
1730828431.719605,2b33ea4ee077e5935298f734216178f45c1e96f1d3f84b2ed4c949839cfb3c96,True
1730828431.9916348,3ca895996465f46c899f5e27be2c926673f9bcc02552404f6c198d2c25c88f2b,True
1730828432.255317,33408f6e081bb665e94e3ac7dd8bb1fd00e72c7bf3e56ee4b07f34776f737b2d,True
1730828432.502435,4969b063201fec9f9ec4546c001cf39f32e2d410d9d572a1473e1c24f27034d6,True
1730828432.7650619,db96817b4406acbf9a7fd67d50d5459622e6a3ae8e61c2e1e79db36fbedb9710,True
1730828432.992651,8b23a3e635decdc2abb59f83cd633ad958ff80fbdb87c032ddda37c1433f0d9f,True
1730828433.2388823,25af1bf0940f40ef16997173eada0e3830d8f18b24bb7f0a1730fed512f44ae9,True
1730828433.6383781,007982e06e4dd5e2bbc2c34ee055cba237ef472dd8a6f9cd111ccd3fbf76bf59,True
1730828433.8542705,615d34ed2b906087e5610840b828c2cb113909a5814bec81399cce4577a0bd92,True
1730828434.0744283,d498d84ddf13f2c86b59cab1886acdf32ba7546add389bcfe2d52c90aa8b2e72,True
1730828434.309105,aea8b9d6719d98b257ee338afd8557cb2d8d353616049b459b08768e6660d75d,True
1730828434.530661,e1d70f2e9231895ff7c03a6c61e1ee9fabc875028a446e330d94aa6ee0127d1f,True
1730828434.7606535,dc798844b53e7258d11535868e52c67932dadc665c9c0b3a8a2a32038d163a91,True
1730828435.0077705,f82bb67f0b0a7280e875271c3798c7a26548e7b3efb8b5ec19d3c043ff67278e,True
1730828435.2444696,16fb53319d19664333b1f676068d1c9ba465635c3f01820d7be0e96453651f95,True
1730828435.468928,f147d0269fbacc0751176f9ea80afc6738af55df6269836f49249346ef4821ab,True
1730828435.7069616,d0291473cab3251e4bb3ca8d724ca9b511d30a1f24c2f4ce488a65cf60108bff,True
1730828435.9333854,95a9bcaae3a42f7a676e20e7aeb80a29ea80102f96f48404c6868c1dacb318b8,True
1730828436.1608999,0f5aaa48fc4e6fe56b715561443983deca1910cbf43a47c5605bd81729fa786b,True
1730828436.388017,f299cc249ccced7b5a859be0142b0301c8c7ca010bb200b2161662a48030ef22,True
1730828436.6348796,f15b872cefa57b1cdb649cdb2a7ef3dc5de9b6a881204e70533a00ee4148af6f,True
1730828436.859673,0054d18e56ea5dbab71403e8d0c658ee1004183493e0892eb48ec556b8a7b75e,True
1730828437.1021068,0aa2fcca35e5fd6ce7b7e03bf2c4b067e9eb0a5d9101fecfd50c18a9e4df2070,True
1730828437.339111,dbd1e2db2692c29b083b681c3f53fa97ab782127c15aae641e4fbc4891c6bfbc,True
1730828437.5882404,5730cc11d18a6ce789f83dc3f618b9102461b8cb0c065a826d6d088da6fc706a,True
1730828437.8243012,505247bccdfde9b24e5df010460835c1087870165fbec08fb71e40f5e54833b8,True
1730828438.0609257,50ec96afc7d4bccbb8a9acae5ffdcbecffc7e551f2c4d8c30d95f0b75681b512,True
1730828438.2903976,39c28194b2a0a995ac5bc9e01201a274b0e823b9cb33e900dd022fd87e9a3fb5,True
1730828438.5340252,07b2fd3cbef675c385b105c1031fe5bd1f8f202a5fdeac28a660f4cfa9a5c4f2,True
1730828438.784578,5077301105fccd1182f3001c655c72ff0a6193e8ac48761a08fecd99c70ca8c9,True
1730828439.0159087,bd29fe6cf22b295b54b7d818ea7da19f35dde620fad787f18d03eb96dcad250c,True
1730828439.2727435,5849fad65de151086ebff3abafa4ae8c75ce71feadb8a7ef8343e296c0100359,True
1730828439.528374,ca8e7d63da8194d33fd51273a167ab52bceaa3337f9d64ec9e6152c54626bb77,True
1730828439.7611809,78dfaf97112b920558622c08f42a7d2f8f891fea8738f666fbc2caa9e59b52da,True
1730828439.9863496,9f8681c25e6321e590eb2659a8c1639ab29a095ab9cd41b91bd3d185751c0385,True
1730828440.2101355,964d26df436ce2c85f8a24d16c06eccd0a2e7c5329d52d8627ec25a963feff96,True
1730828440.4456968,a624585aecbde8907d3e59472e61f2b7248f3ed5364eb056ff9a0158334bddbd,True
1730828440.6770203,f37028eecfed029c203f3a2214f328f37bfd066027c746036e38a4887f81df1c,True
1730828440.9138298,1a19af8c620c9f0f0762c1e9cd4e6d9ffc47fd1c27b3ccf340d84fe7820f6d35,True
1730828441.131686,435f28f0572dff3188f919e92b12291b945d684180c9d8a81a55c3aaacc61921,True
1730828441.950468,324b0c8722bf7bfac1f3275f00c04691607dc11bf807d2f1e17891c23d5f5468,True
1730828442.1652403,4f8405be1f425e8bfce059e4c00d40738c8e05b5b45bec8b4b557ecff7c40aeb,True
1730828442.3822072,a3821cb7d5896d805eaf33cb8605ed8887f17807acb826faa6ea7ab49005d592,True
1730828442.621289,2e353416db74d7fada23a121c4d4b66a8284a4dbdef88587026c49f29830e995,True
1730828442.834774,ba7e62f6c4071f8363c2afe251ab813c10874eb0db82b13584dee1ad9765d2dc,True
1730828443.0500872,dfe634d1da2af3e52d23c12d8e58f01be410655a8ad8bae6103799f5f13b3fe8,True
1730828443.2737458,d08f1a032e8bbd5718e5e885d834cb4145a0646575b59e1d6e086e990f01236c,True
1730828443.4997544,e43fe7db0e8cf8990f57e094ae891057aedfc65c64a8adb7118db982378e0d25,True
1730828443.713363,bf772e9fcf1c76fc7f244a960a0c68b33a23ffaf3e233d460ae4da78a957dabc,True
1730828443.9333966,45399ffebf081277df25acef28525cb18a16537477a9176e9a78fa9642a34c32,True
1730828444.4263446,eed1547ccc26bc8fe81294b0eaf6fc317324b42d752d170e676102f23f3c842d,True
1730828444.6570902,32d05d65aa88ba8375614f43cb21e49190e1a716a308f42f0cea5a11851db0e0,True
1730828444.8886073,160f4462de8c291882035c36c790529cb0fe42ad60ef10919b05863b7b15f402,True
1730828445.108257,99dd96894d6ce8c9700542afc671b146019bd43ddefee06cee06863ace18959e,True
1730828445.325621,9eeaad6bc5ec001b288789e06c58acbe316ad6165bdad58092e3adba776e2544,True
1730828445.5504346,b7a18d925da18aaf068fbe115fbbf8df4077e01063a6bb4b7f0149af47a3b032,True
1730828446.0390468,780ca7aefbce7e05f5c24b46105d4f94e6d281bb44855b0ed498fe076c67cf26,True
1730828446.2716165,7bcbff20bf501684d12e99666882ded217a74da367832e5ba6597b2767a0f673,True
1730828446.4971821,b78cd49eae713cabf3c84efa2362b085b1ba18eddd5e6114bd2a1c8570ebb3ec,True
1730828446.7547565,dfeff364c833b29625a56156dd9fede27da99cf351cc77fdc40dd6de61aef86b,True
1730828446.9735425,5fe097b79a437245914048b880a018160a568267bbfe6d27f8b238fe54dadb54,True
1730828447.2067335,669d21964095395632027405f5792ea3007f612bdb47db3b8126d1140fbde6ca,True
1730828447.4265263,867b92bd4bb374777363dfaf515b0304ecef7bf18a2a7d266765643529edce0a,True
1730828447.656048,2e3da8fbd6fd5968e9d8cedb060b8b798422394dfd74443a9a69dd4563c2334d,True
1730828448.060738,f2397c3c0cf053afa501114b4d2080298fdaba0af0e3a24f733b7a6eba12e1b1,True
1730828448.2971277,476264861c02f5740ec433e490654641beb5a6235941e2337f8508fee4969755,True
1730828448.5286083,dd9cd6876faf15f50449958dad44e4bf51116bfc6e00edf1e9c2e71529d4f381,True
1730828448.7458782,a70479d057be81f35019da4df9c94e076720eb31a3687a47050c63c7c54b6670,True
1730828448.9684248,ba6c14d4f1d580021ec0323d1b40519bc78a4684bc8b1125cdefb794503651bb,True
1730828449.2040966,77368f167d8376ee778a1b3f8f405e9fef595b55314f4ccf1df79b63fe1a632b,True
1730828449.444824,73df3c3229c4b1acdbc7102be98c4fdfabb4d0c8f478e990a3490f8dc917b2c2,True
1730828449.780629,4706217110fe90421470c8224c80656e73f3ed5e06fc07f5733fc9b6ad77d6da,True
1730828450.005712,3b75a05fdf3b3606a18f6e658d41dea4de1d61285ccb23f87587ae08bef81a81,True
1730828450.2516882,35824a570f0f9d9698d2d73b205662f8ab8697fc090abfbd649e452031f2a192,True
1730828450.4778929,6a1ae0744d44697921cbde81ac0a5e6d4afe4f52fb1e1f8b3f9a55bcd80aac38,True
1730828450.7039495,580cfc79dc771fa20e04bd925830125b31ad885fbb729882370c9fbea35ff81b,True
1730828450.9496214,9a083d8541f11664a6e494113fd4b3e138fe1db0d47c5aec0ac47d9d7b6a2d17,True
1730828451.171795,f1efc91e0cacadfd3d6b687a429c3d6826d047485e3f1a30e6e0f3ec6d4dc093,True
1730828451.389916,5a44056c5a8f71f02b0ac265dde4b65bf0fc0614a4d131593b1374368b3fd250,True
1730828451.6144137,39bd5dadc8bdae53be7ab90577190da0aba02fe32f4030025ae2ed31b818fd2f,True
1730828451.844938,8a412d051cde0349fb3bd05f0b058e68f5c6594b11946e2327b570fbdf7bdb1b,True
1730828452.0837202,3663ddb98ade6af6e6b3dbf4f61e6dbd32e0fa40d17eae499899071c8b7e45f0,True
1730828452.3144553,ce30672553287afa3da5fc47d959a7f9a3a23f9472bf2f2cc826536a37da1600,True
1730828452.5437813,b3215deca3c10032e8b07d9daef9df1471a0f3a09aae813e2a02d8888b6ef36b,True
1730828452.7697968,14cb5e05e4408849ce0b6d0d63f473f0ba2b76bed96d8068a21b5f2af949222a,True
1730828453.0016592,07a67c9bbc28f9c0b92d37fafacbeba46886c2ed7d024cd220e6f2b494bca47e,True
1730828453.2256165,2bfab94d785d2dc39dc175600ad463c1135b03602289af3a40e8203634bb48e6,True
1730828453.7265553,af0bff4332f75846dd57a362750fc31ad179d761714e196303af7beef302ae1a,True
1730828453.9503467,390dc0f4d27b9d1073e073a35de3b7ed92d0e3d818af97fe3088e12ef0bfb45e,True
1730828454.1700912,3423e35394428e7d9916a80533826c25e9bffc24d5b5b39343cf2b7badeb9af8,True
1730828454.4099154,02fa3a6f2160120ea9d4c9a0bf3ab2e2d3bcd49664c25b505d862cb90975bcfb,True
1730828455.912052,c4d72b720cd514f4212de9daf83d102536ac5051ff76dbee8eee734ced7a9122,True
1730828456.1413462,48b11397d6ce91a36cc7be82fcbc3f2e8fbd2ac9b047eaa315fc0a8d6fcb5b6f,True
1730828456.3624394,f9dd64631dcfd27dce2f0818ae9cb0dea860daaa62499ab596e0243aeda9c170,True
1730828456.6029093,e9eb2d09b50f32375428acedc88cf87ad3c2e08b8ee55b4eefe491225d16434f,True
1730828456.8305163,85687b587776a50001ad38f9a5e5a7fbcc03a20672f2b2e1792782cf8c4f227d,True
1730828457.1257465,67e27e46ed1a1ca4485e0fce447b055406c8b11dd317a9adaafda2729abfa11d,True
1730828457.3573954,b4653eb2326e54295ecad6ea5fc6a810a90923e62e8852a5ac4869393cea17f1,True
1730828457.5912323,91170377305ebd93d7305d192940dcafb3df2247b7102a6517de341957a4a66d,True
1730828457.8160968,8ad5f88f150183f1999ab1b8ad32a763caf8d6fca4b37100f15cfb3bad8c3aab,True
1730828458.0369492,fb500088729605f2e6da1ebdf6204c7dbeb7b3e63b6c0a3c262b59ebd61e7cf2,True
1730828458.2774777,8467616e747300167a1a0ca5281b6e9b2104d13accff65a607501d8bc95fb548,True
1730828458.4990792,995143618479fcb3d8bb61a1e7c4a7db1066290fd0dfda3e160b072d2c495910,True
1730828458.7269416,5f03bade75753a6b48e3063cabb2a4467a27e88fe9ea79b053d21a14c0bb6819,True
1730828458.9586356,7759dce18672cd922e15a7fcae765ba436fd5e4ebe8e464d41516474e03d7481,True
1730828459.2097406,a12ce6210bf2510a0a8c77ba90ab0074060067cf5ec77267069ec5fc288f8527,True
1730828459.4631863,6c7a22cbfaeebe2c0ff49c1284ce3eed204cd637e16ad398ea64f371887af713,True
1730828459.6861498,17b8a2e4199b6f974ade7906d7a0992fd4e36cf9a2f376f779146b827f4ac812,True
1730828459.9233499,2d26cbe19f08521143f08dd57d7442d7db80e177c5fb4c2de0d70923e0d8d6ce,True
1730828460.1597474,bb601d8874c5b1ce11c9bb38e4eb124e8f862121d45f35478c495e072e458c09,True
1730828460.4018712,b5ef1ac7821efd8882c274db7d0e04b38eea6a419fd8771c2837e787eef94754,True
1730828460.6521208,646f20198b2f92d286c5d98deebf3d6b053b88a354dff14cd5f5d440c6178d2a,True
1730828460.90213,c048f204424b7a5e07be46447b009fccc6cba4749182e7f6f22535f09b643f2a,True
1730828461.1328788,05b6154e20065ec395e0ae1bf9ceef487dcd0813f2b792054e9209b2fbc22e87,True
1730828461.3605704,9e1ae3b32f4e87216dddd1f6eb4b52ae2a20d3320e5a0e47de47114269432529,True
1730828461.8772376,1365f9e68cda0d292b7b08faec7874fd45349564e14511af903a9a713222618c,True
1730828462.1074991,a1c1b7e8e207117cd8775fcab4c6cc9794c067643b437033e8d7a405e822e7db,True
1730828462.3337023,bedb1fe24149cc2cf0b0794fa43d9e69a37b638fac130fcd27d5aebe32d8e657,True
1730828462.568255,cdcfbe3f606540e2d6529f8cd7f737303a9072de458fb5bc739338e45fae2900,True
1730828462.7942011,ad9cd63ddb150f0ca6fbef5d0e9a07141e29638da7fa652081c3d4ffaf0a73dc,True
1730828463.0052965,6811becee57e39fcb2bb91afa957ce2bae7daf9737b8d5c74432ef86577f33b6,True
1730828463.2359996,e28161aedbfe6c2ad4900fde6bf3efb6afce7a26a7fdd879538904893a65a1dd,True
1730828463.440547,15956b0b9c9cd28ddcf7203cc62b57ea654b06da08094f857f4b590776d00aa9,True
1730828463.676569,3ff99fe3571db0086788cb40ae358fefd961bf2da8e9726bf8acad2a8664e5cb,True
1730828463.8953428,206402bf6dc81d2114a20ca829f9a7d01cdd656dd1b8b1b0954ccaa9fc7055ab,True
1730828464.1296983,ff86a1a8cf7a25cc4e1117bddf3f497a6e5223a0723228d58ca69b6798b5e647,True
1730828464.362603,5656d1fdc601e08eaabb7a5d810310f500d41ebbeefce8d0d00cc08b1051e6ce,True
1730828464.5869489,dcfd54717a3a9eade06f135eb5862decf6ac09d1f062a724f1fb128e5a0d9d84,True
1730828464.8280678,cd5b75ed2a4bc1c2cd5ee25190f83bc2ac46fa690581ff223b6a011526eb8c32,True
1730828465.0330365,3b3899d21eca4a1e134496650f0f7b9719cc3d99707e1affd5de5a827745c452,True
1730828465.270664,c546b218804fc346ec2cf440d08510e66149eb7937908ef2423d983cea933952,True
1730828465.4979906,cceee4f07466ee28e1216049aa1152372bb5b8c5d41948a847197bb0de5808e7,True
1730828465.7186782,7266f700208052cec7474dc7366dc7136c6beb34ad03f4b104a9e12cafbe0bfd,True
1730828465.9419408,9254b3c5b84fe21c9a0b5b589c7776fb7c46780b06696a21c1e8a42d1524e070,True
1730828466.1699812,b7f97a5b1bc82952665aabcf00291ba56b33ea709f502998a819f2c03d5adc4e,True
1730828466.3961582,d4d4bef344ac878e226bf0db882f575ce8cad3cb0931da4aec18360039b5f3f1,True
1730828466.6254225,93bf4166477b7ba6a9582867022801f97fe373e444224ae729f85166755d999e,True
1730828466.8532727,9a3bf3e5eb729fdf9d2c172a0632e961b698cb4bcef02a7aa6973d77ea27e754,True
1730828467.0704536,db10aebe0aa3ab0d3587b950a4aa4315bbdcdfc136c963e49d31d2028e3af04a,True
1730828467.3067026,c297a709a78df889bc7a1d9e6d841e4947ede6b2ec1ca0aa19abded4ab4380dd,True
1730828467.5331433,e5a3dfff6bd8e48777fda212936e6b860f5b54559bb4078cb06cff5310fc4006,True
1730828467.7666237,06e1901e91f9458b285f9b6b13b962ad6e7cb6265b034db418dd3493671021f3,True
1730828467.9880831,c5ce1ac3f91ab3e96694d7537810c5f551c05f9efbc48fa058149397d603cfbd,True
1730828468.2101333,c9bb6e75fdfe667dd722687fd082fe520641b4eb287f7b626d76e0bd5de5996f,True
1730828468.457589,0977d37cf7326b3bf9116da26929ea7d1dbdab68fc7fa5da69c3baa3add149c6,True
1730828468.6803489,8ecb31166423b7a38bf56225ff8040c892f13c5f84e5946188fe478173cf3f48,True
1730828468.9033527,148506a363ecfea3116daa155fcf5e850459da7a64c559a5e0510f37819ab100,True
1730828469.1250486,025b78206b0912f481c854f62e553f29d2cf3d87fda373beeeaa4fde55f1fccb,True
1730828469.3626096,eae8c2c8e24349b5ce0e3d70fe8900fbdb17e8cc28a50355f67b092d73e6a149,True
1730828469.5879588,c12d0be828650497b4ffc247e78be3f26ebf0ab06508c72a1958cc7c678ab1b9,True
1730828469.8458602,ef7543edcaf6b26dd95b25494035aaf9bf3bc02ad74c922b703c4c134eb2793b,True
1730828470.065081,f69dfc4d96e52219cc98df4a552a674eec33289157aab192f6be482cf84afa3e,True
1730828470.2990289,655456e90f84979e594635e1c75e6bbb2093986d375aa4f12e6f91a55daf5299,True
1730828470.5385242,17bcc5c135f3dbdd6ddfcd7030f27f98fa01f4beb6b59bcd168cf84c19ce5de0,True
1730828470.780979,5dc841c98ac161a96f4dfc67847caf52d9ebf3d2894acc04f485a11b6efd01c4,True
1730828471.0021014,7961e9173b021ed717d0ae40c50b1e177a9eeb1aa77df1a61a6ad30ad8ef783d,True
1730828471.2281365,c0deb1c0d1801e0943b6fa655410cf9b6339838a2f9a48f587e89ea509b90bf0,True
1730828471.4881585,47ea4e57f0f2a0de48bb09330f9058841701938fb890f1a820d6ef8819301c18,True
1730828471.7093072,350d8ee07848f660d303d25630e901fccc9fa8edaef3ec85fb1be80580722641,True
1730828471.9488056,7185628c721cc5ba158832a0f70b9eeea0b6d33478fdf893ecda0d0ea7348b85,True
1730828472.1810155,c8f6c6625fbbee2fd364dd9acfb383f0b179c88d4fce69619dab8afe3dc64d01,True
1730828472.4041514,6895f6946931b38376c9af5a44006fd47001ef919c42114e46ed00227d902614,True
1730828472.6581373,73d909040ad5d2a98767a07ffe396e1c93a1fba3926353339b93ef2f1bd494fe,True
1730828472.8896852,272fdc1d0fe4970f84eeaee1cb8a22c1d7c90bad7a226a02b2df02a68a2c9e32,True
1730828473.1342096,54f870a053848f77df68054132897c5253d7ffbf961f1cec1a36e5fe5420e5d9,True
1730828473.3597484,ce3d96de7a1eaecebab3b6eda8103a338bd02ea5ef8e2b60df147c72d63770e9,True
1730828473.6858108,ce65b7ef3809ed3febc0d916eb4c10415360f0ce3f2ae6cc9a66005f615f061e,True
1730828473.8932407,cd96dd56e5413f7abb0a28d4e105775439a9ca08910c792009c459cc8b7d4550,True
1730828474.1109755,6b08bed6aaa2a5549f548b9f791caeede159b964360584b8db243449aa32c54b,True
1730828474.371328,e305d387982ae8a4a9f94d3a11cf45b0f0d1d28575a6a29dc758d592f648518d,True
1730828474.6172352,b5dd3a026641727eb616d005a9c9cebfe9b6bfec97e8015038fbe8c786fe7f7a,True
1730828474.844155,db4375f163a42b120d4157a521af0a9b538e7a929ecd3a0467af2a67f045b647,True
1730828475.0635316,10ab4bf493b77396662f62d9928aa8d78e891b689d2059e594be06401971af0f,True
1730828475.2832632,024e08e5c34c94c445b0d63f66614d887681518debff8a7a3380b3a6444f6c6d,True
1730828475.5037909,0bca980b1be83cf80d73256f69b3a0d78ebb4f60bc4d72197dd5c20dcfbedb44,True
1730828475.7162795,4cde4a6e99abf2a4737f27173146afc014a931774be16ecf10dc88bc4ae173b4,True
1730828475.9502165,13541ebdf49d0d2ef3fe2da68079b97c83e895be5cfe1114ff685cc104fe1729,True
1730828476.1820958,81eb5157e501ac0dfa1823382edc8ce4c5038d8998c22e769c1fea56703f494d,True
1730828476.394194,baac65a23160c8e37665ed4a5955ec69c93c03b8495585d06ad03228b39d0314,True
1730828476.6177788,75c3ab7978ae22e936899c1ee0a81d444503e192f08c66d353b226c21a1e1d2e,True
1730828476.8481026,5434f813bec55f731cf5f5daccc3792ca1ec77428a1681a256db4a5bd97c08dc,True
1730828477.0650403,31aec8c3a73974e8c108ee0c90f31f77038c14f89f637b81d10f28026b391e2d,True
1730828477.3000813,0930c73a5a9e5fb7486486de5127be822c0177c80bcdf54a542e9d5cdfa376a2,True
1730828477.5514517,50bc7d29727788a7f07be032d62e4b5633bc12d7ecdc47d169a8afcbfc88d33e,True
1730828477.7797346,87b7f1f72cd4e9f6016e8f8f10a43b259b67570fd29771d5debfc97af294c0d0,True
1730828478.0293736,7d667e8ef50600c645da7ec7af5f76315636805b80aa4835457e66562c5180d7,True
1730828478.2545679,2be88d8acdf6af0428b22cd3730466006a7ae918438168689493756fe9e7cc2f,True
1730828478.4790459,cfae174e43d89d2e3cf67f9ac0ae2af9db0deb2137e8c42bdfbbe1770f0f1c77,True
1730828478.7047703,1a2c7f9b65ed0cae5dbe33e9966be58cf8d67a1f877b07e6e63cd1a659fb2b25,True
1730828478.922958,d1af4e9f74f34b87d3f3386d96b3acdebe04a01080440a05789691d14e8081e6,True
1730828479.1570415,f16e7159bd7d40b1eca3dd902e08e0d2bb279531e8111f253255bea18fa17b58,True
1730828479.3814836,c9710395cc14c1ccb84a7ce13f9041b5785fe236ca804cb28f6c04aa1064884c,True
1730828479.6207979,35580a69da6f7323238dab42e2946acf1dc3c7413c0b273f94c741a3af1282e4,True
1730828479.8817515,efac09ed14e65ef9764637d1e2314fcc5f05a14ba0f178cf29deeead2e1ba517,True
1730828480.115752,09262cc653a4a955eb1f3de8c3031b0e418ffcda3af72bd80184a520b819e917,True
