1730829541.036175,d8913b9ee94dc3f3811c880dfe5e40b27208aec50914030d5b982d147a130e9f,True
1730829541.538635,1c11561930e749b094216f5816114fe0313f18ef90a60b8b191e8f2b4b9a89ee,True
1730829541.540521,97808191fbe684c69592e18f09abb359acf9eb58af891eb6ad53475b5600abb6,True
1730829541.7556012,9d7c39077d1d045069a7d747674d010bf5bc5e48d7de5042e97b672481b486f3,True
1730829542.055763,eac043cae1c7ab78f198186a6b0024a8f86f8acc1c8733a73811c9ee74e31d4d,True
1730829542.5534096,435ba56a733fb8f1d9d8d8260933ede833475c4dc67b588ff6d09635da592795,True
1730829542.5594873,9eb3f96d4b94abfb60fa9e5e171de50f5693cbf9380c2bcb4042f8e02f210f0b,True
1730829542.8686447,d5157677a485130bb74c236538f5e5fbfa45cd3fc8dedc348b741cd981fda12f,True
1730829543.660819,7cac160852b864f81a2740e6f55971a691e2764ad019467648dfed2b88f5cf5d,True
1730829543.6618643,b4fb5bc60838d04e6b7636f5a7824a7e9163eb5211c3c62dbd0ff2e25fbfe797,True
1730829543.6948664,9ac3656391ee56a3d74b33c2efbec236c53fff4541cc2d253df88428f0be749f,True
1730829543.9999328,bbdda1948ce73b8191278e20963294c4431dbdc28b20ebb594dc67d9966f037f,True
1730829544.6807406,4b0f07310b6f364a354b00cd72334870571372a2e451b4ebaf0537e31018b6ab,True
1730829544.6829667,bf02115ae1f997f61d671b917c30267f5a6a902a80a122cfec6e31a1eddf0490,True
1730829544.784421,8160472fb9f069733f90619560075541dbdd797afa73922d40647f7675227f00,True
1730829545.0230107,96a801e90607b13442acc3c64b2769a4c554121337dbf9f1ef9fd3ef7e09d3d0,True
1730829545.602921,8bd153d8cd870f717c1f203dc9da1b54dea57d63ff70d2fe9db25dcc321ef92f,True
1730829545.6047192,bfa0c850fa1a8d8464c9bc83a6928ab1b45ced1bee2cbcdb154c722735c5b47e,True
1730829545.6283565,881ff6da019ec0aaeeb6b36cde15b70120dd898c1153d1dd1f1a7d7d4d6cba1c,True
1730829545.8402302,b02debc590b50c9cdda96721584972771feeea6643fa19492dfa5cbdf669f7c3,True
1730829546.149686,9f5e247544aed7586d805a086177fc9b4cf3860d9238578aefc80986eab3bfdc,True
1730829546.7279475,52d84c1596e8f41994595e3e95c13b2b4d8602bd2dd493cd2bae2a01d250cfbb,True
1730829547.653328,6543d691707d961d1f4bd70ba1b401a48928a8825503fc4c38d67e65224bfc0f,True
1730829547.870916,b1aae083f47b376b6f0a4c0c8343f881a5ba2ef1d0c428ec394155a7d532eaae,True
1730829548.7779236,427e9f7f0b9ee2833b0fbd4349fc9efb22bb44d215e494c1f83117ede4de55d4,True
1730829548.7796626,ff72ed9e16e826710cf153fc3c359726dac97e8ef61c5a768a4bb4baa4ea17cb,True
1730829548.7995431,d125ea31c9a298aadf08da9eb7a5a8c527a1782bb0601fb6cf5c8fa9f500a797,True
1730829549.1132958,02d9a3fe45f277b797c9677ae702a7c14e314ab82bb3ab856d6f7849dcba1497,True
1730829549.8008423,71c4a76cbe1851d30ddd0f047400a5dc3c42653b8fcbda39d12f22060f45026c,True
1730829549.8044262,36bb29ae258ff75acbf779b39211b1152dc1eaac2f75837e4b4cde5bb9c9241d,True
1730829550.1444206,e6d309b8ec7edeece7946bd159e94c8f091fb5fab3fd35407b4ec5913a55c690,True
1730829550.6142697,b205d5c84e55c839767ebb7a04f01f0de73143732f1cd68a5273b19b4f9dfe57,True
1730829550.619631,961ca17ce7ffd368010da1fed1a51ab398a8f859aa7da731528e21ca089bb3f0,True
1730829550.856307,f3c9b04ffc469a75bf9e34755161adb59e4a4e4c8bdb9ce3d00f9553bf9fe5e1,True
1730829551.081908,3fa12bd2849d95b04c37a949c295f126771c0a60a1f5b2f053b91fb42f832396,True
1730829551.651604,71d95e8037107fd21734ac7f4d3fa2d576ac600b79aa95ea0d39b0dafc87a6f1,True
1730829551.653129,109ad66463cb921e8f2cce1cc14a30b85b51499d36fe0e31ff877c55c6f3c1ca,True
1730829551.7685006,10ad926361df2ccc94c59b74416285342c4787acf44bf65d1f7c17ff55eccb82,True
1730829552.0385308,08b9e75900d2f0288a400934bae8ae483e3f547a6b9a2dc874a12d636090190e,True
1730829552.635519,a2d4aceb83fc74c391cca3943d808b7079310b024dc848cceeb4b17d5203bfc8,True
1730829552.6369424,ca843ffd06c8f58ff655c27b365c2cc0eb6d5d4f9bf3cd3e0fd348f6db44d386,True
1730829552.74256,6a56741ebfc26e45b298bbe96f61c44d5e7122fc77499a1bbd8e3ecb49c082bb,True
1730829553.1095104,d4e3a77ba1b1b7c1cbfd70e46b4c680a2152ad83dbe2df9244aaedde70c2b349,True
1730829554.1067522,c3437bab1c7bd8743b6b7a5451e0197bb0816dc97af8ca34419e347599ae66eb,True
1730829554.606452,114387f9cd0708c9da09465c304d9d964bb79d05d56ded41ea60fc0a55f83198,True
1730829554.6080031,3ccfe631eff5a9fc0d43fa3c9a06bf5ca6f2d298875fcb0d8beaaf33fc680846,True
1730829554.7490788,5ad1fa569767d6d19e19fe58f2a8006c265927fa64d3d4a3d418c93d7904f791,True
1730829554.9700034,8cc434c76c2b972e1d15b08d379344211a698c292aa10f77946cf26f4b694762,True
1730829555.739269,c0a92af811a112702bf1055ee2d125b989bf1f31eb3840726b28a370ed3f90f7,True
1730829555.7424252,60e3435c21db29707a5bd32c2f2ebc5325c2ff755bce428dd1b6614663a42616,True
1730829555.744845,9203767a6f56e1f62da38641625ab8322e03c2fb089b16db1b3da245378e59e6,True
1730829555.969495,d39ded5b37e9a12c90d442b409dcb56aa6ad9cf79d1e1c1bb93fe1f81419825c,True
1730829556.470724,5a9dd667b37240291844ca4858b116dfcff79a7354121795d355240a2d64ccb7,True
1730829556.6587708,d74de69ce41f8dfafdc56fc16d5ce561006a08d4a558bc722c388ba7469f2dd2,True
1730829556.7088459,eeb62e1f56e75dae3da114ad63cb57cc0dad8e17805f43fc0f7efaea3cac9661,True
1730829556.9374757,d96c3110416f8e6f58a36bb4873946ce086f3f1575d69367e3b8059abd17161b,True
1730829557.1620007,93c52be8618f8e3ded6390aa2f9c570c1b92547d1d5fdb665cdc151c72c58962,True
1730829557.6841388,7558b6bffd98f7228039b46e4ff864f8c55dd3e641496794cf6d2e8ec2e0601e,True
1730829557.7089362,6825927c822a3326570f906489821a36dbaab299fc8a4b320a3434fad86cb94b,True
1730829558.0221736,70b193b1992484e7699c0d98683365c770ad0618164ef77c8754a6d461798f22,True
1730829558.8125966,b4e4ae8532b65c266b9228210de6ce37d44051f5c8803f46dd30866ff3d8cc6a,True
1730829558.8137581,09e6ff52a904b93a04a6bd754f91f6124e299b54efd5eae7e0c7edb28227f50b,True
1730829558.8166358,b3899e971dc186efc12d312b2d4111da6be581ab237720bd7fb8019ec5df0092,True
1730829559.1523478,a30446d105f5c4a5e9c1cbacc5dcb0ecf8674f3888351b7554183955cf4d1936,True
1730829559.7320883,8e39a84bc500d1a65f95e675a4c67c7dfb8171483703c01a43ab93f3ec75ceb2,True
1730829559.7405217,76a4936198acc4f91b84738e2e2d77190e39a9b26468d00f03988b699290dafd,True
1730829560.0448318,2e376c13bfefc5ab88c73356e6538cae44e99cffceed2b6752c71d796e9df978,True
1730829560.7573617,106475ee16e52f0142c02f1e6b563d7611f5c70007ebdbd1539a2b553ae54453,True
1730829560.75839,7ba5a7f3f0fcc24219b140637fd70dae1ebd85a9e881b25e292b164fbf2bb3e6,True
1730829560.762217,62e4563a1cdef80c1960bb6dc36a9622bcb856b7cd0e121b834df3ea34ee21ca,True
1730829561.0976179,97dd9bb053ea1ef219026cee08afc0b9209020c67e2a88543ac8c8150ed50359,True
1730829561.6338527,4aa2eb66e9e4d788d1c3f1f6af1575e7ece80ad8df18452f3fed8342342e25c7,True
1730829561.6405606,a6361b3eb36ca8aae8df4a91f3c104188afaa52b9026005ddd8367430b535302,True
1730829562.6779625,13c00cbf9071faa8c39e6bf3d18c562c86b4491a8bc2a75a2f2343694ce4362e,True
1730829562.804973,b9930101de3fdbe2178457562e5fc3dcf0ce80d05bebc64aeeec655e5aba486f,True
1730829563.0388782,1473fa42840fee74c1bb43ef12e2abd5ed9444943c3c8851e8e4aba25e0155c4,True
1730829563.6816146,fdf7e80ccad1e943cedd39be740502d8249d9cfbc516e6533e7033843086cd7a,True
1730829563.6834393,c56a2f2b2bb0816550b13d37a8b291a4ffd5a097e387388acb72e50f17935483,True
1730829563.714645,979b9da6a9c8dc3b797df2abcf11b388aeddfc0ec0b1fca32c61b5341cc8e393,True
1730829563.9338825,6a65a23ef410bbbe379b070d873d938ad84d6d2ecc840fda24288bdc453ee6fd,True
1730829564.153117,fd60e28dd3a90f5024980c48dba262b82f7ab15e04c0d8168b410cbb1a9f7bcb,True
1730829564.6628664,ca069d99ea9d80b32eb7ef85324be19cb76a827746f6cbbf5320e527c024f3c3,True
1730829564.6679714,86a7b3280873c6fd3acc0dd6e704567558bd5e8d634ae3246f5d7ff239469065,True
1730829564.931076,4345572c26321a4d96e1e62012c09f683a2509676dc45b61f0506e2d79712465,True
1730829565.7825913,fcef614a8cdc9e633d51a7eb55f24b290107a136d61a0d912d9f078fc626a573,True
1730829565.7837806,a3b6254946fd6eb4590148956e5d489b65867dca713934ba05248e32b67aadaf,True
1730829565.7857833,5b29c9d4d6a27c4cede4dcf7d66cc85c199e241debbbf608f270661b2496d844,True
1730829565.7923107,7b1403fc1a723637c4521d4e9320f001e81642fecf2ca4a3f2aad30c9a53647c,True
1730829565.7955413,3ed5c5aef6b5e39630abfae52d17bb338dbb4ad362e10549abd6262ab1f889a4,True
1730829565.7964628,651e4afeb723112d17165cb131baa83b733c2b76cadb372fe31e39de0c578499,True
1730829566.0844283,34293934e6c5ba0f577db91067f974ede916b03603a67b7ab2fe9d86f6429eda,True
1730829566.0938883,494440b458c5254cc9366daedc758d20eda49f5cc71795905f95461912f792d4,True
1730829566.7052581,eb3fa84528c01e66332e4cfe0018428982dec1b3694976a5493d5292a25dd7d2,True
1730829566.710521,8c032b2f98c284099406a6e5e2bcb230faabfa6fe5eaf6d9be5179001c967ee1,True
1730829566.715419,8d45c529cc46f105c3518698d7369da624b8679650530f22dcf1db505f72d388,True
1730829566.7203612,da0a4dff2dc2eab8dcf60d673a46c6f21833338eeb05f429323eb7adee9755b8,True
1730829566.7496843,051e8213e4bf79ce20db49932e439efc0be6b9ff4013c9f75b652185c2da8e9a,True
1730829566.7977197,9b418eccce17a731ea4cecc1d1bc2b4733182f94094cb67c45772ea4026260c8,True
1730829566.9817295,aad4336770971fa43ca82760d260bd44a3bf51560aa99bf65943ef5b8e101ecc,True
1730829567.02604,f2e8491470486ab2c198e9ef979a465daf25df5b632b0eba4de9bc6407962da6,True
1730829567.5266125,4d2c14aa447af5471c00b96a943693a923970da2415ed3232dce646afa6c1073,True
1730829567.7279222,80b27ba628289f3babacb61ff260d5815470324d25707c2937742feaaa14acdf,True
1730829567.729071,d4c70bcfd778a946c7e1898a6b8edbd672d1696e1467e16089317831bfa7c785,True
1730829567.735984,c5816b6291796225b733339c9ad7f2d69aabb467a13991f45d0351c10c49537d,True
1730829567.7369258,d86516e3aaa8f681864d7d3cc1b0dd81c974893b95ec6e360518d4852361a3e1,True
1730829568.0335453,f9c4a77308a3e4448937ff48e930b953ecb504b0120d9f44fad41d326bf49a6b,True
1730829568.453615,28f99680b222d9617ecb826313dfa3e420e486be2f194e2722f7204c203ac13e,True
1730829568.664049,3e848d057161fd47f738d1152206ef2a7909324ad685d1e41e17c6607499c61f,True
1730829568.6664758,82b52ade65861808695f6f9004daad0699fca89b6c83672e4f99ab18ab8337bd,True
1730829568.6716816,080596227029b7718ca8b6a35534e2f4ec144afee9aa005e47612be3040d4803,True
1730829568.7880514,d979326d81ff91eb8812afa55664e8dce53b453d4284485c3c349c30b466e8e8,True
1730829568.9892244,3399bf253b8dda8fa779eac2f92c982ea4ff1fc63ff8f3c10e0b864ac606ba30,True
1730829569.264957,1547a400e6358cfb00bd8f728a4a43572551a5bba60013f08424baf54d76f12a,True
1730829569.5125492,cc279b0ebd06ab27166264af583abcba77a1f6010b54fcae6db42be2b180c793,True
1730829569.7720017,ce3c6da1d2e4f53d9fbf186a1ae26feaf3e15715440bcd8871ff74e10802473d,True
1730829569.7744787,d749ceb70ced0294bf1a75f59266c630d35a22ded70a37e8154522ee2c175321,True
1730829569.7780483,171ee02d84f853eed8302779040f40ac64499771bb4fa7a4a075bead15b524dd,True
1730829570.0264506,90ad405d4e16c0a168f1d30e33e2afa8e23b2d36e2442d5b17899d936ab6747e,True
1730829570.4844775,40a81d89f6b923869a35a17695045c0814667937fb38b13c88bbff62cc151107,True
1730829570.493464,ec76f710b0ec0cfe59b939a2b1ce35bd16801857110852bfe15ce40db54f0825,True
1730829570.699623,da232b3a95cd2c72e67e20383ed539612294b64d3c6f882c4a3b759c63815cbd,True
1730829570.7010915,2c006d8d64f5c6679e1da01592e9ed1b1cb47bd212d41b4a913ba159010170e8,True
1730829570.703093,6b96c88d34b4b7e869724559a0dd3237910443d46a099fde3413f271588294a3,True
1730829571.0026424,ef0297f59c5330a38457fdc97c38832209ab646491dde6ba78f26a3e5c21eaa7,True
1730829571.927099,b9f0bc620816c888eaf4882a0b81465e387ee168174654f9eb7ccffaa8312085,True
1730829572.144538,4d1b086dff9f48bb49c3606cd4d363e457e31327a321a1e34e586ec3e0e30c64,True
1730829572.6721892,443771518726f406d5a0082b24a2facdcb3e2b7c749012e3b6d805a42f246e46,True
1730829572.67797,d1f5f8b98cfb6ddf041fca5b530ac6180bdf8a5270655888e8ea10fca4c3a392,True
1730829573.6861708,c6a4dafa7279480bd1210ae844ad7624cfcfb23559bc75c81e5c5672f3ded119,True
1730829573.6880684,e712b2ace2e5ffcebcb7b718c5635de4896a484d2427b1e64a7678623402de2a,True
1730829573.857208,a2e4586cdb04d705475ebc5deaa4be13f06c661c1ccacef440918b2cddbfdfb1,True
1730829574.2106295,c1a0bc0ed89b85d0ca95649da1e68ad79a898f41427aa707f247dbaac84e4eaa,True
1730829574.694069,ced056a1275585796a965f4f1510617b50291c8f6e69e542b98245cce250cf01,True
1730829574.6992223,2c26e589c55576a5184a41627485ae54dd0cc8b78eec7d6fc9b75f8c5fca456a,True
1730829575.0233314,a79c50e084a54b0420160ad4c90e68d77d3b9c34551f822d0a70c698e7d5491b,True
1730829575.6073828,688d02198fc812fbdc3f66f7770bd34991aa6c2fa637aa69472f7caa64c211f1,False
1730829575.8149617,3b2167c7daecae2f4e5c3287a763dd986167c1f2a8ea7084f0ce9de9ec147e9e,True
1730829575.8232546,18efeb439df4b40c7fe3237bc14d352b53f6c168f6f229163105b7e02f153d3e,True
1730829576.1304405,976ccbed0178c9cf5b916dd620785b2637834d2b59d28ea5c5a82dfc50c31702,True
1730829576.730911,1135607fbb85572abd66171e32fc095664ee53b1d1107d48760ad85d2b3de95c,True
1730829576.7328398,aa57ef8bfa43d000668e6cb3a3fda1d75f2c2e6148da9418f1a46c80411b4046,True
1730829576.7392423,d498043e004415f6469c5be5ea86b8e555ead759632c348f49dd0f2c1581a39e,True
1730829577.068977,3ff789b6f793f9690937cb227599c63d27b48426d965e9b49a416e37f2f25ce9,True
1730829577.5517268,cd470e9454dcab9cf0082d209b76794c00bd3eb31ccbd1a19d2b3b7aa095ff36,True
1730829577.755679,8655e487b2b51168cb9ed97a4cd25921aa241e07efda389ebfff06efed8d1b45,True
1730829577.7599328,c67fa834f9893c32979b8fb0b24477052459bc437bfdc00b50b10028096f33ec,True
1730829577.9923809,56a7fe97a5065e99312d69c6e0243943f7cfdbe21cb95fa5de409f48a5380f7b,True
1730829578.3248138,bad4c27cae8038afe73ee449da15642cd0dafe170a04022d627aac89d046e83b,True
1730829578.8849525,a36fc76a50e285dde3e0a7d43c6efa3576f0c801a64887399c9fc27271f0f448,True
1730829578.8887708,140c7934ef2b3f8b0e6d77a13c7687d2e412887ef7a89590c5bea568196b8269,True
1730829579.1929889,956055e3518aaa388f3b778849da13c447bf1efde153cddb1fba53f8073c3539,True
1730829579.709482,a67d4ad10afad3bed0e50e4766943e0d85192e18e2b90469a1ab637afbc22cab,True
1730829579.7166557,d48f7fae83fce0992d6411c1c149282cd68ce0f6a0cf9aaafa7203cbc190ce03,True
1730829580.717878,0a4d071788883708e5455a7cad427da280d266b155ea1e9e049e61f5c356ab50,True
1730829580.8755503,5c5220a8caab8074ac9086ff899568892741c81b9f8db36afd4814cd09df4377,True
1730829581.1685085,760eae6471b0138bd3f2cedbd54653355113b1a8a6349490491ee29be70b94dc,True
1730829581.750756,aef6dba231cd581c90b6349ddfbb516bda4e1ef647ca687456364f19635be5da,True
1730829581.7523525,b483072de30ea2b45fca838901d4237c88c57a9ab1da5c70724ed4370d3ac3ac,True
1730829581.7656438,0e5c88d880c61191d6a83e6916d637634755d925a6db0cfe0df5c3722eff0f11,True
1730829582.088133,5489eb27793d8182465bae4fdcfadcd0404a870922aa89c12fa731bdd4d0c62b,True
1730829582.3138556,a335d2dba3fb03c8f506980a857e21b63ac74f00fa3507a56de66981b4e07558,True
1730829582.7358725,4ca983d93d04778f3a422ac01b510dba89b29b858d2331eaad47f6f50ce9bfa1,True
1730829582.744371,2025740228810b7a1ec7575b8ea228097f6a9c4028cc2148efaa39cc27550fd1,True
1730829582.978989,36c812121a04423582d17c4ec0967fd51633d63dfd0d7eccaf829115d3dfdf86,True
1730829583.3193772,60d13e31351d6a041a74e1cac02fd219ba0ad17544cb6609fb48d434bd088e43,True
1730829583.9100866,e3a327dacb8b7fe78128afe68259a42d9f6b15da37051e8dbeef019b06485322,True
1730829583.9111915,5d93ca6a9b83fa6e149e06f7d7f6379a02b8a35b27ab7f81098dd901cc39321a,True
1730829584.1358335,0d165c5f1c2479caf24caabe07285ff9e5821ad62cd0847b58c0316761ba5c24,True
1730829584.620575,a1cc7a74aae7db49f34567346f302a3836e7bced2cf85fa855ee0e9b7918a8a9,True
1730829584.8220096,6e690fcca05b922501cf9d20f0e40fb76ca9ef83280c26ae4e618e9078af824b,True
1730829584.8260198,6594a2dd52b2bb2645581300667b86cc0a9578ed089a902f28ae91cbf5aa93b8,True
1730829585.1392834,7517c44bd8b817d0e04de4cd8ab1bb46b388885d9683ccb9a998b6e0212f81e3,True
1730829585.645032,12b8357c0aeb47b5e75242adafb2d8d343a75075e7df765c47aeffc9c124db20,True
1730829585.8475933,d7bdc6ab366962c282491e79541e53f758689d2b1e39a2d53d6cefc0b5377e10,True
1730829585.8534234,05f1fa7c81959999ceb757937f63781b688f80d5151927f03e92f8c9e6379ca1,True
1730829586.1533177,4667b4ada856223942706c494fbb696e700471dd2a88975a666aba824136ef6b,True
1730829586.564617,b7e8cc1ecb26eba6583dc7d47f9c4f13a8109adb1359bc3bba2fa790b3afef73,True
1730829586.7697856,87e2cf63814aedf397ff7f2265c7a6d70a5890e7326bbeda0c5898c631f87a56,True
1730829586.7706785,db910ecc1153981e62af7272b34047570048549a689bf5fbca69a732089133bc,True
1730829587.078122,2baa831be2f7c32cfba8232bf2c798b912381a92d70510cae7b553e5c62de062,True
1730829587.2976625,523b86a61e4aabb8290b9ff74e6583504c29b85ff8bd8b11b383bf4e93ac58d3,True
1730829587.7918065,b3187a6bb9e6fd7515fef52c057140f6897c2767135df0a157c5c33c0f637d15,True
1730829587.793293,a0b2c89b41f5e23468dcd6e1b6f6123aeaa8baa8ab2b512c04cf76f05ef358e7,True
1730829587.9816396,79f9c1a03044a1d0ef5a4f917565dd1e0663016e297c4f1cc5857af04b57c14c,True
1730829588.3375278,df41fb57ba19a43e0fb2036eff3ecdeffa0e50bd1d43dc3b87ed9750f601688c,True
1730829588.8408291,ce42e521cce340001cd89b58662a52064d0716b1f7a5fbc0c20983890c6e3bb6,True
1730829588.844373,75f82e27ecb05316ee644fa8a48618d66430f019e9ddfed735218ef6e89b4ba4,True
1730829589.154882,3864a1a07e150617c9f6099a211d40428093dbd2bdfcb787afc80418d86608d6,True
1730829589.9429789,807629fefb25ffd8ecbeb4acaa0d98d79858bef401f98e6ce125e8cfed2cd28b,True
1730829589.9442008,e99b8bbf7c47d807347ba8c6c180dfede152312ceaa7cd2f24490e69e2657914,True
1730829589.9470296,9b0bbad7722b2d6bbcddafe345e9b4cd4088a66507eb397e65121b28bb24464d,True
1730829590.9263222,7034e16405a4404c859fffa36445fe07684c5eb16881f4367b7b981731237919,True
1730829591.2032392,06b6654ee4a0b30c2633a555f3b6571d1d0a66873531841b2694ed77ece9d4f3,True
1730829591.9091427,28eb2a35c4e983548908c0f139abde156ccb5b3f4458db6b397fc51003575e83,True
1730829591.9106286,fc71f126ef7a6f45b66280944a1cccfd2d57fa19363ec189f6a3b4a7ed2ab258,True
1730829591.9147406,1d867ef48d734a8b3c8118f577da3ef222786bf89faf6bad5bb76df16d43ea5c,True
1730829592.133082,0a02cc1601e245d2e4f7723079fd45fca563dfce5945789d24825f47085b6854,True
1730829592.910559,d51b1464f9cf9515ac3a199b6050b0ebf69223deef11d11562251c7aae0a693d,True
1730829593.218164,471028d950a59316d1d857ce3cc51986692ddbf16ee061dcf87ba5d88bc57b3b,True
1730829593.2213366,d4dad2c82128b5e93befa59febef4830a86cb891c3b03a7d5bdb286d8d973c76,True
1730829593.9372048,522ec1b6105aafd89b61f8c9b5323587af866ca9b53bbafc3f372b7a23328c40,True
1730829593.9380586,6cb86fa61505253c2a72b40e2ae994ed39504f0a96e1d4996f1883bc61e756f9,True
1730829594.274683,df6796195e4a059dcc4be0dee372b8b29a8249aeaf3cd3da631094aadd67abe0,True
1730829594.857963,4c814359279126e42ee5bbcb54f1ad5fa2f10b4066deddf31c34e0b1b2237629,True
1730829594.8634846,5631d3cffa05fe0e9847cf9aa6461a71b3d5ce2293cf8f79efcaa01405ba78e0,True
1730829594.9418514,5d5a64169d7432ca30de23a34e39d39f5aecfcbf2877bb8a20a7629e008a1ffb,True
1730829595.1660137,3cf876b873965e47952eead7a007a07d085c4ccaf8af9ad62e81d3fef1037cc0,True
1730829595.9840522,dc80d491f4e48302ff13f18fafa35a2c82d1961e05109d8e8b0fe0d4159e649e,True
1730829595.9853232,ddd697df66b73f5f7cedf4fd3da209359105bcba8861bb809c34653cfaa71df0,True
1730829596.0279615,9c722413470027f777fdc64f4da86bc3f5f72b70a463492eb7b9e10fd388cbff,True
1730829596.3211367,610bc6077a0b2279222510d26741a6ad43a29c3b15c1a606f508cee7e675c407,True
1730829596.9099998,58d6e57639cb50d820e64c01655cba2c8c351bf43dce889153dc2d2a98a5a87c,True
1730829596.9117453,260bdf08a5e9581ad8f189efa0c662fb797c78cf83f0844f5c84af605a4f61ce,True
1730829597.245523,2c267e707d03aa0f2e6dbe2fdadb54085b3b9dd06cab1e31ec4a2cbc40d92d19,True
1730829597.9504805,0d69bc883773a0164e951962b65cf500503533bd6ae8f71aa5da9d41527d643e,True
1730829597.9536657,6dbcb7dd67f40d8a899c52ab2b5baf4db7e559cd78c6e39cbe3d70d212c3af61,True
1730829597.9575043,7cd48cc49e2d5c1d3b91eb26ec7f55961993cf1b87e0887abf62e502a6e443ac,True
1730829598.1808214,afc0a88e89695ac83d527224e336c09ef2e59338156c9fa15b6dc2b0669bbb2a,True
1730829598.82091,6b49a84d718ce70960b2ec500187cf6ea452fbeeaf240849b7c6c8af620fc740,True
1730829598.8273852,9fcf9298889a117766b813bb4bf022c3550e0243f7ce5edfdec10f82103b97a8,True
1730829598.8620906,a24f878b3d1c5f083ee001a32c5dcc427c2bcb2c59773f8f01bf0b3de2467cce,True
1730829599.061594,2d76d7ca67529b57ade1656e8b02c20a85a51e73221015cff13690d670771aae,False
1730829599.2811024,1da4cefe9912ca09da1f9b667d0bf646ff6472c372b82ea06db049386398013b,True
1730829599.8763196,86311f4f679889d31d2a662a54965f9980ae33d7ff22b3060fd2487bcf3e094f,True
1730829599.8813627,cab30b58d6e153fa269dddf72c8bb737da059839e303ab7ced33383472849f0d,True
1730829600.010002,2e762e0cce1359a94954850efa39493765c89328bb59e0dd5f34b6a92bf2876b,True
1730829600.244718,e16f1cf737b6c4212998b880e4fff2f2cb307806141640c9ab8510c7a7ef1b82,True
1730829600.9309409,c11cf58fe01d6eed74c60559a57e2372548bae05b0cf1a9173dfa8d8e98d40cd,False
1730829600.9374464,f0f3298b16754c89372b5757599d3fb2e9a363d7f3f7dd57cf48c3fef3bacb83,True
1730829600.9433615,cf21b93aa99e920744c6fa4b5c485c1eace54928e75f25204874257b4fb6f959,True
1730829601.2075896,9d906d16cc81eeabb72416a0dda3067bea0a44c4cd2f65b7bceffdf0bfa6f078,True
1730829601.2107458,02dbfe48bd91ec47b0882ede4e3bc1781ab5d51ef3e1887952cfa3011dc0b8b5,True
1730829601.9267144,ead168a66f4bd1bb69cb720446d78568ce7a58ef49019f6de7cead4513304633,True
1730829601.932816,3a94e74b5daab7ee21fa8da7b02e131dd28b73a81054c0a5932319178be88959,True
1730829601.939956,f0c5c68be7c9f855005533e26d83be47d91b465691632020021af994a77cfa17,True
1730829601.9421034,d1c62b4e704c5b6a89cdf678ff59a3d7c37f2eb6070a8fc211c5418ffc4c52e1,True
1730829601.9453392,c6266f2d8c32d7bc7af5d7109f48d78bf08f2324a957c097aaae63122073a600,True
1730829602.194526,adaa92c49be636d7793e0086073f25c9fb2325b5564b7942095d013bf2a6cdfe,True
1730829603.054221,1c7f2dd233b7dbe93202a833288d8bf27419a32d2c378c2c7c1d3c3a1ccfdcf6,True
1730829603.0555842,fe790062cfac67f1e15e87543a18e4a4aeafb01dfa67576f19b4d0a2c616fa81,True
1730829603.387456,5959a064e5323da10b4b9d07fbdbb5e98a3c2a4c4c48e999215f581ec158bd92,True
1730829603.971527,a24f029a8ae667a6267590daa483d7cb4b7c95287e532ef6e24b8cc9bf6710b3,True
1730829604.001542,214e8cee9ac42a49df290395f69ae3df06a06edc394d5993a778d7c2c91c7f9f,True
1730829604.3098078,e667b227a2c3a2290804f2d69e4c248c2ce7a134cf5770b0630b30873a8af947,True
1730829604.8555396,7607bf9bd02cfb2dca0ce1d465eab151a0ac7f5a11fd5f966572e65e52bd7502,True
1730829604.8617618,745b8ece4859e9ee6aba7ebe24f5c52f9570da873559fe4067bbbd63c9ce58e1,True
1730829605.2238705,694efad7d157e3c4144e85d6e84ee0869731a605f05ed054e0428df928e3ed3d,True
1730829605.6841545,19fb1b2f955425a06873dd63e2c16c82629e8d9e88e9c7db16ddf1afd536b5cc,True
1730829605.9177327,5cf5495c284866c8844e7a6d01e35cae7b4e1dda03f919e835636309abd67ab5,True
1730829605.9222438,6b3785e63baaa096dd13517fefb84611ef27e32ea36919f009ae0096ec1c1a89,True
1730829606.1497273,b58bde35f2499fcf416cd236086c3e1c5700a1dbf7a0646ef7a685d187051082,True
1730829606.734234,1b5e930e7258e7668bdef07a01a8aea7dd74a5bee49902a2bab777ed1f2beb7d,True
1730829607.0459542,ad0ecd4707ec2ef725717287e2cea5aa744db28e9d973de5cd018501364a4373,True
1730829607.0811374,4505ab3a8c1b572aa65d986151acd44324670e1fe2305e4a00674df628586362,True
1730829607.2889428,74c692780e4aad8ce814b93f8c33c9cd50d936f304358a041a28cee9cfb1089d,True
1730829607.8868778,c7bb20d6a311e69b520e68c8977d6f438ab97b6e35b6c1642ffdf8aacfb47d6d,True
1730829607.8883216,de36b36622844a61357b7382b698029c54323a2a17e687a2e4c698915907b407,True
1730829608.025955,c5c83dc267b26bd5785b4a21724ecdf53b24ddf4f458def98a1f773d9fa69c36,True
1730829608.2998464,0dca372599d120f1a5c2bcafe6b6b8e71c2a10d6b874326b0edd75740d421712,True
1730829608.876897,49576a412d6460c6edbe5af44a47c57aa8c2f7d0db25c6d59d87bcc62f24757d,True
1730829608.8778946,e94e8d37b5df2802c71cb538dedc34364505a7c729a71976c56db021addd881b,True
1730829608.9850118,9a09087584f119693b321703e62007ad986408329dc5b1a84e65f9d34547f324,True
1730829609.2079778,f8ed5dabadd5a5cbd76ae9639baa996255dfd382227169e1faf51b58529b40e1,True
1730829609.7203202,9d96147f4a5cc8ffcbd23b4d19e9df94040d2166b80c8305fd1f8c4e02f2daf0,True
1730829610.011178,27c986760d360b362b5258634119cdadfa6f6ccb0535766e313f24af339c54dd,True
1730829610.0196478,8694cc500db03dcf1fcd9eff5ad07f0913e47e228edc91e539c919c83e52af8b,True
1730829610.2513876,a4a7422eea3996a4a1e8f81715f4c1b652e47630f3348fa2995a4eb1014906ed,True
1730829610.927638,2c99809cf21d0c863c0cd8e2ac5febd34b391efe96b4f6aa08368fea2f2a6100,True
1730829610.9286294,f70fe8b3b42625baf6deea9045e442fc6c544d4ce26573653407a9e830e8ba44,True
1730829610.9462936,19488ca4058e57e1712b358a0d6ac94005c401b4b5748c4e0c05241cbeea4db1,True
1730829611.2459402,eeed14400875417d7456fe6a0cef90bbd9ff021730dd920a343d74b10a34f7d4,True
1730829611.4511788,5bc15e9bb471b4d88d2ed29f1c5f8827427864df28562ceec6d2f7a1250680ae,True
1730829611.968176,6d03c268fba6b8cba592460ca023becf9d5427ca96491025434f73e042e9709e,True
1730829611.9734712,b9f27879c8ae51e7b14bdd81c302dde9e73b32a7ea904b3d92de2dfd66b35dcd,True
1730829612.1919522,6e3c0d0b962190ffea40347278fb12c75116122278330c03fd72cb6240ecec7b,True
1730829612.6934261,f569171fb737fe9f403f22e6b4856ac6dff95eebaffd06d8148b3174c84e43d8,True
1730829612.8804498,d85ba66d9ee3be09b81e0461c55179f706c166628a19315e82e50be18bc00dc4,True
1730829612.925761,ec420978c488a2610ae5afc095cea155977d077444b1edab45248d955a231816,True
1730829613.163556,d4d3f0ecb0f606e9730de77165350ec24c189140960de3dd47c0ff1172a798d3,True
1730829613.7027133,df148711d76833b6f3b8673a1e87e409cd5849380e8479551e2a1fbc52d53481,True
1730829614.0148618,5524cf4f7cffd4d51fd711ec034ad1bccf61076ac3f5c55c0c9074d48efb62f8,True
1730829614.023498,b417502900032c7029b58b8734fd7f6201a5e3a3f215ada20f28d2c1ad1f7f72,True
1730829614.2473524,5e84da7910d36c1c5cccffad5b4d46c44c35646bdab8bcb4f436377a33364aa1,True
1730829614.8776097,f0a0a8d834a1e3dd06fb09620e52590b39d3c15bc266cc55b24423c018fffc38,True
1730829614.9398751,28f647cc48c809626a176038d80e1e05cbbba6a63919f5519d995660a52dd9c9,True
1730829614.9419298,7c66aeac9f3bb18168fee77bf8c4334c0c516d2c33bba9e192ef414f1d6ea6a3,True
1730829615.2097313,c873feb978e4eec5e339cc8037f2664198b51307d483310aa563ad66dc44aef9,True
1730829615.751127,c2effafcce818e312980d6c7f4424e87834371ce4c5ea6ac2b1f55c71649cc97,True
1730829616.4004812,cc448668a177183e427013d1b52e03f6f3d870e470e92e2d6bd10fd6ff3e2a9e,True
1730829616.9869368,6d904bce54b4915bba0e40e276c0605a4e876be7e49cc02cc9f63c760f359722,True
1730829616.990909,610b99c6a49342e7ec5b5553691bf9dd8249650caa7dd28ad5ad130495513ee2,True
1730829617.2778347,9a0f456be7c79e877060cbd45fe891cf3b9e3041f3b58f31545e2aa1dddae56f,True
1730829617.9081876,ed7390881746c58d24da52153a7848da0548f5545f3e1176d841ac85eb4dbf9e,True
1730829617.9106936,15afdd146b2ec1101462f10426088f365bebe2651efb3c4cf57b24bcffe9bad1,True
1730829617.9912145,0ec88da883cbc29013bce8a48ff4e433e8cd45ab0a7d26d2a6513340772508c7,True
1730829618.2367718,a141abc91325657c59e192d84d3b282c3ec8429f046cf2341167db70866c2365,True
1730829618.7232647,6213c74f5e3a09de3d5b8a4c98d000736e1167bb3acc7607f4c9130954410344,True
1730829619.0219965,1cc6602b14ce0700395fe6a69ddc47581a11195ba89e6d19cc9794ec74e58c08,True
1730829619.0290983,d1de3ae6e7fc865e344c33d0bd3bf1616adf2889404b2df27b58e57d224e67f4,True
1730829619.2619915,9fbc0f7b87b1ee3fd85656d4eb0d26eb925f6f2596771ba485f5f8851788c07b,True
1730829619.9438927,2d9c8e436f1d70ca217eb2a2523f48ccf7b49fad2e4ad54de41eba8c21c578da,True
1730829619.9449165,cd10215250ed3ff6c75dfd01cbe456e33da5728430b3e677a170d6ea28c0a132,True
1730829619.9892008,2283415d4583b224eb9b6741e615993f0590c0c126261743173d1212a0242ff8,True
1730829620.2834218,eddb804c198ea81f80015c17c92504f4e3b1b57565a8ac897519aec660b2b6b4,True
1730829620.7654557,eb274455937b14bd8d36026d6d0dbce3ba992702b3626034e803d6e507484a46,True
1730829620.9722688,9249bffc61b2c0d36214b207382e63133350f37d3a7af709112ec94880e350ae,True
1730829621.0060964,59e42d5a44b940f5128e0a36ec9298912d83f775b30d9e1ff9b45e087ab7d702,True
1730829621.4110827,5301b4eb6e6a6b982c31e8249d43ac8f898462258f7c7a927c3d4ea9e876d94a,True
1730829621.9108357,26fbd5d7022b806809b3f9ddf3e8a76c0fe07b4f0010ca6c2528899d2e2edc45,True
1730829621.9185903,c176a78fc57d867368893e6a082cff3756c5ed384a5f5d7bd7442e77736e108c,True
1730829622.1734226,8b21a8992c2e25916b71cb7e68c8695a74ce88cc371a477e1cb7996123b4f5cf,True
1730829622.7217653,332b8df70ea813215054666cf2940d822b810fd8fbb68c3de196cac3f080cc64,True
1730829623.020247,af43ca735d36d5f6065e3055f6222ea5339558540401fa41fd63d0a3b3879c17,True
1730829623.0235085,6b6ee6b54effc9f95352b55a7cbb445d77c99b727a3c9b06a1bd6c4048ea7c5f,True
1730829623.3304546,99d8673884395b61f9c5b5dfd4f9cd287f1f819b31f14f92237395537c188728,True
1730829623.9556596,3cd9d63e16d0606df9da0d0128c4720fb69e050dff5d78f7dba853ef9d7c49c3,True
1730829623.9606535,7204237daf9d76fb7395b7728c6aff451826a815e8ee6c1dd643815ddf2735fc,True
1730829624.0240808,7dc0e94fa13e72aa5dae998a27073fdeff6da5a4f50fdcadb6de3df37c8bc104,True
1730829624.3109748,be1c8a7f85848808abed7a2dd28dea0f5280122cadcb79bfe9d872704c0bb272,True
1730829624.763913,cc78ab46f311b59f288f57a8d43166280b4a13a5e3d371a7e62d0b3d2e03c0f8,True
1730829625.0641723,f53fa480a7aa899133e8a3a9bcd34151cfb77aad3a56c895977dd11a41620ff7,True
1730829625.0769396,fa0cc91fe799ae5a7edf3a00efd63734ee9c5d7d59e0ae3c923e3c9780227206,True
1730829625.4034681,4eaef236ee22e41190a96be700fab2d63cd5d52c6c34a0b86ed4a358b1d67e46,True
1730829625.9289267,e02374fa362a0a45e3f81cd46840381d500e0774b30736252c3b65a3dfc030b8,True
1730829625.9298959,7a5d53f136a0d088c8ffe72f830ed36f3f0f0d606cf9256724aa67b227d7fe9f,True
1730829626.0933266,41906161be407606e139a35d1cd75ea7bca66517d9ddabe08468efdf1014ec3e,True
1730829626.3133962,0ad9700d2437d57329a966020da1dc09a94ee4fc49f8f411ae425fd94d0ff108,True
1730829626.7397459,05583e3a1ac8035c6d5955824b5bebfe43777a0289a60665144378ef52ec9c47,True
1730829626.9363546,c83ef50fafb13886bc16e1cb0158ec8b815a2e2ea98cac49f428c5099cc11937,True
1730829626.9433253,fff170826e322568c5fd114187b9a2a085787790c053eeaff163bca11ed02f0b,True
1730829627.1646934,221849745769a4f3e4bb7716deec08d4b32d078dc97653186aa39511896741eb,True
1730829628.192534,19291173359c12f539a29df935f9fc7788e432e5f710e44c8208ffeb9b1b9ff9,True
1730829628.473351,d9a677acba595ff8e3b96ee06413a1ba10cb542e3609f529711966dfe14260bf,True
1730829628.9541116,df346a7b5ca09f313c851b748656f855e3c58697893f11ef2f221e448535122a,True
1730829628.959085,72095ba38dd773c79c2daab400bed9ac6e8d42dae975dcc722d05817a4c6fda8,True
1730829629.1508076,89f9612716bce3564b0943d506119b81a815aa2dcf51220e48d2af8905433720,False
1730829629.3871353,95f386849f973274f6ad623cb05031b02fad788f16ff46ec1437e67a1434bb6d,True
1730829629.9568906,08d99a5d895504f8c5407b9389fa668eeb76ea2dcd1a3339c3f2433995de3609,True
1730829629.962145,48868a81b30ff0c48951ddd332639cf13b6d431e32cdb510dba1b8a5a7295d85,True
1730829630.0512798,c64a24e8f491f04516a05d013ef148af93d2a1dcb2cb3fc34980e7095caf5d01,True
1730829630.2899776,7fa7c9046c78e8c6ccce2c64c39494f847c457f99b6d3a9c5295015562ae98ce,True
1730829630.7563074,e2b4ed37c39264426a328d1a5a000b653075371b40ce2679d4b4057ef0584f45,True
1730829630.9564111,358591ceed9fba9fc44e5203da669e23876e40b9b6bee67ff44bec7e3d39d349,True
1730829631.0319018,705afa6224c90395e360c84973879894e774e4740ecc9f761a750bb83b7dcb86,True
1730829631.3414533,ac2109b2fb89189dbc785db06235b317c02df30cec6f21aed44ad0d142ba436f,True
1730829632.0328062,e1c7266d621d138b4e4503cebcd45eeb5e9b882da4bc86545006df94b82bb512,True
1730829632.0371156,6ad954ae76f3221c290a74d1835d7e1cd67a883661ee857ca9c6cb23100461b2,True
1730829632.038264,c9b38e91506503df5292eb9cd24fd0c7d77b0b19e2fda66c42165d411e1c23c5,True
1730829632.3679197,f6f2d5d7a85fc506a9180b8808e4654d6f81da5a01764376fbde3ed0b9c9f4f4,True
1730829632.6096468,a40b63225b143f3a2475a2021b4448936655be51c558b2639127c16d14fe20ce,True
1730829632.9743702,71bd0aed94bd86a4bce56f32745e12821408f5b27952447831bcc2aac87989f6,True
1730829633.0309193,53a1d9c34690fd6226c5714080cddc68312f0663ea14d73cf535f59791f9e0c3,True
1730829633.276782,bba6f6e3db457fcb5301aca3b56ebd2e1459fbc398b9661c02d59e14922a72a5,True
1730829633.5089507,5f065d762852e46e045697147318c2bb1daaa6565fa8371f0a93babfd5dead9b,True
1730829633.9676325,f273ad701dbe049075a1eff2b05ebb0872eaca8c690f687ffa5fdaa89e60e6c6,True
1730829633.9720936,123209f910c60a67d3c0ef2f42db39fdd9a263a77fb26636e547533d9536f265,True
1730829634.1684446,42f79415d054346142288e82c2af5ddcb221889dc1f1e1152220f7e095a16723,True
1730829634.5162838,c526931d873a3a43268446dc9a7cbe181e41038669749eecf5b158dc619ad339,True
1730829635.1030362,ac082277dc3c138f53659bf722c3bfaf4c317d7c3a4311ad6d362389a09f2395,True
1730829635.1041014,ede41484c4c41fc2b047e9e4e5df04bed52c340e512a20ecc1d4160b4267ea2c,True
1730829635.4066257,392a2555a5915dfb24d06e75c9a300f577d3a9816d7beddef73a7e50a79ac53a,True
1730829635.9704566,e4270dbcb3e66d05daaff009ceec35f8a0401c5387138878eb29f9c05d8e02b3,False
1730829635.975883,ae6f9b9aa831e08dde4861a518c8a6c999316bc14f28e079cbab46b1f183050e,True
1730829636.1562994,19a910b7fc1f3c72b7325fbee954544d1d6d2a3b2a3010d2d1e9f2dca75d3a40,True
1730829636.4678538,c1950a3ab313f6fe34a9b62d4f2a65a11c5e3c9ae124033fa649efbe5c632294,True
1730829637.0553863,2e4e7a39047d42a550d7b81e02da9438a767ab492cedc4ef93841087415c0786,True
1730829637.056908,6fc0d10074fd380e7ec61c664b8083563e16c6129ff55a76f0511d2c52c05733,True
1730829637.3528059,6c7c1ed19d3446fb5b2c971860605ad4e6ee00f258bf48ce99cb8311eb7778b8,True
1730829637.8706448,58bc9af147bafe12ae2de809e88ef7e0856375e78dd9dda2d91477ba52161f54,True
1730829638.1716583,fc0b8ac05eaf19c7c66f8d9685f8b3e70e72ce87a4069f70c505d5a995dd8ce7,True
1730829638.18039,6286114177b6119f30a70ceecda7051be2bbe4227238e798c5412dfe82503081,True
1730829638.4105077,20f5a267382bd5091704e85a4297e08cb6d2c31f1550cbcab3826552765bcaa3,True
1730829638.9914665,5daf1bc69e6ff9cad831840e39e059a70af579373f3fb9a40ef5a81e58c68753,True
1730829638.993181,b571da97e7a49c0a46e2e64b6be86c5a3bdc855a09b2c4ff916da263082301be,True
1730829641.0461323,535a8d214a305c975d2013ccab93add39b3c187b0b2c25d767b568a4e1e3fa79,True
1730829641.253815,37b88d731b7f80ec48ff45f498890cf1e3f61c297146a44c0bb112aa026622ea,True
1730829641.5831296,7adb80150d5c520630def40ffebdd39d58950d0697ddcbf9ecd05718aad1667e,True
1730829642.165911,164048075b1cbcc8acf8a67022e43f93651d632c88390ccda032df8af835caef,True
1730829642.169679,14bd8d134a8d284ba96a1425bb502feb1c45bf35528d8e66bcc9ebcc9a80ab9a,True
1730829642.4759045,45de929cc525335f8e90429959714d431c1f6bc40f4382aedda0b5faf5587a3b,True
1730829643.0157795,92131739f0e95cfe4b5387cdd14f73c612695fc0d2ebdd7b50a56ff8f024af0a,True
1730829643.0206997,ab4d673b5771a83a98ac6a5ad433384f293b6541a440c2e0ed7c265ae6830a25,True
1730829643.1758032,42ef463edb14b8959de3d2918f2f9655431df7161bd4bbf56cdc19f8e1ded18f,True
1730829643.5289683,615fcc047daf42650a840cc058900b12383baccc5182f8ca1fa12cde72c3eaf8,True
1730829644.0204546,2c03abb77c770d9f84aea158eca62498c3ef3c79b69061d148c8d5497b4cc1bf,True
1730829644.0216794,e7ae97f0b1ae3862b2152d38d83675d5544c919eb2bb9de3e78f024b96f38894,True
1730829644.2380843,714167b8ff8ffcb5be3487c5b0f57c0088b77a543628e5dc905084ba563103f1,True
1730829644.55006,510acac2533da801fa32b8dc164800c0e3fe2c0327d0a73cdfd05256dbd95ca4,True
1730829645.1406538,e45695008f479ab99de9334f6a0253057876fcf2f43ec279184f863a6d3cebb2,True
1730829645.1473558,cedcd36a00355e601163ff38e787d7927b0c662c84b02042dd8f298a91fd6ca9,True
1730829645.4773977,d71b1396c2b89e9aa63ae1ba253529d3ad59e350e7deb44fc107975392a6cf0e,True
1730829646.0106816,a0f2f76e9eef19a47c04fdbcf0e6a3a89498f258d90cad4b7e6822bfeb30c199,True
1730829646.0149248,c2ebd0084a74111aff01019593f9a5ac4b0a8f484000944c1fff6816c2cd8dcf,True
1730829646.1723824,d0dd4f107c6d97d74e9f4a9ee6ac551f8c74c5073eaef84c2b8750bd341a1de7,True
1730829646.4989393,3799872cf820268e619e6f648e82bc188618d477dde351b20b4c11c79b33f12b,True
1730829647.0271294,2e8c1d640ebab9c26dcc9019b18ae939b432c4a1cc3d16018ddddc036ad3a644,True
1730829647.0452588,80aa0b61666a11839e8a350fabe77e1a740122593574becab602a8722272131b,True
1730829647.1246078,2809acd94ed5484fffbefe9457ad9fc05c72f028c0dfba25d80d2de69ca37701,True
1730829647.3421738,d99b57e9b06d528aaadf483b29cbe92439c374e71591bf1cbf9fc2f8a1f7a3af,True
1730829647.6069274,3d882490f79fe518422ede4a5d7f3038e91e2f77d22568d694b44a92b020c217,True
1730829648.1107492,ad9cce08cd2f184feaf7a6adab92b612c3abb125860661d851e8b843646be52d,True
1730829648.1175396,226afedfa7f9a0d2a32778b4ad0979552e505491ae4104360b9970c67096a69e,True
1730829648.4127305,92b23a8e986cd850d67cb29bed185fdf7d441f924f325e1b16b99f99bab5f100,True
1730829648.8368561,62d829e35ed061ea0475899821db23a96f69e7d2d75c74b883da4f63978a1b80,True
1730829649.0595007,0c4b653303e7eaaed5783f7e9f1331f16190b8b88da7b6cd46e6776c8927464d,True
1730829649.068113,56e3f7dba077a1dc1ae7ac413569c07703cedf6353d6adb464b7fd88f003b5da,True
1730829649.070977,a7b2abe031e8ea4960cdae91014709c2a767bc850c54e97d984fa496d28028db,True
1730829649.0741153,706d7ab665118122b4f120cd0eda93939d8ad2965ca8c19022d6180839e7b86e,True
1730829649.8474934,46f2fafde9aa14686d6c7d4b2e23f87f71d13232dce2625a0bf4cfd31f6696a2,True
1730829650.0535185,234f378d7c97cc8fb2c3bb2cb2f7792b3d46f0eee63680186947c8778983b18b,True
1730829650.0563352,b953ec17a48a80b7df00f3d12cb40f980a3e43e18d3cf971062a92b6c2bfdd17,True
1730829650.0591931,ae3c8ee282adf11bb10a7df13e94ac710b0c5672e610303cfd06ab2445e0b41f,True
1730829650.10718,b04832c4e078d2b21fb75a0d712357cbb6c288b2c1ac1ca4a712a8ea5c552156,True
1730829650.1924906,2fd8ed596acbc5787b87955de0074e1b072664da8b6b419b9a22c23754722f37,True
1730829650.335887,a1562f58633250c686e7a2da5a71f3a8779e37c94a8f728041fc43d5ddd427aa,True
1730829650.407907,3f3ba9854d0550f16310404be20adbc96de77381497ae3cd0bad7843c274bc7f,True
1730829650.871751,63f9abc684d1fcabc71a4325e0ca70ef7e16b6c36629171cd69a2b40312f3613,True
1730829650.8728445,3ab5ffab739c2bcdb1d6c7cade62b3bb7fcd9b6a90f3bc290d9c6d5bc60ea493,True
1730829651.3819218,292577995f0c65b46fc0107c3f66ef16cb3a02f986ba428e9369d8a7f534b264,True
1730829651.3893118,72307e07825df4d5d62b4b00f1461a83528b545a4a5cde3629fc7bda6ea8c5d9,True
1730829651.3947995,79c9b9ee8be4de2bee69710fc43f1274014c1a9e712d7c236b77750485398b4e,True
1730829651.3968346,7af8628a13e77e3517ecfab5453b8f6af16a7be14697164f9562071e297940f0,True
1730829651.409873,ac0e8f5ae11ffbe5e21fa59065a5dd232227345fc70abe81e0d4d90a8272e222,True
1730829651.6097631,a554250b2127bade545d5c465e2d4c1b19fe89d8f982c66dbe53d156ccd3635b,True
1730829651.613206,13422701a14f772bedc8136d984d23dd9d7b931a05304a86946d3cdbfd136df6,True
1730829652.1108491,ab830a40b998af8b910473cc983eb2232f49def3f50b7b4ea30af205cf3c27cb,True
1730829652.1165237,0d7eef223da71a17f08909c395d3622d1085f53f8fe1d51f1c1168d31ac6c742,True
1730829652.122071,6e510252f046cc1b7d0d3b3d481df2ff1cf827f3fbca69bbaa622f0e0dcf1e0c,True
1730829652.1276994,9b45c67fb6fb16ee808bb1548fd19eccdeb38f2b611c814b7dd3133a46f5e3ca,True
1730829652.4079778,23eb4d54bec573eb3b8465175e991c2da9a6dea11092c90020e63fb0f0bb2c00,True
1730829652.4094586,7cc477e016ffe3e4d3cd0e27cd39f3a2af866a445f99c57b8ec3bb1204680446,True
1730829652.8914032,8e8d67a5f438a6da68ce3f7ec92b004dc6a4893a04cd0a27b76c060d9501df09,True
1730829653.3741145,133e169e7f7845c1540b24ede633f0fcceee2d32c50e4cad1f86e9f080a4b3ec,True
1730829653.3820987,5880036c0aea0b61f885d00c05e5d315ee9c9db1c885af76055c3a18c393f733,True
1730829653.430595,ea538e34880c318be9ae53f328fedd662addee63f37a03219291e66ae8ebf446,True
1730829653.8447468,87cca3f54b46831cc5d9c3c47fc3fbac3f7ea7ac6e24f54bc09d6e827852490c,True
1730829654.0486772,c4f081fd07795adda73ff42590e94dc5f45af7a833ca088a3c5383efb0b70fb2,True
1730829654.0545452,5bbecc0af266bf464138ca7f726424e2218e54d96ed660389a380107941d44b2,True
1730829654.2608318,866dde86f24848814d38093575784a308bdb28571e3b2e03aed327a0a3b18e17,True
1730829654.5856435,6e0795fe267921a8e8bb795def1c5a3e1f05a0e2e2b90c53b40fa20b09bd0754,True
1730829655.0781324,c16d39169d4fb0e2322f2cf62d2b85597e1cb04f69de432e68a365aa10d71ea4,True
1730829655.083203,24d7097f659a47315ad0fb35f6c21834f6bc2fb7d5c07f9fd16d2084f8925275,False
1730829655.2827036,b618cadbb3e7f6e914e880f248d1b4046ae55b99107fb8658a08c39bb30d196a,True
1730829656.066765,e19744000738048abde23c3db1579c2a10fb03e643aac52ea481439b2a619709,True
1730829656.069171,043628dafb4af1872882f013bbc32603aa805ad63d00af941259f9473360a5cd,True
1730829656.2382028,420e3768103e6457ff76c277516f024a3647366d085f65a47916e1aafac2354f,True
1730829656.5349934,7967828a32fbb91ff420b65e4ab2e6fa42ffe45961bc1c533cb712ee254885d2,True
1730829657.0527947,df86dddf1e7fe7dc6ba7dfa98aa5ef067f4bbdf2b2b402522fc0098eb6c3379d,True
1730829657.0585492,0e9ad25b743877524b49dd8da895c410c9cbb9d5f97d2378adb10f2893a255a4,True
1730829657.1752496,65ec93958cd92252fb68a5d1e0e5e0c85821a86013d063d6ee8e1f06d4addeb5,True
1730829657.3873312,b07148f84ea4e71bbfb7f1954129d7bcb581cdf5e6f8674e15c0ff80a2379d65,True
1730829657.9454453,1b262c1cb56103d02192d62460e433d3c923fa73f75b71a816ea3531ec06ba8c,True
1730829658.1434226,72a5498a2d383cb432bfdac07b155f68eb6ce96cc97d4793a6d3c252bf3f91ea,True
1730829658.1455255,f534244dc45ee45598a06d0e02f9b7c05ca43f2f15442c90bd20c2d82ef7758a,True
1730829658.3249164,3032731bfed160f5d80d9691d9bd6bd64c02a3687fdd1955446141e6bec3f06a,True
1730829658.9601536,5150625e56ca37ca4069688f4f5334dad315bcb5ffea0b841f3f732594ab451f,True
1730829659.2744412,1924cb9a27bd172f83a80e2bbf9647ffcd3d9391a128bde847f1c99976178d35,True
1730829659.2776701,cbbf69b36eb2706e9ff37991be26988a5da7000feba831a9c65f2cd935749359,True
1730829659.5030024,6f91bfa54a66473a9ce0208804085dd2d56564a85a706688fd058cba082a6f48,True
1730829659.894668,93c8a6f3b3a865d4a5c3b3ae29afd40d51942f119929c960d8dcc0d1c3eeb76e,True
1730829660.1028621,5f36fc482dd85222c0161d91ad9da82c81dd85a0cd689ab63c1a91ac944a2837,True
1730829660.132163,089f09725ec0bab0d969052ed24dba14beeab2126dd88f189d1d28d5cae0d82c,True
1730829660.3353577,7e1f820c808d1d67767de416bead1c44ca61a3f6531d0a6ace7fedad3de2bac2,True
1730829663.7775054,cdd6e13128e1073bd109854a583b5f2033e8ccf7b510e06c15da33c065ddfeba,True
1730829663.7822287,0673f2c16ea55985abd0d2a2976ae07c2fef9b9d6b858b8d56d3939845fb8599,True
1730829663.7871127,aed401d03c43a104dbf33443c087734a14fb3d1032d38dfa06d44ff8d08e3a8f,True
1730829663.791949,f0e14c8b27af90101af17ad2ee19c0fa749ea3a6f798f53723124f2cf27da2a2,True
1730829663.7967005,e43cc744615ee7d752c67a7cb6e6e7c9b1ae84f7aa80545eaf60ce579c4f23b0,True
1730829663.8012836,031d76f63533897eb53e8d69d1c0150af414389297e802ba85ea448b87d517c1,True
1730829664.3335116,298ed25b77ecf21188f7adf30b08cbfae7a85d2b6faa4de30fce35e3265d27ef,True
1730829664.3398993,8fc8e8bac268768204b9cf6f4fae518ebc4288685df36cf46d69a9640e3ee828,True
1730829664.3457062,55ebc2cdfe9610746c396a62dba17b757e727e537ca4e7414cfbc177ddc18bdf,True
1730829664.3513687,cb88827254e7b7b58c1a574f0aa8f970a997088547ecd3c362e8389d69f864b7,True
1730829664.8964677,f06705a50e1fd21c0c1a8195859e92a937d61b9702843e3ed25977e88822315b,True
1730829664.9015641,2a8a54eec18ce435655a844bd275d8c765977936bf8827cf68898fb06b2cbcbe,True
1730829664.9068341,ed9c8128833825be3b641a668fb80abbf2a9247bcc7ace0492022b68320b62bd,True
1730829664.9124053,1e0a4fdcbcb9bddc458e2dae750391d5d86395bfee51d616df86462922555f1c,True
1730829664.9180665,8cc3cf0083c355de539753c930e3416f14c6fe074177e64c2494537a6c4b1e30,True
1730829664.919706,56c8a31f504a9f1d02be09bfbd320f4cd1583b32d1a5a2aef87c9e3bcd9a2514,True
1730829664.9247892,4920704f76e1871d60e6db923c0baff26a189793e861aedc7b375f5aaad8ea23,True
1730829664.929652,c01ce1c419f30eab8ef192c63545bd166650f6b501a53db45f6cbee35d4cdb9d,True
1730829664.9344325,7048bd39ac87f7fa528b0ffdabc1d573c9d9fff46818e8323a046e9d756288a7,True
1730829664.9390712,493066420513bec8b44e98f62dc02f7cc991555a2e49343ae79d9b123980abac,True
1730829665.4278164,35ec8dddf136e449410a60a357e49d96bf29e02249e15aa55ebbe6c1f471c50a,True
1730829665.4325361,6c20e8aac03f7f6b856b156c7bdd4f2f99a8b42fb6a6e8c2a936accbaadff4e4,True
1730829665.4368806,1115f75962c3123e1f01535c66a0870f399274738994031206b1d5b82fd264e0,True
1730829665.4417307,9b0220b60b1dc72ae7606328071858621d3cc214f327ab9beb8e17e89b100f01,True
1730829665.4467056,e02a3bf5dacbeecd51e559de00031e4c671af930897d72c2afc5822a39323c2f,True
1730829665.4484544,e82244a2ac20170de103fe907e77bb72e98f98d104eea70f2555f0174da6b290,True
1730829665.452268,e71c921775946fa650874c76e63eb9da9e5bb0fcd6dc1e804509a43e19c761e1,True
1730829665.4998286,c710b706ce723a1efe2d2a88384dc6d4af3a411532a1907bb272bdb0de13622d,True
1730829665.5505934,f9ca5576f3dd6bb4d91fcf8ad07fd36f8dfa3daa720830626f20c39e16c5913e,True
1730829665.924095,a2a95e0e71be23876aeef837034afeedaec27b2e4f9de64f95780694d80d3718,True
1730829666.2322009,65bd31154c21b93ec3da65a7f85079547f21ecd0e030760844cd07e182e15d30,True
1730829666.233294,c17d0d48151a0a3ff6d430bf18945fbe7ea406663b1f4e13954e1601874d88ac,True
1730829666.2389596,a6228c65f4fe1e521c31ce7690ae8f5c0e09861772c3b4fbf4ff205227a91c4a,True
1730829666.240584,736ee419aabb4b884ea22d8b67c1e4c00c0bc55021ae7b32196caccc64a340df,True
1730829666.24432,252ea2c33d3a9e9a45ac7e88ba240cd1695072e240038c8ef1d5139c8f7c30fe,True
1730829666.5432212,7aab199732274647b83d93e808e18ad4ba76aea74f23942bce889f07c5d3e0cf,True
1730829666.5445745,9890ffa935902d71578036f59609ab86ab4aec2258d0f8fc22360df6d5a2583e,True
1730829667.2596903,588f6929a3c05684cbaa6877fb0b3da3bddb819dae4dcf8dc4c1c3f6fa140ff6,True
1730829667.2661154,ede0955f3acd994d7727086fdccc800f63435757d167d3a2225f8fd7ad00964b,True
1730829667.2679465,9a6066b683e6eada927794528b655b99a964b880a71717a1af075cf73da7cdc5,True
1730829667.2697098,2e1e0a0a3b0ab1e9e81c70a6c4fac4c1f1072a92096b6860fd3d74326d587896,True
1730829667.2730474,081801a5c068b8e7be44c659020aa414a5801c3202ce5ff11ee6ebdbcd60d811,True
1730829667.275116,19eda01279f21262e4c36769d4bbeeb07909a3492f783262901c2853be48f4ab,True
1730829667.5614362,3cf97ab0b8dfd939f0199dedcd6b96e44d9b4d2f26fadd2e690ffe10ec20fab7,True
1730829667.5799482,74c00396515ac5485acd9b3ae37722b31b486370f836c3946691109793775f2d,True
1730829668.1425762,c8dab4c8ea8a3f69d4e41f378ae38d7d7221262bc8798ae0c1c0554b293dc6d8,True
1730829668.1437984,a9a59e1c58c311d3a03699906bd0eb318c3e10401d8320f546c1036ebbae8d15,True
1730829668.1485972,15b3226d63c257f86c116a92b841bc199bd7088451dfe2fe5b6ac74c27f87be0,True
1730829668.1500964,94807e1026631b056cc5dc48bafb5deabf448a31428b8f99f6795268030a3c5d,False
1730829668.1717591,ce9eac708f5c2827b2658f01ed9facf3a04a882dc5445b7ebb126e61ed3ff008,True
1730829668.2283285,a8362917983151b2035ec62699a26909bd8f62d726611ea4e4e069f62934d716,True
1730829668.4547231,0bbd215a21da1b27b41230662d1a933c369b2457052676c2c4ff954cd674464f,True
1730829668.455551,60cfb0e4f58ebd1fbe410bee7f191075fdddf735adacc16c2d05b409b95f8c0c,True
1730829668.6760595,451bc6a4f703c5f87ccd6f304bedeb88f14377dca1d7138c16b821e927a5bd8e,True
1730829668.678365,af242eee8227a7152cd2cee2cf206a1959533437d1ed6f723012931475ad4b30,True
1730829669.2081447,74a648af96d7273021869ae989a9cedeb2446bbcc1f7b14fb87bbcf2bde4bd0f,True
1730829669.2110188,d1c348bd37a140714335829342571340216a80d9ab3c8451e5905a98cc06d076,True
1730829669.2144501,48b57ec01f7dcfafa31e6ed9f08f95f388cf33f4546b0b3492d631f4915ee7f7,True
1730829669.217938,1f887fcf18b633c19235cb9816757c03e63e3f8183689d6f8dcf5ee647691e70,True
1730829669.4086945,c4257464cb88adfecddd51826db04113202e55cbffaeddc17324c7c6dc4f4129,True
1730829669.421094,008dcc64bbf1c9377f229c4eeb5348647c4c522f807869098f00d54f7b2af6df,True
1730829669.9317892,31b075e5c555122bcb3109a337597bb660e168d59db5cca9219f02bfb2cb3fde,True
1730829670.1333923,1cdc1bc1f8a4611e5856a739038bc58885546a91dbd5ecb29e88b0340f6fb5d1,True
1730829670.1562703,07166e99e00db318be1a834424a7caf7ba28a767bf88b3cf88e2d8e741d401f5,True
1730829670.1602595,ff9ceeedbcd34c54ad27fa85df4b4a0cbfd973861df76c27b47641411b72c88d,True
1730829670.432172,f7207606c0ce70ce5575d1605553014e59f5d9993012663ebd699aa64f5145b4,True
1730829670.650811,5cf3d461e9875ae35d542b34ab545fe394f3ad63cf712c55649613455e1dcbb4,True
1730829671.1574798,8bb98719c2e46094641ad6c5858176eadfa9bf275abcbf9a20e75cf9725a8002,True
1730829671.163774,1a0e9032dd5898f34e3ff9a431bcca18f3f00e78ac7c2e2f212af7f9141897bb,True
1730829671.4530988,d84e6d4e4ecb9ebadbe9ccd1d27066fc9af0f8d1bcd1b8cfc3a100f4dd1c4471,True
1730829671.6864307,874e7b7f2d31485b902f659a5c6252789360bd3f9d1fd39f1a459e66afb2da53,True
1730829672.3625698,a2922225afac50a92b89867009b36a90c674c3893e008f4fd8691e33ee021341,True
1730829672.3643663,fe613c291371a1b43a4eff3dc68d661fecb0c2b2d7c9bb0a83d79dce592cfbaa,True
1730829672.3675296,3287a94ec354e9775b90a41211f016249f8d4f616ca19447043ac5bd8abb6b76,True
1730829672.3694656,dd445051689fa8a4c004cfb3dd9ffdf1bd0d5c3e3913efaf8e26b4ebeaa6ca2f,True
1730829672.3846123,a47bca723a1138f806e9e64a1714aba071faf6ff1177c82101eac9133a957879,True
1730829672.4010162,27542acddb39b73e31484fa56dd783e2b38d5cf59108d4994c9907e7152b1ab0,True
1730829672.6082292,067501b63dc0242769650d19d94d9aaefb164f7826d88db22f93c28ded3cc0a4,True
1730829672.609181,1f9991c5e056d8c6d78d288c91216e228c99eeeccd9e5e4f2c33f45094253f49,True
1730829673.1502736,6b0ab579a87273fde10eb2c19ab1b8f793c4610c9780d004bcf1e45886ef7089,True
1730829673.1570745,a364a057069a73adfc952511358d826a10d2899fbb1c9e6f292dc3c0e6d67178,True
1730829673.1585546,91b62202b9af2bf94e1b87465388b8877b52df5b7636d66ea0506c740b848233,True
1730829673.161994,e532c8ad495e60dbc9c69bc7cea3b0b7d0f63d53406720661ccaad504ea5728f,True
1730829673.2950387,8976c965cd795ed551fe9ae8bd2e0d16583db7cbfb9ee4f70e755a5674bbf4d1,True
1730829673.2970839,fd64b015ef46358bf0e3aae179cfa7e2b3b0daaa8a5e933fcfe06ce6aa313545,True
1730829673.6037283,3b3112d760a72adff8135583c9a344f93f7ca26b5358019a7362dabbac62b450,True
1730829673.6048071,3ddbc1f42c3b38570c311d700a96f4688763d71d8d2512b5ba7420c78efcea72,True
1730829674.1581724,0d3b629d43088786f584fa4e2118d15d2298f5b65d110c83da2300402a333ea9,True
1730829674.1636276,ef32321b25e91f4f291854b413f4166439fcd6afbd89bc8216efb9f6c613b7d5,True
1730829674.1690106,8610d42453d34da59acb95b063c7ab78dd2e33aaec03350a26adfeaeef9c9961,True
1730829674.1744945,979cb41e78af3ffe9aefdd86fd27cfa2d3075ff315a23efed123ecc5d03632c7,True
1730829674.2409096,7584f487b77dbff244d4b998f3e822e52d8735d2e3176289f57ca8cfba3b0966,True
1730829674.2468622,36964632ec2e87566d9a997fd70d618972db220fe86cae704460543a7ad45841,True
1730829674.557092,79fab1de351c0149f0a1ec6340690381803f6147dd11963764a8c0350f42fe5d,True
1730829674.5579598,1b41fd1f95b15ca2feb12c49315b56d41954a7ae9986c95ef5e37d73b0aa379d,True
1730829675.3455641,2b53f681eef386febd8cb6e5b0707f22e95cccb4651aba9afa39fcb5671b6c11,True
1730829675.3467653,972975008f049d9f3007605bfa8d5c65ccd929922cdde4d81b5c89a14caa3231,True
1730829675.3512042,70173bc02410253ff04df09fc5be04d7181c87567f2e83f22ecef861fb74b01c,True
1730829675.3532853,59eeb1c96b2791d08f509eb8a1b57d71c8e63db92cdeea9942ae6efd1ea310cf,True
1730829675.3548014,3d6848a04c9741a4074f370ee5da9b685d35382a15de19c971a01b36b7c9a3a3,True
1730829675.3640158,b26ae96a94e0f8c6eb2f13e5eae39947a14cf50b56912fa1c157881de13d7747,True
1730829675.6618133,2cfd390b188994adb5dd327aec8d4d2495f031319055ef64acb0ebe4984d2139,True
1730829675.6631258,d0696c5ef5921696424a4c7b72deee7c8505e2c961dcf48d3a7bc5c5c98393d7,True
1730829676.1666663,3f557796c7c14085c1149d5d0bcd96accbc834bb68a0bc1f7801eb754a563742,True
1730829676.1677136,7359b91ec3d954dc62f969f21a3299a66f2afe4254337ed49b596d685b3ac0ee,True
1730829676.169308,3cd09522a8833c2cef40430fec63daec3544e29f87c8b9752ad1cc35ce596986,True
1730829676.1732209,2ac68840f39f6b0ad8151df3c74ae17d2eaa6402ae46fa1848e65c1206196de3,True
1730829676.4746764,01c7f45ed2bd15740a59774218522a24d58cfd87b22b02c7639015986ba5af43,True
1730829676.4757447,359a512132bc54a0f9fcb2c79fb0b5fae2de72f33ff1e841b18dcee10e4fcf4a,True
1730829677.1943192,3b849205f1746fe3b48b00ce4b0dec12c0b46631ccc162e988a65845e4b81e78,True
1730829677.1997268,7d36b40d4ca1204d8a671b3608af030474b99704f7daf29888862661c7fb193b,True
1730829677.2029755,b3af12a79cc98bfbbd614ea9e3dbbd69c697dc39cdae7ee2e8638eec78ef0db4,True
1730829677.4127548,950710e00a59d163535017f44f030136a53d9c2f90ea4e698ec69d6cccbde75e,True
1730829677.5519416,598395bfaa3d10ec761103db9258502a31771ef68dc74c01ca4fde9fbd06f972,True
1730829677.648436,6f94ae2a018784a5ea2e3ab0293901ba9685a919c1b739e3923d6e44d0701638,True
1730829677.9684412,21bcc62dca4379109efd18b7516d39434e288d80c6941af7ab806d3def6cc95a,True
1730829678.191728,908d402ac64cf9bf249dc60f08231b5576ca2e125899893ff2c29205724d472a,True
1730829678.1971726,637b09d6d8d036f963f3bc39836f0bac7f2b0687e9374f4bc3081f64ded5cfb0,True
1730829678.202461,4f97678921dcd4d8bed01a25343dbfbfd698fe99be8ce582e54a11fd7e88e738,True
1730829678.2680137,80b1c3d6dc882d5bb6654d2dc0f60d6898e062d951fbe234ebb4fb4a4319018f,True
1730829678.334026,549df19dea092ddaaaec10f3fa30ddda9476241a1c4a47d3465725c111e4f7ee,True
1730829678.5014486,22ea170a5a4df3057c655ce245e978b4bc89f215f991566964b1537197686a62,True
1730829678.5650325,d6f22e7cf2d99b9fa69698384e10f5ef1f5f407795cb38607053c3e527d683ff,True
1730829678.9826934,819548d51f5d69b27ba0ee715fcbb19c38f7a2b11740b0363eb8201bdd505261,True
1730829678.9891455,0b8bfb8789cdd248dd16bf400188719225bc0368ff267b5be6ad3414a5f42709,True
1730829679.2361734,d8e45f8649722e150120158e11db7aa68e31ac312a1a7daba7abe838d15c94d9,True
1730829679.2373557,44053775d20224f09fd5146e0ba32837f03388727d029c30df6f8f5d4eee68ab,True
1730829679.242124,532424b2f5ce4472b432e1352a21d68ce44f3fe1038e6feb8433c2c19d81afd4,True
1730829679.4447417,daeeb9c8fa4124e509f8c0a39b4e61868e53a8246b5bd92473922d605da70ab8,True
1730829679.5024624,a0936bbb2e92f67e043d63b39e361a0cb69441e45e01ee5b5579e954c0c40c5a,True
1730829679.6737545,4acb25738422500ac795c3aa486f4d31ad20f4418aeb4594ab38e4de788ec24d,True
1730829679.732051,8c27cb9feb5c34417276566585d0ebbfaf11e4e291c5d7c7944fce382d5b63f5,True
1730829680.2637331,aa308ced83396e727e322145cad6660d65a9a56bec570dd9f617a247a1a008da,True
1730829680.264754,a7a42fa09a0055e33421b05d806e7d8885b8911ec54525356c5bde1bc436b213,True
1730829680.2662501,24f0b7394962ce7da8bf7dc57e365dc63b9959e4f989f48b541374bc1224f882,True
1730829680.2696378,650b4c7ce3760bd01b93495d1e2d27c862ad58b93ec6eb319d03b9e0d1a5f2c0,True
1730829680.4679387,51ce3498cf0dedfe4ba3536c18ac7bcb7d00e0e8ba5a1992de875628a5f0c731,True
1730829680.4790204,9f9af874816889393634b259fedf78aa2126010773332a8395c72eb10d9a460e,True
1730829680.7762647,905545ed77ac6ed7d4187377defd82d0c940100b009bb3ecf10e15bbaa46cbb6,True
1730829680.7780244,7834fb012e698005e8595d4e85e8e56f1a2858883bfa372e1c1ed517f57a9554,True
1730829681.2892292,37c6a107a63544ae36226ec4c65a391ebe8750bf50ece5dc4c78d9ddc74d79d7,True
1730829681.2956018,a7907c7f36008b695ad1d8384657f49bc74fde094dc2fb00258e00a3f40595cb,True
1730829681.3014219,fda0226f9689b0525d55902e086e8578d67bf2efecbcf29fce8fae04e0be5fb5,True
1730829681.5931625,c33a4863f11d6b686fb81a45cf23df05d85ff68153c04efd0d1fa387deffa4d1,True
1730829682.1949883,175215b198a74724cea6e940beb0aba47cac143d7917a3a1e8ea80f8d15d87c9,True
1730829682.1965947,76e338a7443e3e72c902a6a7015da0bf00bcbb62131c1a6d709c478da6e1d1a9,True
1730829682.231978,140694d8e6c9442985396bf010cd2315bca5286ce2c251c4624acb57a2f20f85,True
1730829682.4611256,fd9b19ec51172edad983965ccb9db089850f7cb5c499284cada76642b19fb4e1,True
1730829682.751593,f84730f51e11646e91474149b79f9c993393e10847947a7c669ce9b6155f5c50,True
1730829683.5459638,cef12435b545959d6d5f1d87c30c6554aea43885517189f409760cbff9b56816,True
1730829683.5480444,d8938d25679089c24a9dca4f9cdcc0ccdba60bad7f829c2290acdbc8a36d4dd0,True
1730829683.5501547,6df60553195a84f62c5a64aad89418ecf5fe352abcc53f99da1b8bf847b7b427,True
1730829684.0327048,b506d29c26f42febebfcbdecfc450714c41c9f3583de1a9661dcb45a9bd1fe37,True
1730829684.4580429,2ac258405dbf9d80696eee1b8deeec7c29575d4e37c9a588a745a088cda711b9,True
1730829684.531288,3db67b2a30f20567ce2508615299c1e62c36dcbe6e37ee1afbe9e07dd80dfb5d,True
1730829684.7660363,2f122bc3888e6e5d52e608f637f4a939a12d97547d2b039f65e4e7d7ec2cbabe,True
1730829685.3877633,bae196720eaebe60a27545f3e7d28d846d7ac5ab22d7d3207c6e0449c1fa5c6c,True
1730829685.3888762,0be005f6b6c1f36912dddec43b67a6a5fb0a7fd6289d6b5d9805c5f369cdcd9d,True
1730829685.3897216,4b45ad4e9346d03bf2b0dd69c936c9d1b97e95ce38ca7e449d90d4d9ef93e842,True
1730829685.3989286,7887b6c1466b603339d7d79d946c8e0631152879ecd879189b6d72dd33b0f8d4,True
1730829685.3999922,5c413297d2e05171052d80b0a8df26f85a2eb32981bf6b0e27e32453dfef156f,True
1730829685.4017682,840c34ca11dba649f22696a872f14556cb4ba165a2876c47d8f0a44d57aecf21,True
1730829685.4086099,a96e5cc3481dd85d73175075dac298cbcb8343009567e73aa004fc506f11873f,True
1730829685.4097733,92724ad00026db54ad120a655accfb6a5a1b156c8ade649a78ff86804b161de0,True
1730829685.4140236,cf93e33d2a94dd57a0488b92a5ca66910c20310a4a70543731b699d0bc6ec5bc,True
1730829685.418414,d19e48937638330604094b056e181d5dd9275ad56f2cff04db9f9cb0cd4208a9,True
1730829685.4193718,d8996c15dba8c51ae0c412b521ad8d8441d56f41c9dbecdfb6f26207fcffec94,True
1730829685.4241517,0abae99f0594a44cac69be96f74700f38e61a0837d322c375469eacebaf50c5c,True
1730829685.4290094,0fc475efa3fc7606b054b629de806867f78b61d579462e942370d767062fe47c,True
1730829685.430073,50dcf0430979f8489514aaaea4da36f6a854b14c79ef75ad841d385b706fb7fb,True
1730829685.4341555,68aa743fcb4979106275c8d5280ffcf849a0c3d1ef969f9434282cf7dc574753,True
1730829685.4358969,6e7529b94cb335ee52d33a57bf28e93c4b02c889b8f8a8832a59a104901f5069,True
1730829685.4404542,c990c8e1afc422d07f1e9c3d5ecf70f659be3715a41b3ae6fbce8d06f21386dc,True
1730829685.443854,ee2844ca8eb416f8991c3ac4a8724f7ae9250a26d1fd7fe8b86e7f20aed4ef8f,True
1730829685.4459531,d2cc39d6a1860524604936342d1e2aaf3a2dc7ffcd198270d493a74d15acdc2a,True
1730829685.4502468,0c2d4c874dc165c630785df40cff9b405a28856d1678f364189eaeae2c47cbd8,True
1730829685.4534762,4ecb321bdb11ae1dbcd8bc71669a6df1e5f2bea80badfcde459cb9dca8ca9311,True
1730829685.4568007,696898c8ed8ef53c34d6307d3ad5242c6379950e73af6437e89c5005d8401e2e,True
1730829685.4603083,ae2ba84fe1b246bca2b43ab1183e08d8969f00729fd960b9ab4b3ea1cb6d1489,True
1730829685.4634054,06c7336961819612e0295eeba5efa366c0470e8687a95e35036e5671d514f98b,True
1730829685.4663017,1f250dba3eac3df6f11782df972ffa3abf3c32658bf001dede8f21eae2a0da2b,True
1730829685.4700797,6404576de1f5f272402039502e81b07d873322835fc64c7f4059437269c976b0,True
1730829685.4728715,7ccc010326eefa31ce3a3e561bfb3ec63fea6705ba526085708e5d7dca449dda,True
1730829685.4768841,9aea3d1a5621ef8afcce971cc6cf9525e47af3b42d59e0104995123762512627,True
1730829685.4810612,c42896ed615045078878f33b3abb03766651436904c5a5d278e3bf2ebbf7ec86,True
1730829685.4820976,e9c11c6eee9f203e51ad6fd4e320a5582298158019f127d968ac30de21c9ce22,True
1730829685.4857318,2b8fc66286f399ed8b19ee171efc50698ee1fa7ada552e960e0cca3d915d3a70,True
1730829685.4898987,309b7674dd8c0226ac504d553d5aa76288394cd2904cb4a131a116203977bf59,True
1730829685.4913154,3258bb11e649c4d475028e3b9c07b60c9b29d583cae28108c8218bfbf36a556c,True
1730829685.4964256,357bf73d633ee3315869a4918294318a5ce3dff97454ab8d18dd64840f1a812f,True
1730829685.4979298,3743da56e946bed6db2d4d91f1161357daec4d782412726b4eff40c0afbcb605,True
1730829685.500218,5ac344f7c4e8c678054a040265743bc9c0e544c083c6e861e55ec1f793242d90,True
1730829685.5009918,3fff171d9dfcf6844e65108df98928c443640c73120c2d6e7b2f89a1f4f4689c,True
1730829685.5075676,6b2843d03f3738a438b4aab2d9d92002b8407be760e3d6eda52df672f3ac441c,True
1730829685.5087647,7903e6cda7054060e051edcf62b81789b099012971a1367ae50eb45efbc9bfb8,True
1730829685.510286,6a851481a659813bb81f1e249efe54dff635057fec7cfdbfb660e5dc8dd92747,True
1730829685.512216,8a2761354b1d3c4eafca22ac983357597fe44f5b0f920bcb29754424b0ccb48c,True
1730829685.517095,9ab988f7b403b72c5918037d5aec3ad7e4d716f867d231929ad76a6bc3b255ea,True
1730829685.5181105,a269e13690630bf7176af7a781260e882132ea9e1bfde160a0ac118339a7e1e4,True
1730829685.521381,b053676b221c8da10d518f2447cd9ce091d9f0d97bdfe4309f610b0f811ac83e,True
1730829685.522227,b96263a105df13c391366dae0c8aa4bd8b7b58f2a39d3634438522459a458d46,True
1730829685.5274413,c2eed4ccf52ba8d6382fe61ff770998077ccbadab3aa4581ed57c4c2baf08c42,True
1730829685.5303535,e34b1579ab8c7dcca4bf69fcba772b33076b895a51e775e625a2d930e17d6b4f,True
1730829685.5311852,ee42cae525e87578d5efdb6077ea819e3dbfcc5efde512871c0caaba7cd56e26,True
1730829685.5319781,e79e8b730cf4d72c0c186f8f50b0436ecb83a58d5c733abbed08bb11568c28b3,True
1730829685.5360286,fa765e82501c3fb1cbb39d5429c99d3669331ac6b7f64777400655a894100b4c,True
1730829685.5409818,01c64fa3dbbaa8fa9574bdcc94f2eb68a2a693983550b2b3f7a9b00e9b831bf6,True
1730829685.5418613,092d391d117f2572e3e981fd0f25585f017124aad48731bf127e99b0896bc6f0,True
1730829685.5426588,28cd1bc2f7793ed6b88ca77fc99ba5936ce7707e762edf24dc51f37b35dde265,True
1730829685.5461833,3e86d0df0784efb2e6e5ff80b4438c993c16816d33bbe77abd539d22a6b7dfa5,True
1730829685.5512357,3ece7dddc473894de773db46afa6017acfd25050526ceb59d34d74c3589ad76a,True
1730829685.5522645,40fcda5d5eb047f380e4a55bda80d0dd374c6af59254f7aa5852bc509503722a,True
1730829685.5547667,4114918b936cda9508e3928df8a6464f86cd55527d2b24fd094ec9a04ef64a3c,True
1730829685.5581682,5c1115ee3457005f45c30dd4508e44a93996a42fddf39a2378278769c6d5fc35,True
1730829685.5670855,5c530d1feac128243a2b13aa6e7969d88eaee75cfa7b66d6591015af6f219804,True
1730829685.5702093,6ee87dfda5ba18d5e9b2a59d0696918e178e63813699d981bc05dd6927b847ad,True
1730829685.575953,79cb74e60278dd3dfca75d3afe90e8c3be66ac39649c34f63c742afcdf3fdc43,True
1730829685.5788894,7c1826ba089d237bf64f140a94ae2c99b49605e523be6cf028a3171678ad39b9,True
1730829685.5821583,86b4fba3b761fa4040273579c8c86211bb24da2f6380273bc3f88b42ab25c5aa,True
1730829685.5882897,aa138d6451b79ac7053e08189fb06cde3ab69bfe83bb7f5f73eebad8fa9a73fa,True
1730829685.60173,b55535f34ad5dcc9b76aa8ad2f6acf6495cecefcb40a273221e443c9241dc75e,True
1730829685.6051774,c83e798ea27cca566c955f238f62795edb6513a0f71eabacb5f9937f223de978,True
1730829685.6084414,d0d5ff92e6fbe3f15861cdf071f9c50bbbed7563fce065761ccaeb4b438aad69,True
1730829685.6153088,e0bd42d91695d43860b218f699219294db406da4a61fdae732e7cea0cba99756,True
1730829685.6258092,e5229064e4c8fa8a35979652dddd16936cef9249128d24084f85bb5bc2743501,True
1730829685.632603,fe683aa69714537ae99ffbb0be388e899de816b3aae47ca6eeeab2c349c69e71,True
1730829685.6405847,f20252d53d0627cdebed0de8ae503e3ed0c7d551eccc04098c787124d117b25c,True
1730829685.6416917,1a4eea0d062a0a0300215530d05eb371c49cdd99916b61ed15b2fb633c8c2fe5,True
1730829685.6439648,1c3906d6dc39e4a14ee916e442cc1007560acafaf1abcde38e2a51b75b48feed,True
1730829685.6702943,2da23bce94da15f7c528db1ac690e78b04e5b80fe100d42fe35251de062da00a,True
1730829685.6790175,3bbc755213460f57dc5080819e2014a66b795fd3dcdb28261c5f110a0e54c4a0,True
1730829685.6851156,3d51706da7bd58656351668e0c68ea147d1ddf7bbd058b4b455bfdd97638495d,True
1730829685.6873677,49b940ee13e4b922258e68cfd1e07b91b1d2c19847ab80eb706b291d7212f063,True
1730829685.6987581,4ebbf08ddd8b4d4175ba3a232ea905f66e629345833c2ba53207a85325c05487,True
1730829685.7010386,4f26158882c85af3915295c2e50628a3b478ba84b373063ab9b880c6bde254a5,True
1730829685.7034912,5652f6cc0c934b9aeff157bc9c7f5b0878cd1d44485b29827675f187606aecaa,True
1730829685.705294,5b12c4e9a2b54c8ee1188297128856af5f7db77f035e5f5fb0506e065d427d8a,True
1730829685.7082052,5f52d91ecad8042fa29642ff17900eacec031dd64e5ae2433c5bd66d938abd19,True
1730829685.7135632,7e3f7e5208fd600e94a7a04b557f9314f3c295504ec7fea6f552643cc3e50b4f,True
1730829685.7149644,6cefa9f8826e19954aa2ff964f583ee6add989f4718dd4358a1f2dd011782c3e,True
1730829685.7212203,9b2b2650f75d15e4ba8e50aebf3fa6f05f1c342d41fd93f8c086262ddc25a263,True
1730829685.7243083,c44966b4d433561b6b7943d4918da619df6e63987344e387bd6118a4b0cd5730,True
1730829685.7253635,c63d2bf54ada5cd98071bfc89ee931b08d0d103981f1ea5f903ef1e2248e72b9,True
1730829685.72632,c83733bd7b92ace2ace97078649cb96c7199a582ce4e9643be4c82d9da9f306e,True
1730829685.727975,cca7830cebb011f671595a6450626233ec03f0a74e6379959dc71b452f6afb2f,True
1730829685.7337189,d88f449d75e371e4c199d5786653cf42c4475a53c9a3542930e6e0867c03e6b3,True
1730829685.7384567,d607f25b68ed03b1ea62e686064601ebcdb13bcd8cb9b2d4fd4bdce438bc3051,True
1730829685.7395258,f24c01ca5a739ea974ac07e07425ce894151b93de9c8b3d52ef829e4f358a315,True
1730829685.7515056,152ab61abe80eb91d8526f727ab7f80bf2915b1071f86ed1bfc57303d8430a81,True
1730829685.7532604,3d4a5058c1e376210e1eeb2d24507f8719869bdfe919f96096215808df43d69a,True
1730829685.7545707,44341fd734fe2680d58c603ecb1a3b8fd1f3b035553ec1b3af53dd3c3b8f25a7,True
1730829685.7579072,116dfbab7734ba3c379152d40677bf21750ec80b1d8273411afeccab44814e06,True
1730829685.761297,4972b700083f023d43a50defa7d426fca38395a4e44f12d483adf169772ce9a4,True
1730829685.7673051,86b68cc52a9763dc069a7743282172fa32e71810cf55e709900f746e1602a2fb,True
1730829685.771004,60d15953fe18db5e5d3c701fe106c82b6d1908241891a578487f1d2e970b85fc,True
1730829685.7753313,879d416ca4ab49db5210aa86c877f89b28884c83cd397802d26d3cf0320a6c76,True
1730829685.78096,8a346c13892401644648fcd36d9d01b6eecfb82ecc4bba6f3a2210985cd1ba0c,True
1730829685.7829568,a16ceabadd78f0ca1573b4e9c3773e2226f87b23fee7897dd84da7fe03bb80ef,True
1730829685.7889478,bd2642783c98cc8d5d7759b9dd149251a9d89402c69089637fcf0e30e5fa4217,True
1730829685.791997,bf6903eb9f88f8673193264faa7e3a79a86170e1466d2ec05a2d960c3e8967f7,True
1730829685.798465,b968739af1a0a0c0c2892b6759ad793d8cfb3c3ee1bc5139e69f67b9b5784a20,True
1730829685.8050258,d798e5461408cf810e7a4a95c04c35864879ee4455f74f3d9811e373d10d3052,True
1730829685.810352,d416bba3c93d861feb2d7a3b9fab98265818451cbec3fae542c6a0afdd13d066,True
1730829685.8121634,ec6db829c9b04b9142cb22eff3fc6b8397ab4b07485f01ffec2502417a389539,True
1730829685.8133326,efc2899f0bb2f286a7e3336c88b4dd6e25d39957e2b547f51ded119b0ec77e0e,True
1730829685.8168821,2036687162036cbcb824711f51352b6e79d190cb43c4c7b956200e3fd37354cf,True
1730829685.819333,109c1bb2ecb9b8085baefcbe5473ea56b25ebaf8212f2ab5b1f6f2e187609474,True
1730829685.8218482,1a9da65a8ab49fb0899952dcdf8db44519a3d047b7b083a6c8534762cd5ed003,True
1730829685.8287947,21bad9feb0bdbf64aae704fa34274a07913b54213ee008b844fdb49cc3517a92,True
1730829685.830023,4da0c235a5272a982d25562c3201a8a4e712ec8037a2b9459b39d8145e08517b,True
1730829685.8318274,8848e55e745faaaee50b45f2d8886dc6a33cbf06655f1152450699eff66946a8,True
1730829685.8352737,929256afdca4f3c1fda0c0f79855d6de94e94d61f18bbd06c30f2fdc3d56b153,True
1730829685.8402803,abaad430571d22ae9f56cb0c42387f7c2b1089cb166c2af2180f4bb4eca99396,True
1730829685.8430717,ad847b105cff3ade48aaa67dd970db59f34e55a7388cfe96f93c844394a50cc6,True
1730829685.8451445,9b2d5ac742fecd66550eac7b7215ca0a329acd0523ffca54ff93b0ae464bf7f1,True
1730829685.8508928,d40998e1f3bc6004204e5d48c32dd9412500eee37beb8f5c62e974d7955b1207,True
1730829685.852095,c0e6cb42a68de0491a304563ec49f1239fc635bd6deb2e4b1d235c39489eacfc,True
1730829685.8531318,b2ff136f3903e52f5e4aa11865f0694d95e5dca5b8bfea5ce03efd0aa390aad3,True
1730829685.8574262,06c7336961819612e0295eeba5efa366c0470e8687a95e35036e5671d514f98b,True
1730829685.8585489,d55c1cec8fc845e88f20d5093894648e21e406bfbd4f4cee101a653d3c3979e7,True
1730829685.8647838,ff231557df910654fbd1ef9b9942423fae8e2e194bf35a18e735ce3a94ac0d3a,True
1730829685.8660622,f7398fe8f152526990ec11dbeffe860f84c817600e64f0d4e5a086710d8fafbe,True
1730829685.8684754,595dbf2a34b00d4c6181e48e17a068b90ad2fd206acad1807960ec6887f4aabc,True
1730829685.8693483,e5f7f9be7b02c5f4782eabcf941a8b8127a3be5b6661bffaec4d69723cc34dcc,True
1730829685.87089,e02e2fd206967136ee5751709bd2f4c467445c8f642ea7540e485a93bd5e25b5,True
1730829685.8787286,ce9d5919e25c6573b5bd010c84b534c2940d8052ad35264e8d7db7cc9b18852e,True
1730829685.8799307,5b736150c3099714fb613a0d6ab6d336d1fc8291b67b60bcee29dd6bbe902dad,True
1730829685.8812697,289f998f6d3c2b0f807a45d2cad6c9817f9bd482be7f149149becdd3010f9722,True
1730829685.8822749,808b370af00d5c81a9b0c26723ef3a8bb2df6f1ec34cd181f1df770434ff3880,True
1730829685.8832185,90cf60db66d45cd84d748699312498a96f19324ca8a6854673a2a343e4d7852a,True
1730829685.886265,2e81952da0d0ba3c6da2ca39256ae6d13bf63a0aadb7caf8682d4c64795ccb8b,True
1730829685.8872929,3dd59393fbdf8a980970737ed5f7968a93d57bb7b0dc62abc2d3dba17a9d90cc,True
1730829685.8939316,46d6ffb61dd3f6506973de45f44155063186436cbe19ec7c65ce474d128fa202,True
1730829685.894978,6b59f722f402921314fc4dde4934a5c652527affb47e476fa9b8d431bf6c1a4d,True
1730829685.8961287,77849dd6e2b3b8221b631c19a223074c7262bf7501367624c3cafd4fbe0297e6,True
1730829685.8977158,71549180cea4f2e7628bbc97c41679da1e4ef7c1e5917fd43f4e0cadaf1f6ec0,True
1730829685.9012928,b9b107c657701f23783210287aa0663f4837a1897aa158c9228eb541f31c5b3d,True
1730829685.9023054,8d1d192cb2f7d86cae3dffc7886aabc0523588e44740a0dbecb2b600963f8e99,True
1730829685.9034224,b9784a8b75c6f4c9c0cf625341020a4ba9d36324d8763f08e2b71b8f2013debd,True
1730829685.9095922,df3a566420c83691b2d64e738f2d279880b8dc1d8389995a5bc51ea359c513a7,True
1730829685.9107637,f9cfd54c0068727706d391bc723ff14ffab143819f97005793332b2928ae96a1,True
1730829685.9118748,d4a9ed65010b040d5d797ae7d505768269521abe40662eba634a41d3d90c2857,True
1730829685.912869,d30ab613b8dc6f8f7c7983cce40cb96fef8d060828e85798c206d6fcbbff5aa7,True
1730829685.917353,fb84d1bedaae8a19c4a50d6bb80b799ce1ff79c06ffabda4b21d896c5b4cb59e,True
1730829685.9182284,63bbc6dd8b4742e664abb4199403fa068d9e9ce71da3d4f3089e7da244142cc0,True
1730829685.9229627,696fd565508709d3ad3fbfccc2be7bc04654d0b67145c3d761f3c8207ef5f4ac,True
1730829685.9242024,b825d498238022d976b05a8a4e72de24f298d7bf5939a1d7e15ac44422f12f76,True
1730829685.9282298,be9dde8c4f4954ee8560ad9e104654dc838262f68e8a3b09e7597632ec3458b1,True
1730829685.9295661,e63eefaa1f646a6cc28a233d5abd690749a402ec7ed6eb9448d4477372388a51,True
1730829685.9334116,ee0f00b57ad469399a84d09da50061f377ea5221488d1565607e9aad60c95773,True
1730829685.9346154,0de0e0a8a76f49e1a630ab4c8cc466cc43b0f3172a4fe1ed8b326ad454218596,True
1730829685.9400544,3a66980dc1a730bfe50103d5da3c1b76a58dc628ea18da1b60e646f21d7c0d0e,True
1730829685.9409254,19b7ab5c4333c60b681f4ed39d365b58bc356d8612871181401254800091ad5b,True
1730829685.9448216,632f936eae1ead539f6cfc58e26ef9383b41da7895db8bd94b8343572ff2bff2,True
1730829685.946013,76d1b4567736543abca89706e78cb80aa6b3a198af9b38b791f792c4325fa716,True
1730829685.950238,98402117b661f6b1ec1772b33962154fbecee2c8490e92cfd776834626692526,True
1730829685.9517128,be02f6eb5e61bd01c7193a8165c005c158e21b11e1c7ae7bf7ae6e825773f936,True
1730829686.5088289,1f250dba3eac3df6f11782df972ffa3abf3c32658bf001dede8f21eae2a0da2b,True
1730829686.5097456,7ccc010326eefa31ce3a3e561bfb3ec63fea6705ba526085708e5d7dca449dda,True
1730829686.5106523,e9c11c6eee9f203e51ad6fd4e320a5582298158019f127d968ac30de21c9ce22,True
1730829688.2463388,d148ece3426365ef231f69ef17918c6441cc74ccd907532a74eb7ce7bf3b3c32,True
1730829695.8098972,9a4031d355ad7a3d2952f5467c9073de5e5ad106b5c2d75818cb9b5d28ac1790,True
1730829695.8155217,e6315cb7f2fdbbddb345624487e548ec7a56c8839d46167f37ffd21304e6f146,True
1730829695.818897,b230bc4e21672b5244157e4baf48ba404685f7527e71d3cecf76e7ecbc3c0dde,True
1730829695.8247752,d564be75bc6c5e7d773b971dd5b5ae4b601e17ab37d9e20348569eb88e1127c5,True
1730829695.8262625,b7074d70e231277fbd4a040bef2a8b77ba9dce93ecdc8fa643120329fe914f5b,True
1730829695.8388991,a2654eaddbed58682a28a145aa095eef55dcae73c0a46219049961aabdbafd34,True
1730829695.8421717,b0f76fe0ff9eaa212639527b787e037285ee951f208577d4b6306630b4037fa6,True
1730829695.8499143,1863ca4005f7da17481ea444034dc847c9bc3b494072ad4e9eb0e52d680a3e20,True
1730829695.8520105,82d42822072864dc1afb91f12ea2ad264fa8263bfb2fdf105342bfc4b276187a,True
1730829695.858207,2da51bd2f5281aa49efe3f63d3a793c9d8d555b7b0c35cb1fe7c4bea8b6f48b7,True
1730829695.8617194,9f399cc6135b9f6bb3d922086214af586603fd94630bc3c766cfa66c0ee04919,True
1730829695.8641365,2bb8df61854494dbd58bfb761b334dac754028bcb09ac1a7ab4b827bf59bda37,True
1730829695.869015,549160879e365e2f7e7e75cfcbb3518c78f5348345b5357afd64a5e0e8b033c5,True
1730829695.8700814,b1e9f9df290281c99b3a7c6882ba2b7002d3157ad9ccba7db07d4d019a48d3cd,True
1730829695.879657,e65d345f69fdcad371d7db49f9305ad89b2a8ea08f59bfc6f44d099d855bf172,True
1730829695.893026,90def0d645282b3b902ada3913607bbc9f311e3442f0a19f5963095bc3e8b705,True
1730829695.894073,0430ca0f02135fdf79c54dae527d63fb3bf6377587645b84af1288bdd612b408,True
1730829695.8973117,3db7fecaf69b185d026ee9e31172a237df30d659c2e978c6872c9f929513f462,True
1730829695.908686,8f41e6cd9b44e13061644a18e539bda096dbd1d3351bc14c545d933066161c0b,True
1730829695.917921,9b1b35452b4714ec1a74a7c689a5c90543235efa3b8964069a6b09f07e34a227,True
1730829696.1314156,e8146d002ac8829baef492ec76c222be9ead729000f2c5d5190438b1d0010332,True
1730829696.1326184,96f0f90358a8c33e2582ece954106ca2513da2d16141c75f4596a02486c34a48,True
1730829696.1333592,fa2ccd20148e607503acfb7d618632160ba3f36f4988aabfa211e3586661c7b5,True
1730829696.1396239,aa59d7c084549a7b13a24ef22ed39e11350cb664a018c71f833fe61c98ac343e,True
1730829696.1451702,a056e5377ffe7ef1c8763866fb25a18f23acd2c183fce83aec9771fe29f6ea7a,True
1730829707.8478553,b17a4ccb9690239d60f667747ce892b4af5dd1ab1c78b3da2212b8df1138b4d4,True
1730829707.8504512,536180a097fecbaca2987b796fa736a68165b4cd2fda28901a05f183fe0dce46,True
1730829707.8548574,5d6515160c6e4726878f1afaac7ee6f356d903c156ddc535c4470985727c528a,True
1730829707.8560367,d29c749b8a44522beb3a8d23bdbb7a50842eae58e4b2eec562046bcf626a3693,True
1730829707.8613887,4c3ea54519d94a376c050282f66a10375adb8ff695354e1c9f1a5671209e28df,True
1730829707.8623316,1279f5981adcae3368500b950bd7c6f6220aaea2b73d90458384ea2c5ea334f7,True
1730829707.865939,aca3e11f61729064f5a3f1f7f006605c404fc803f2219b578b810f9358234136,True
1730829707.8675423,a80aca35e9aaa3f942add513fc8d817e23aff5664597258557c1b5ad4435357a,True
1730829707.8713334,7965e6edc0cb8171b836ca4a2320cea9bc6cb85df360edf161c83a2da42fd782,True
1730829707.8729594,4dbf22a7536aa8e01f877fdde4036fcee24214b836f22af7a97961389478cb19,True
1730829707.8779047,a6d83a84697e5a4496d9435a84b50be3cde67d4a19f42be6eaf02552329b7d9d,True
1730829707.8789399,a704c826f720fe14951008c300234401a951f550bdc3dc458a5927e5c1a5bd55,True
1730829707.8866076,523da52367c070957fecfd693bb0a67d23a7fc364c2f6f9656d30323932bd1b2,True
1730829707.8885975,ecd0c1a7436dcd29bacff91c1fc730bffee056dfb01892505f6f24bdfa43c096,True
1730829707.8936136,fb3a7f0599417cede03f742c076940b134e11cd65d70c31a66259a991bd290d7,True
1730829707.8952343,0c15ade6cc44f98035b9c5b3a9390768de63b072c7c4ef8d4523e406638a52bb,True
1730829707.9017541,5fb13a393440b7a2267f370a7069377df94468732f371367b55fc6379e1682ec,True
1730829707.9034395,c8fd04756e6b334e3724db2896f4168e5985a66d75e479fdc2ba694c58fe8739,True
1730829707.910053,e381784c9b444e194be98aee1c7b3c576e40842b23838a28c0f541bb061c4d30,True
1730829707.9115098,df5b96f8e2da05b8b9a151122bcaad6785d680b33cd7711c8f86b1e1dd8af1a9,True
1730829707.9167337,fa7d581f125fd0485fa5e73d01465730180835be6627b0c391eab76141352d89,True
1730829707.918127,521aa107e1be26a15a25de81cf8a63cd1bf5b1c232702e0663148c5b6ff02f87,True
1730829707.9252086,adc49a04805b7f1ea85e1a773d24c8026b63d73dfa54ddea5b7ebed7eaafa67f,True
1730829707.9272878,9178583e14bee4eb172a46da37fefc84e3945d14adec4fb1001f6f7b9d216aab,True
1730829707.9315517,d1d0f01702094bc4b0196faa85ad49d678c236b729f69f238a8c51be0ecf7872,True
1730829707.94028,27a2e7a1f4f5a06f5cf310b392c0fb11ec080ab386a4d33ba8c644bfb50b3d86,True
1730829707.9461782,736b152e1a8f48f6ec2be6712420825eaf14623456f1feb12848ca86225da18c,True
1730829707.9503071,9ae5778fdc6fb5d69564cf70a592cff43b62457eae00849c72b887a5250b0800,True
1730829707.955417,b56adfa50eb41685cd59e3f04e09cb0a041ace778e945873d23893733bc0ea57,True
1730829707.9599798,c561395aa043c17159e337b8a497fc1642db642b1fa7afc246e12866388ab76f,True
1730829707.965243,272d5404122f9ab5e4d4fbbd3e24cbeb79dea92e61e5fd0b3b20846871d57cd6,True
1730829707.9749708,ccfb3a46eedda29d5b94084e7b279b14422910ff0a93c4e4d5baecbd1e16e655,True
1730829708.138601,20baf950baabc08853358b5963273760787451c3f47e07ee684d05336f10ccd9,True
1730829708.144062,417b4f4fc58060c62092c603e18652c25207bf48404f4c77f173d6eeb415f0ff,True
1730829708.162148,6dde0e63222397b6971da9f2bab801a244199158862580670ba6c94191eb7e44,True
1730829708.2174423,8c5ec8702e764ebdf1b0d33e250e8479dc2db6b2dafb905753d1393681c97a9d,True
1730829708.2226536,9407416ce4d5b501a5b0138fa5e9595212064327f11926a713b20b305b8ea390,True
1730829708.3523881,cc528b4ef7800d7b52a27d8f03646c1a994295a64eb4a19322826aebc6fa61cf,True
1730829719.893857,18739214bd50e7a245bb96157bab3720575d74de4cfdd2f120847db6cf82662c,True
1730829719.8969252,825151299b9f7197c7e1d8b13daf2710297eeb07b5d132cb188ea00320d996b9,True
1730829719.9016738,c647a09064da39e120a8a2e01b36a9dba3599ba746c2e515e74718a278568a1b,True
1730829719.9025326,e765de654476574993edcd6213a13ba6db421c1b8cdd473a27fcab83dfa8b6b6,True
1730829719.9067452,2f09a78d411576a66b65bf7613b86e5bb4269674f24f86e7dea1a2900fdf8d3e,True
1730829719.907997,35e0fade432437828d2046071c16bd283acb15d155896b063d27ed6fad240d33,True
1730829719.912056,911e936dc85c6df24df3d6dfc28547d80630c24ca4f5a0a3f216d8caf2e9d5dd,True
1730829719.9142182,4115559cfac688bf532460ab8011cbb449d808066ee0a3c109c9f352e33a3d59,True
1730829719.9190304,6cff95001d60f6e9d2f745093b84a3ecaf68510063cdfd53a153d7c8b9219f41,True
1730829719.9202886,9d35865f4f206da9adaf190fae4a0be72fce189fc717cc98e4330ace0395168d,True
1730829719.9242327,7a1f9d3e03bd0989657a8088a7dea085d012b60e59a85dfb2ea835df1932376a,True
1730829719.9259403,8c7ab1436e5b655dc607524f3476f81a15c2b4a4849e1532ca5120396320819c,True
1730829719.9304342,e3e14c5d114eef55d9b01701823ecb9ad4523a27a4b133b13950e99a6198e79a,True
1730829719.9334764,d4c12720240a4fb8a3c8edd750b96cec567cfcdf39765d0af1a512cd5fa340a7,True
1730829719.936889,f8477154bd0a30e8290288f63367553c1f740de08e49a51ae884b109e05942ee,True
1730829719.9404023,026a9613ec9462bc1bc5cb82a05ffc4e2dde0e7dce3c085bfbe32895f7d0918b,True
1730829719.949701,20a01fdcd1e63ffe341ba800e5337c9a59e611c595267007144f7bdc1beaabca,True
1730829719.9518552,17047d3063f10bac105fec05a9eab0fc04ee342cf551e950881c395882db9e45,True
1730829719.9616733,9a036ffa0a8a7f8bf48e8e1f55f85eb2385bf78c6fe6af877dae02058dd9fd59,True
1730829719.9636588,9c4e3c5fb65d1087a35297327860d0ff818db279082dafc886ac81b392f0f5ca,True
1730829719.9676065,d84b289c7ad44bda6a3743ce14b3cd578195812c7999848ba030e5d8dbb0482e,True
1730829719.9694517,60b59f0337fb63aa4a46dda021de3d950c868eae97e17ed70f98ae63f7589a9c,True
1730829719.9753869,2d0c2c715fbe31802191b0e9f6767870eabf909d1d094ffb7c6e0e7dc3996a2e,True
1730829719.976704,f5e878eebd6fc4a7aa0e35929d03fb1b4623d73431539597c02d75f436ac704f,True
1730829719.9843376,ef5d3c590a10d71a8b614489d5a612bd01ad461de92924eb18aac736bff71831,True
1730829719.985576,0d1d92013d488f59853879802e01d1c2712cb73822b3cb13c9b39a7f6f34985c,True
1730829719.9908926,1933498ae89ad4ca53fc781cd0b1b7839caefb40b9f860d41b361ff0ecbc22da,True
1730829719.9975793,75e07fa9c0508a80d2f256b55f91ea59b75ae00729fa35b5a52a325c84e24952,True
1730829720.0041413,8eba4f21285cf0d0eff3a9819cd8b483eea9083ce29e945d044f41322da42307,True
1730829720.0105283,9ee2fec9a23d0a91f833001f3736e8e71a00e0b856eca56626a3e09f5d96da2e,True
1730829720.0156212,2b622d9bacd33d15626ba98464e3a6e5148b2640ac5f9f3ee29aff758a57b8de,True
1730829720.0203466,8eb9a11967bcc6bb62b615a08fdc34314b5603f57353cefac3724040bdb02129,True
1730829720.0215895,0f38951a6f61c4765802f478916f8f234076cc0a94451e09cdef68c738eb0bb9,True
1730829720.0323265,c40c5cb2ad4080744b1cf8b1a24709ab9f539848a9c7c6ab72270fee21d3b83b,True
1730829720.0414743,de44c5cf9731a9c363f9d18ebb1a659fe4fb4de311029d8b7b670b4b4953f1dc,True
1730829720.2982457,f5007360a3760e465dbe045fb1359dd9f16accc99ed51c566d97e1e8afcea531,True
1730829731.7774925,3a0b08de2b20e7cf5a84cf1f4b98f2737f789b8ebff2b036f3346cbf75ea23c3,True
1730829731.781094,91f785c34b16133d0b44db54f6cc85b97f793e4728057e6032847f512f51bc24,True
1730829731.7858195,da612a72eed40bc4416b4d0dc72b9b6fdc68da59173763e416f710f4735cefaf,True
1730829731.7868352,1ace4f55941f3d3cef0a8996c679647d8579cabece44ec8ba7e206e676cc5c97,True
1730829731.7915673,f155d9302c6c0dfa1a1bb781822f605547376affaa2317c21ec671ed54950eca,True
1730829731.7925918,2cf2175955508ad48ded5cc15201dfb41a5037723b245e1cfa4c4e205d567a73,True
1730829731.7978158,8ed90c9cafa744ef0b96d0aebc5ab7f52b150357765c1061b0614a3550d19f8d,True
1730829731.8013377,32a5e050ac25648f10620d88f3d033ea3e1336490cbb123008c5dea21c14bb7b,True
1730829731.8038912,ed7e1493372d3902335ab4c455ba6ec34662810da110d750ee8ad9e6e000cadf,True
1730829731.8064244,567699f50aacbc0f9b3511f5adb363d3d1cd42665e1c7f550674d103b687acb9,True
1730829731.8090162,f9ba90a5fe09efe95710725894a63caeb587531ba17f19048c1a53b8627c06b4,True
1730829731.8118796,111cb8d10a581506dfc090e887b3cb2d28c10b78a0e4db728b6661808773d9f5,True
1730829731.8165755,fc0671d3125a9021f4fbe0bf9eda95b3d7f576d786ee91f1c5ee77b6f04c3448,True
1730829731.8191695,11437479f546b22ed5b2d334c854fa8767905f69627eac335c22b798d03dacef,True
1730829731.822822,d932c275b195c3aa758928ab2922ed2f3b5672cd57127464e2b2cf3c149285a1,True
1730829731.8258183,2976a1f97ffde4e780b689c2d715530b5fd97e1651613647261e28c3d362aa9a,True
1730829731.830296,bafca0b34c2d146839313ba5053d528e2b2e9c88cde9aae13a8df901a3acb07c,True
1730829731.83221,c9f81a869bba19994e698d48099999004f5e962a7257b3665ca6fbb65c9700eb,True
1730829731.834986,16fa07af62d7f40fba6b44fb3193bb30555ea24cd2af518f8a94bf358c473ea9,True
1730829731.8380558,3162b51297a94c8920fca14402ec0b7643c0f5f81e42e1d06ab945781815d193,True
1730829731.8438299,cb4e6f312096e1fd172ee98276304e8e851c07127d181307199dff455105885d,True
1730829731.8449495,eab746b73db3a004307bcd2b6b11c44d815e8d02f8c4a9621a2208a82191a7c5,True
1730829731.8496852,0979404d2117af834e130d65facf5da8e4d8d409572ac51712377b3d9272c3d3,True
1730829731.8507774,589a0a0f2845a8fa4d1361fa9cb9ac60923fcefdcbe09b5e5089788d4a83db15,True
1730829731.8552096,c3dee8af1dfe5c18e6231d613200d235b6fc1e77b9fea8471a0d8809e699334e,True
1730829731.8564157,abe91af55e179ca308343e0e9d172878d2a781832866dbd4da0c8bf782421f87,True
1730829731.8602624,310cc020c024a1e4aa6ebada24417579cb2b3bf1b1a16864413601633f23ff2c,True
1730829731.8610468,90aaef122dfdca9382c5ff1e8748ccb488e888a2c48e905f21a6aa464e3e8701,True
1730829731.8653097,c72e6994fec2e929fced195db090a2b20aad01f101bed2ae8a436902cc4adbdb,True
1730829731.8662024,ab466cecdbcadba445c6fb0e9ef0a2e1b0c013fedda9d2e002a51d32734be2ea,True
1730829925.2037566,1c65ac3ce0f5fe97d71038c1555409a5854fe63fa07eeda1a1dbffd3d10a06d1,True
1730829925.4285135,ff4fa4c8252f1201e28dea9e4879cd465e93d0da7a3bab5e1482843b8dde4293,True
1730829925.7272525,c531c8e57ade50551179ae6b0074369c4ee294b232244e7e46d1bb487325dbe1,True
1730829926.051737,c148ff1f10aad6ef460ff064af79b774150a31f06b4b4ba7f03c2712b4be9421,True
1730829926.6334665,e52a4c50b9a25bff1c18611a5d8cf2275e75f4d3402e0d863ae128a24fb4d42a,True
1730829926.942779,9831780dfab79e6af6b1a89d16a3ff397de2db31e6c9fe6f1cb07fcb7025f752,True
1730829927.2574642,b340ed23d8ece1114432ad373996ec7e7ecf1d86fc42a18fc3596250a26fd45a,True
1730829927.5597115,677dc3cc19ef2e23a679958b7580d0017d84e9841c2d226d9ae71014e01ec67c,True
1730829927.8495934,44308805330a35c11a28d0f657acfffc34e3ea78caab39988a1dfcdd8e31e225,True
1730829928.0521271,03c3bd2fbe142de08946247a47e5e0011b86cef43ac59e5c23bb84247edcf139,False
1730829928.3791914,de9ff60f6f9dd2675cb2d032512278bb74b74d9e5f53f6b514be136264555b40,True
1730829928.682665,6305e9004a00d48d789abdb50adc8f4b034ddacb2dcd99ded77a466f973da003,True
1730829929.001695,90f79986b1b23bd447130614f9dcd398cce4031ba15f38b2c21ca0ca99845485,True
1730829929.6028109,c0cf57c137db9b440b4cf1cf89b59d54767c9dcee53014202310af52cfc87ee7,True
1730829929.9151902,ad736d4dab7203a43bcc95073c6258d94623e58f5091e93fc784577c4780ca25,True
1730829930.5261335,cf10b69c21ba97b0a72aff136753380f68c168c7aa14c3d276e1f10d1c212dc5,True
1730829930.8327227,9c1915b5759a3e722e6cf7bdfbb5a6792bcdf5f14aeb91dbde21bbf84a4f88d0,True
1730829931.045168,0930e966e8724b956875827244c4bff119b7973f6ceade5221a94c160e419525,True
1730829931.3474133,5d52bdec6d0f89d3f1b5c2d9e3d5fedca429f844a2b215e354ef53fed5d14627,True
1730829931.6532793,938a558c6fc9ba20754bf2d2309a78f8096231c8d8b3fd2c1c31c2259125cb80,True
1730829931.9649599,54fe53a562f4544ffe67861ac1e5fc0846d589bc5b1a8914e57f7a896de0bb79,True
1730829932.1814547,29bbae9b1525c63625d7d62b362bfd2471ca3683746b2e213bf9b6c2aab267a9,True
1730829932.4729278,4127fd6e3c860d56e2729b4d7567896f1d9d8a86a706a4544fac72709dbf2b77,True
1730829932.780229,7fa35f77ed37a269577a22c65664ad1c94860b5d20ab94c5f1d56a9595b866cb,True
1730829933.0870912,8395933b2bb453e3092a01b66de278cf76dea7fa1141670744f990052190c059,True
1730829933.3997333,409d9137563f2e4191fe73b7b977b1f8b3458a1f7a98b280f923bced32435f82,True
1730829933.6061673,74207bb876e431039064312d1148de6e7b674952caaf59b03e2688f8472b7dcf,True
1730829933.9112844,3d621a02f2beca4c4179d201b9135dd6400a8fd3b8f237c6b534ec18c7ba2e29,True
1730829934.1297019,60c93d768dfc3223824f52ef528ee5749c3232e4c4f7342765718726e6f710f8,True
1730829934.416752,ca503c9bff684cd5e926d57265796abf880c0057983acef32f00814e7b087c3f,True
1730829934.725033,2a6470bf8daf910e41155a86c3f5af20d18e3975984f8396a43f25c689f63a01,True
1730829935.0336363,dd138e48baa168c0b93f97563c6feead747abf210180d9ad0423ad6bd8f9cd50,True
1730829935.2775428,3c1c979ac11ca95fd069c83bb3dff8741bbb99741f81f6a484fb3f743889769c,True
1730829935.5463917,5186e831ea4008340c72e4f0fd41a03642e4f1885e237ab6dd5e11726b780155,True
1730829935.8532753,28a28719664728aa46851806e0bcd9c2a9ae893e0af6d6e426063f116b8b1e44,True
1730829936.1579378,888dd0f6935c0785336e85a93b0b7e72d6b2fb25408531315213ed3e662813ce,True
1730829936.369439,131dc8cc9a390338dceed0b649f887abc13f59a87f9411a90d766dac96e7b7ac,True
1730829936.6723735,af0d500045f16b884931da4b27ac137abf9d72fe6e2494789037850d9fc2b759,True
1730829936.9759984,27c9d3f15fc283c1dc54bbdd74bcd884dd1676806b6bd98076db25f1f07f6543,True
1730829937.2273557,ae9460e3d33cdc6e53f6a37e6942acc7a48d9a538840dc648d757a27ef9f9d4d,True
1730829937.4874911,a39f3fbed85bbd74c1aaa1c15bfec3171194164fca8e5ee83e3829e9984355d7,True
1730829937.796014,8d009e98d217b5891baf5864cfb8440e223ed20039b730b6c420f2f0290dad08,True
1730829937.9943342,bbf2b60ea00428ee994b2a1d272c759043e7644060cbbece08c8310a838fa930,True
1730829938.225733,590dba9cda6303e284ba161f203482e93f89962e6885f36bdfb613265ddc899e,True
1730829938.5144312,838e2d4ba36b9d24e875d23f5c828e30eb1ffa8a836628797d5667e19575714c,True
1730829939.0032778,0e00eeecd6235e0727de9ae673c54c5ba089459c91043e2a4d6e66fe8ba83372,True
1730829939.4407973,71b16febbfd2b62ca56c0b0ac5a80ab0a6f6abec7bff86e93dd1a943de0aa453,True
1730829939.7408364,8ecdb712ab1e5065117ddfb7179d3c5a00645e3d24131339f7f7b74e350a5a95,True
1730829940.0497477,80aa26dd3e0b550142334fc6ab55e44f8a25f4adfbf5cf495264c4a701713fe8,True
1730829940.3181973,6f58618262bd3f385af8f8988d06b2cf6f915ccbdc851af8e83058038179a71a,True
1730829940.5206769,9bfe8f23c4f9ef0907fa213f84b4b1748fb726daf9984c83eac072da4c103fa7,True
1730829940.7655516,69cb2c725c26b17486b872faa08550ee50008e5e1208d66011ff55830662de8b,True
1730829941.0743048,49e611af664dbecdeddff51d666caedda0cf4a35e7b3cbd1358c417851c58311,True
1730829941.3798797,49dddc9c602b95ccffc56ab41d888e9f01357fe140f937e44382b8ec77c2b65c,True
1730829941.691905,12937865b76488ec229239b2b48d814cee51c7b31b22baf819c1058433758401,True
1730829941.994443,7928579677a70bc2de315d33bd85f10a4f20ef9e1c2ebc850049d8e01a401659,True
1730829942.3077855,84b9f1c3c2ae1a27f44e43957f7a36b37e94817742413effa8d231fa40479fcb,True
1730829942.6087554,779a2a501c25fd3b964d9ae38f0defb3f0d8f467987ea856c73f46b08c8d2e18,True
1730829943.5011005,bb571e4bbef85de8c43e2ba39de2909aa82cc45538b46a731dd7dd0da852df33,True
1730829943.7349734,578314dbd849ee1c90079f01a96a87e333d0700f09f107abe42cd00cdf8ff80b,True
1730829944.0448103,368d41917d7bf44638d263503a98dd6895681ee6e50619e521ad960b27d28a8f,True
1730829944.3530586,66b3d11c56272ef5d3cefb60613c71aef400f291e12bf502a0922ab7b9ec3218,True
1730829944.6598904,fad110249815c0e8855bf73058496f3a42d1de7ff952afb1e355f3eeae75963d,True
1730829944.9635453,81b36f3c81b643389f302287ca8417847e2a0fb318a9bb0e500bda8c62535425,True
1730829945.2770126,064ab353d6d132bc05597d48f25c5957a7330935dc4ac5edb6765be7263e67a0,True
1730829945.5777667,04aa653e23cfea87fb5ef35200e7c769c2893f3917b606b0d2706830f822e875,True
1730829945.886173,195674fdc3c61b7d9c596af0bf409f5aaf5c75bcd83d1659910320b41da8f463,True
1730829946.2021828,b16a973768dbd31fdb48c24e784b8962e33a5ad28a9d58ca28caa505b43c4652,True
1730829946.5017083,6101c48f0c06db19350413356f36d1bcea7a6e0a6bc406e7d065a672feba24d2,True
1730829946.7076757,60fba686827680fe026325044198dbd359f05c7264de416af3cbac4ec06f83ea,True
1730829947.0138564,c0977b103eb3511cb1b61022252b996a5e5e22ad98f8719499baecb699612751,True
1730829947.3277166,047abff7e69251e8d71a569d44e618995b4571df9421577807f2126816056e83,True
1730829947.5649946,4300b1bbaf177afbc91c62b12dca4a5ebf7e0aa7ff3d6408cdff9a2dacf393f3,True
1730829947.7656858,de8fe241c160c6da9182d6dea438b72d430c66406a47be530d873719436bee93,True
1730829948.0363061,0334e5ccae8ad35cf1f9fce071275472ad204231ba50f4b78048183ac4fe8de1,True
1730829948.3487902,ef2a01e1ac78ae4475fb488b77174dde5d2cd160b022365cf05a2bce4a153652,True
1730829948.6570725,b07941e3485f47339b9b60df5e5c9d426751d8321c1e6dd7a0d5c727c1a2c608,True
1730829948.9626334,d2fb36c4a78b9e2e776b1441668c7ba555b6e61040ece5b75064631221971bfb,True
1730829949.2674873,78b164474a39c16c38cb65966828f0495b10013388bfdddcf4220d6fbb6d4fcc,True
1730829949.571792,c79886b73d711eb19c120df0761aaa0e1a1d2907147780068d3bb33056f04478,True
1730829949.7779632,3fafe0505d3cb90910e36bc1d06057a2b404ad2cc66dceba809881edab072954,True
1730829949.976445,92f44d1f33223ce6217e10cd2fe8d41c9235eb08d254cf29833bade2d1ed8a51,True
1730829950.2952018,486328d8b955cd6d2fc326f9c7bbebf13e0e967e5fc2fd66f73f08d20ac6a88c,True
1730829950.5973306,3a4fd379ea5fa05d707e6cc86af7cff3d7653ff31430601c16c5c725b81f8711,True
1730829951.2095625,71a16dfcf30fe51dcfb8a93ba45518c000cfafd44e8710aa4d3b4066de73f1d4,True
1730829951.5224464,7ab16690409f54800b9b90ec9b084a276e64c1b766bf9b97a0812d75c29c8aad,True
1730829951.8256533,170ef6cdc6e8f417d95caf0fd1c53c714b81d071911110fb2738fbcc9717dbf5,True
1730829952.132995,0bd17c8d56ffd3db8cbd5c08d56900dd2e8af4711dd5bdd1a1c25d2f1764ef99,True
1730829952.4386988,bfc86d86ced099f9ff38b5227342d0b13c198b851c4803973a1c574d02cec531,True
1730829952.748381,11aac08674b3fb3730eedbcc39055e8d054885a8adc251f45f86dc66e7fed202,True
1730829953.05314,409a41e13f160dec8115deda1a7623b7bf61e1ed1615ee35ee9e0a019db76010,True
1730829953.359768,24b7c9e8383bbf59742bf815a4eeb2aa2fb70c35d65c648278b9227019b10040,True
1730829953.669121,2503ffcd32e602e44e67d0750096a228f41dd0f2fcb8738f802a96af0226ca69,True
1730829953.9785893,92ffbebbcfb013fa00ecdf1d19ab2c928c0af101b07ebdb5120074889663cae5,True
1730829954.285214,f24e7627af3c04ae11ca234cbaa8bc104a07ada96d703051a1f7d97995136b76,True
1730829954.5132976,133ea12ee76b2185792c23e7b36093a7908d1265226156d48fc5b4e62dfab3ce,True
1730829954.7944992,d28bd88a86174617b7924bde389565e4291bcac9aeec6a1c35f0251764334c44,True
1730829955.1036851,5c0b342c30250fe033e5ac431b358ddc06ed0502b62ab2c2841396702fc80a83,True
1730829955.3259616,918c62d08b553c7204541bbffa3ac9fd871e06d6a1cee2cd85a4b94fa7348963,True
1730829955.53117,17c7e315604e78b3e12e451774334d0b07a39209a5e4c917e9c5f936ec1e5702,True
1730829955.737338,69ba8de7420eaebb3eaeaeda7c961ba6c62b10f0778915f17b1aaf576d91126a,True
1730829956.0272684,d413ee07498a2a7bf1b4e0746944ee65b20dc72c315d43ec9fc49e73ab1b11f0,True
1730829956.2299259,1f2b2cc515e3c6860449be79bcd55a2c7b1a643193346edfa1eb25e0f1251687,True
1730829956.5415542,ec720c5a1eeef30d747039b7340817084b0b79a79258245d7e42c3db5d89b446,True
1730829956.857185,6ddaea1392ea0f94d324555f38e0f584ebc1d1f7af92fa6ed0772e8eb8921b84,True
1730829957.1522925,fee65e7a25f3bde036755e46265299a423a07ee23f35997921150ef6e4db4622,True
1730829957.4622993,97a0375f845ecf8764e83858edb2082dbd85d15e127c40f822857df4e2c91718,True
1730829957.7631586,883bba5502859eda7c75dfae7c510253445be2e01d9bec991a1dd1c2bc169ac3,True
1730829958.0739121,64a5e296fa866532426e70582b19159e0fae3347e48bb6e6f9f2ed7f1f7fd60c,True
1730829958.285078,fab312a995b129c4571a96d417f30550dd492fffd6f6a600f709c330a2acebb9,True
1730829958.5821643,73500584419b6080117455b0cc0f8ef822e9eace7cd0d0d65e6ae51abdc9f9da,True
1730829958.780078,b0460811a232f564869d948f4ed61e2cec81a140ab312959598267bc8d2a25b3,True
1730829959.100236,98ce5c212c26b054ecdc423df3dd54eeb158dd10e0731ad310e21590d9d489a5,True
1730829959.3335085,af1df00da1aa72f21dc4cc1e8a4c7c8fdf2c47bf14cc351f8aba5a2eab727ee2,True
1730830069.2799478,5f519190104ce77a2a4c8a55bfc6d8f58f88fbfb19471d46b15ce071c7545147,True
1730830069.584906,ba919686f050fd558fc50c66d33f8bb05af71281666b8881607aea7244adebab,True
1730830069.898437,68fde9472a9dbaf0cd68f22ea3094f0fe3b18914c083821595f8cc04f5d9a938,True
1730830070.19867,565e036a2c2dd550e96ae6cf35c9209305dc99ed9e64b64d51e11fba3aac7011,True
1730830070.385239,5542f3bc2a55c0013226225631802286c6a8a1360965819c3b35e5abe466f4bf,True
1730830070.7080898,47f52bdfeeb0e06a8ac80bf5244060f7b33022c5fde131ad4d1049b36ecf2ceb,True
1730830070.9153917,69db0f74cdfee98dc25926371a50fe4b7c8893855d09ca21e9768658e0f6e050,True
1730830071.2255976,aeaa9c2d085ebbadc91d8188f99793740e48972f5c81298e1dcd45d4c2dcec07,True
1730830071.531831,2e34c2de7582fa2c13d5913591cc8f178e2bd49bc0e533be136df9e7b9b9a9da,True
1730830071.8392408,687a39c49ed3bba0de93d7f66eecc793730e615d231d713e7954cd3d26ffb7c1,True
1730830072.1469023,9f43bf8c886e1f04367250997555d536d7e6c0ad7a58d3a6d7d9a125550e2b2f,True
1730830072.4550002,e64f6401450e9a639393d84a38f360d8cfa59c62bc43037f01724fc64d101b41,True
1730830072.7602704,554e4b0c89b70a188076a9a910420bafce65399e5f216c0a2c32dab351a0b139,True
1730830073.066382,b45c754b5c0f32675d7c69e12e93fe93fe2b5309e7e5d01ad3190df9b3ca6e53,True
1730830073.2595391,67598b72c460a0e534e885597f600e2d68c50f14fec92b9075f112509de6811c,True
1730830073.4601083,f2d4454a6e5f5c86fd95abc7d62bf9a6de04f456ba6b15546d13bd72d0dfa6f9,True
1730830073.6659367,ffeb20cc06c10402dc06a52c4e7c19d3302efd66bd1550cb15b62bfde66cea17,True
1730830073.886842,b2e344b3c81e3e2b5b4dac08e7429d93ae30e5fc2a3b1f9669c042134012c68e,True
1730830074.202306,1a8674d922edb0eceed583f3fec8cfa95232fbcf0592ccf8d3811ccc2009fb4e,True
1730830074.505527,81b54614c4a62a04e1c24eec4b2e648fef0e12753f2a4e7000244e8b41beac59,True
1730830074.809639,4831458509dd7f3feaf6cc79a0bf10c590ac8b657492f3d9b0a502bb4b771c0d,True
1730830075.01227,5f0c09c0917129208186e11ed70c68480e3b5224c25c2e9ef9002a81c0144a33,True
1730830075.323537,26b3ba4377998f1f7e3add3b527b04f58c63206018b8fb08d192ab8a261b624f,True
1730830075.6274898,b95a3d12052874e61858aa3e126af75a96123da9e52840af4c024767fb054495,True
1730830075.9367795,f099f8904ef9f279d1c95c62a68fedcb04ec1ee0685f1e5eb62f99b952519b57,True
1730830076.3431864,0346b22d271684be249f61e1d314424c9b77d4c8484f1739771ce488e161bb9e,True
1730830076.5767515,7d10347852a68046ab03a1a7304127caeb8d6871d9dde225fd2733f257449e23,True
1730830076.7702136,f954f90b74c7cd02291741334c14b0a113329a4c53e6f89642a9f6b5752931c8,True
1730830077.059401,c602d94cafafc635b7977009b4f0f205822cdc76f042bfc1c5abd8532fab00d5,True
1730830077.3722708,78bc42558c0d8560cf7fb4b147b91f3e96d6bf7feb36ae8e352380bbb8525a75,True
1730830077.673936,e8dd2f637a51360d41463ab9d7e0c7dbcb27394049d52e240387057b1acb14d8,True
1730830077.980847,c99d26fbc96680743454b2d5ce5e910715e561e5b6182d558d70cc9a8ea655f7,True
1730830078.2045612,27f5cc3d4b4f072a5fa9992fc42f457f1f50ab5053a2741bac7db6129c0710ec,False
1730830078.4994962,d237928d323e4eb29f4c68efccbe1993c6aa5f0438d138bd87b850359fff41ed,True
1730830078.767822,179580d88d14b56050cb3ebe76d2826bd7a1db437697e155e9e36a8411470456,True
1730830079.0157673,674918fb209ea5109b40d69661c9933631fa781c8b28406035e7fac4673f3262,True
1730830079.5335078,3593673033335dc37c92e6f9d4a60bd3b0581abd36b00b00849fdc249b9f8d5d,True
1730830081.2021875,5c2d9b6cfc9d8ab6a33009c8dd77960a2201d4d7e9d7afc9d347f0d294e8ef45,True
1730830081.4636087,3a2a6c04dfdf3ee2e8acee14081a309ad1ac79cafe721e34e658e2ec405c7cce,True
1730830081.983342,a88306d19d861447fa6b355b9e890eb4a6b1d06500f8b384e7966c1796f8a90e,True
1730830082.3119984,1e4ccad558c8c15359d88e1564f3d2bfc2876da0a18016568980aeb3cbf016a7,True
1730830082.5468326,b6923d6945cca0dd6c9b14c852b684593518f23c2e0a67516ad2c34ad9098888,True
1730830082.8017132,ed2cc28bb9612d6b79377dc2ff1f45af7e31fe94a9fa676016a8c8e2ce5b15ef,True
1730830082.998504,01db7807126f12cdec6e959c81204e2e50a9804fa1eb5dfa4dc481a84972c2f6,True
1730830083.3086574,82733352348860582f79b7487f92a6f910050adfe6b085ab7a8561dd21d79a76,True
1730830083.5197735,ea2b0b6f08f2c89b6eb53f96b2146f8498af9f0cb877f39eb20cb4b6784cb6dd,True
1730830083.8174496,9d9a43b51e927ec489ee376486356a677a5cbad9425336bd5d99d9497c3b0a63,True
1730830084.1362517,2213f958a08cc822afe9a3d6f81259969357b6fd605adfc41a57fc501d4e9cec,True
1730830084.433,605a70aae53109eff4cbdba380aa681b1834ee2e655a4b9d55c3c10c61a32165,True
1730830084.7395697,3855afc25c708df3b97e3e57ed586607b281ca52de86c5b6b9aa3608f61f56ec,True
1730830085.0508597,7331222b8a077882a3dfbbff478c18447c2d41fbc3f9ed0a43d9c213129a4079,True
1730830085.3600786,9f9b4b648272ef1340a8ee979b4f4ae1dd968efc17ae7b7f22d89b2cd021c52a,True
1730830085.609945,db5e6ce9cb2840b1e63cdc351c996e3aa80ae3c2bbc1d01b2edd280e3a0b913b,True
1730830085.8681319,41c5152491e8e0f2f45f06e9857c42729b6c5e27cd9ed3ba3b4f5d68d8434068,True
1730830086.0895407,3b31e9a8370dbd9b2d368d0ac27ae6cf6aa2bac28994ffd5801fbd9dab78cac6,True
1730830086.382941,e7b22afaf269a2f7210d0c2f66346468eeb9c817f473f9aabd0a5b0a60d224c8,True
1730830086.6428456,92ab85e6400ebfffacfd55ee678bad7883e104c3745fb5a40da52d9267f59d2f,True
1730830086.891091,8943f7b776fab8478ae01da1f7a26f3a9ccad38cffa3fa446599e382b0906ae0,True
1730830087.2060432,21f11773310adb3ff70eb86895ac933829370d2f9b033cd6683b70c39e450bb1,True
1730830087.5045385,e77fbd8ea9232640a32272b33835b794c930ed5e8186573c6272859149af94f4,True
1730830087.8130016,06173e3c97122bac035e03e87379c653dc827f2b6073e7795dc71328b42bba97,True
1730830088.1209483,22337d0b76f190df7bad1b58130808ad94ae08768b1ec84ea83503f39a116a77,True
1730830088.423779,b6ae5970e14528e0baa332dbe48614b491f28e2945329b96e302d689b39cffa8,True
1730830088.7423544,b39837a29caff225669c453e770ef827439477c39428e25b8a29827e5796c66c,True
1730830089.050289,3854f0b8d7c4a2fc0614b60b55ba868c5a444d4e8b76bb0f02876612073b85e2,True
1730830089.3488407,d7a8ba9194f81c49b8716ed673ee5e194ffa36fb655fee1eaddd0d9be2d55075,False
1730830089.6546698,fbfd5dca95698a865f2da531fd056c3587825637cbd0943dcb5f524285c89c6e,True
1730830089.9625454,ac8dc1c045df6d017283c274f921c9ea48e3cb41fe7b1d0be69779f21db59940,True
1730830090.2707298,8aac83799170a45e3982261a452917764f6f4429a75c1ad170ed8467bf384667,True
1730830090.5777595,f45600df9fce71279e78f49f98d3d05445e1c17c1a8686d8b871ec15429231c3,True
1730830090.7779903,39f279d9a1664075b8923b6af1d0fc98ebf5ec3229b4892915487806d64dd2cf,True
1730830091.0908966,8e4a90ca9338213f8597d3771477b3f8b5479e555ac54071057a86a0f16d236f,True
1730830091.3243775,3e9355c64af0c2aa31d126020bf9d6ea813e8b8a32889cf8f8fe9a375182f8db,True
1730830091.845975,c9cdb71bd832596e6628ce1b973e061158b63d4b4f4c5fa34e5979c6a9ecc6bf,True
1730830092.112433,4da186bb4a7e35ba202b09373c1437ca4c3641698d1d8b69102c7e6f43cbf1a1,True
1730830092.3605072,8f8c940d28898b2b2f55d94fa045130d4c3499dc753d6ddd0fa7118191b67b8c,False
1730830092.6248453,981f33555ce180d8ba8d8d0c5500c2b0fa2265a929d9491c83819a77bdf0281b,True
1730830092.8178945,6f7d6927abc2bc10234a47b4e0295fa713060606d4e33afe773b6fe869ce357a,True
1730830093.0402803,425ad804b76a1aad2c9b7ced6e5a41e4d599201d463d5424df0e28ea5a7b32fa,True
1730830093.3416643,16e461f01dfb86c1e187a5dbc2fd39beea5c54a92f99a82200389d691620525a,True
1730830093.6538277,adb9304da5f968f944b655d857c8b6f0325d5d335b53af1aa0ac72da955ca8b0,True
1730830093.8549743,fbf2bba3c5d5649ab04b9bfae174f4641c3396839b2de7c71a9a9db4610b7e5e,True
1730830094.1634505,67ec7793eaafecbd7c71e0aea7ff5d6a2886795cb803a7831804d26db07e82f7,True
1730830094.3669178,e3acf30948595847020a963629448ece0d1421f88f627ee9defd946d6c19fd7d,True
1730830094.678845,13034dfca88fad8b1691ea31cf5e65557f2b14770ef82b82551dbce816ef0dd0,True
1730830094.9805098,ae1326a45fa7bb7c7e3542f14bea5f13411da501071917ad1c3813f4fde2ba21,True
1730830095.2948668,0c864e94f4125d933a1bbb2b8f54afcec1d98cded943107a9ae829546332f836,True
1730830095.501532,5877cbc65618d5b945eae526648f5fa892ab44a878e536255bd9141bbb25b479,False
1730830095.801199,05f75d73af44ef8060b1c3cd7cb075ac04a8f23a9a45480f5ea911d0eed0e576,True
1730830096.1109483,0766f6764455bf4a411e6ebe11734e7c854d853a0cbd6c10b0a8877bd9d02c7d,True
1730830096.412783,672a2eb1212e1921a0914e57c0416064ebb65177ac6587678b3c5a156f46401d,True
1730830096.7245398,41aadf1816a0befe8a5475575bcb646625be682b2621e28c11f23f7e7c5b3397,True
1730830097.0302424,fb885338467f72c18c2f928216e64a6037a2b063ec3635fc54144a01654e8326,True
1730830097.334391,cde70f08507f3bd81210fb923d32610529e19e36c0cb3271f7163b7255424d88,True
1730830097.6446228,fed532edad4df27d8629938b80e6ed3a426b9ef3b5973dac87420ca3521fc521,True
1730830097.9492831,4e0d4bbb1a952bf7b13df70500b2326b692f284ed0ed985ea4f20bf3049d79e0,True
1730830098.261422,2947ef24518470f429b143cde5cb7b55b7b05dad25f4d77426d23a09cf537aed,True
1730830098.563841,b56b40030ef190e1c95f2fcd6a9dbe7bc72f6c15682c8f53b31d4305779bb7ec,True
1730830098.796928,d414c4f9c24ad2fe1c69cee92ce2ad7de4eca6a948b11517091a182ccfa8759c,True
1730830099.078838,00623be4173c75f1a5c87ab4c46ef7bd4904f477774f2fc952fa0391d16322ff,True
1730830099.3863196,d16d06c1be9a0c7b859e630816ec1671707639fd1ee87a9dfcae0d2bccc62d90,True
1730830099.689603,5c244e612a650f50653dc726029bc245866b1002f1a4368dc64b1ccf19ed0a85,True
1730830099.9984367,f6c68c88f88757c5d98ed3aca6489d59162e1f4fd333e1b5896f1b3a76845578,True
1730830100.31361,379171cc88b622398c9a5f294ea6c67cee15fc6d486835819684647969ba5965,True
1730830100.6145842,bb7484c0705a5534437118ddc3d7751329a087565baea7a52a1ff955a832eb3b,True
1730830100.9223876,edd30db596490bd0e6b0d5cc282d6dc8e1b524f4bb04062f0ee82ff2c9368b16,True
1730830101.228176,3b5be7d3fd85270d3c032872e9cf4f8f718731c1a4629f00510e02a7877fd498,True
1730830101.5362737,d17cdbe125662fcc82c385b9da46e7980e825d49028114382d10399cd5820909,True
1730830101.738241,b64c0fbe7c5e1446ab6d547796d042e9f680a1c2291c9d967704e00265a13362,True
1730830102.0166843,36b6f685e5d954e4ea9a65d3f16ed7b29a247b3fca39953d6e903cccfbb09036,True
1730830102.9684458,1177a97eb95b5d2a768e821a6a07477ed6e3565de13468c04167eef93a86ca74,True
1730830103.285777,fcaa16a1efb56be80530739217667e2e4156237725d50fd2765cdbd6a6c196e6,True
1730830103.5881119,d89597e3c60adfed0951275ac11885e7f3453ac9510b1b493640b6136ba8b7a8,True
1730830103.89132,8ff0c0439bccb2353eb0001c9c37a8d95b2230d3b2121f0c94cfcefccc0fa523,True
1730830104.200194,795b0518899587fdd7c5403734fed15eaea6aeab3289e0883ee547ed87007ba1,True
1730830104.5055237,30003cd317d0e848f17c360e8651ac31477e1907e305ec2874f9a04dca8d1f1d,True
1730830105.0184352,dd007bcbd14605da8e222888de85f9a3f4ffaaa6e378e3dbed19b4f3f50b65a7,True
1730830105.5275424,d8f2ec2803088cfafe28fba14d50e3d2127fa116ad41637ae4ed35c83f44ad75,True
1730830106.1651323,af2435bb48e4c65765172835ea1a9b4f24c746901b70ddf64ddc767419c4339e,True
1730830106.451716,d3d1a9c28482707ff5401a9cb04a84f6480fbe718fdcb977bd14e2b06342b40e,True
1730830106.7612796,1fda1e1e4edc42fd5fb34a335da18bdcb931dd025de40f5e1d2dc6cfd3a9d552,True
1730830107.0633254,873d3f4005dbc83683178ec1a71e6a077cdb0f244b4b5ec6142cc0cd68f1cf95,True
1730830107.3840394,ac67961b01c13b04a5bd789002f17ad53ba5579352bfc80d962055b6595cbb50,True
1730830107.6771705,89f70651fb4a23b7adf83b0665c783b9f537147359547be4f06b0d3f6904c532,True
1730830107.9887388,3afd71f920a65109fdc191bfde19b59441e4c9b708190965390808fd89e3ea05,True
1730830108.2016191,e104228a9dfadba31f3c2ad7d070359dde37cb7cabef1d271c547f205b924b19,True
1730830108.500773,07bc102f57ccbd5b2e78e78c33d167c78ab675d7301feb52b0f95b5e2e883994,True
1730830108.9703262,bc8614d27d2871d2fe382b46d19b9b920d5bfae06cabe23cd5edaa3dd484d600,True
1730830109.3174539,0a43a09a0c079a4780706b26633971ca29bb652f6e1bfbb357845bd938a4ed31,True
1730830109.524616,cef6c416137e349f8b12a7f1f20b746b1d442ed91d0472d91afb66deaf1b0136,True
1730830109.729593,926a9e360779d032ccce0bf7a53209da01c82bb7f0a0ee9ef656b694b4cbe1c5,True
1730830110.0326185,b402fb8084aa14c8f419c7614fdb36890133bebcb62a34e34c4925089510ec3b,True
1730830110.2209795,45e2838d5b9791cf994d24d28ed8ed2c73118328ea955825805ff1b2c96cc2e9,True
1730830110.5464606,64e39910436a0ea6a928b079a9a071567c71544009323bf1241ab510af094e02,True
1730830110.8524609,5abf9b304a18f8f25b691f4645da353118c55751f54d85b8f951ab052a61062c,True
1730830111.161925,547db5bff741d40dfea31e24d727df607e375dccdfd656b30c2d663be40d8432,True
1730830111.3695257,586de0750c934e33ea2846abc766d284a8e9b5877f75ffac92d114a7770dc375,True
1730830111.674492,96bd6d2b40c83a2b51e4a8cec794b7cba4daae7fbd58a993331b9b603496a511,True
1730830111.9777367,4e7e66633452fb2206e0c6a7174ce58ffa4368c71300585230f0361f726f362a,True
1730830112.2874727,745123b59077772b333704ea29d929b835a08fedb5ece399ba1b686a817933df,True
1730830112.5968723,583ccf5b2ac9ca354141a4f1bb775990eeacce4f136dfd49de9d4464ec470464,True
1730830112.9339254,5b880a71c1b40b5bfef3764e66ca27c5246e75c8ec355771406212d99657920d,True
1730830113.2112372,1fbdb625dbd634fa56a2060ab6f30bed618b3a6d94f6c7d1473c37e8ea4dc0a3,True
1730830113.514758,946ff316ba3adf583e3aa7420d405db99afd17625baa78e61d699b8c72461bcc,True
1730830113.8216784,303b20cd52bf51c85fdc342ecb654f53a3b9b655af80a2c2abb5e98bbb516a1d,True
1730830114.0331724,be9d8c90172815257e4c6c8684b05dba3350be9ec6679d3fcc6a0c181d105590,True
1730830114.333118,c9c3badeaba804f1530d141c277d6fae06a469f802700092fb62c4dcbdeaf7a1,True
1730830114.5383832,f32c89db89bd0dcf89ebbbbefa85060e841f35851efdd2c527500d50bfca06c4,True
1730830114.7712457,15a4bd207b89779bd91ca5bdfcf5da73bcad39df4f6cf67e545ffda7ffb44543,True
1730830115.0530357,3db29b4a1b5ed62e7ec3fc47c158dc7393e485a1023dd25276c693a391ea76ed,True
1730830115.3649395,7c414db7975d7def2a050da93389f003987ec55d39c957d14d086b3809ca99d9,True
1730830115.665101,7c53cea69954265451a0b49a47d191b71ee521ba03c3d3d46e70b96ba28ebe0d,True
1730830115.9714558,0223b3aba23336d5781e89fa76f0010922ebfb32956a5ff4f5278075556db412,True
1730830116.2254457,5d8751ccc57b39ba3c2bbded938603fc0ce95b1d732d7074da79d7f8f5e6696e,True
1730830116.4863741,918f04623c74fe636b01ffebde1b8ea5f4fd66fea65c9d8ad701ec67b3fc7189,True
1730830116.7903962,56ed04ccc21b5a6de16a6874bad2077da6378d0f44f248e632785f9f356419f9,True
1730830117.5825708,56ed04ccc21b5a6de16a6874bad2077da6378d0f44f248e632785f9f356419f9,True
1730830130.3148644,855d3487c20b43e7b9abfdd96795b0daf5b6d45cbf3b61a29658248372f8dafa,True
1730830130.6476362,0a00034ad0f00318fb26d73223d44a94f69511704d69305438f6abf2b6fda5ed,True
1730830130.9536586,ba7141ad5d7fc3238b8a929a8ab35d397706f026a5ae495e0b0d629330af7c72,True
1730830131.2584903,24c19306108daf24ffc8e3f5da2dee65bacf2a07001056d0f57a5d786cea9d44,True
1730830131.5658445,f7d80d0c1dfd014cfc1fb154d3078c4752f36db878fd19a4f26050d2966a54b2,True
1730830131.8775668,bd1ca7f538c11861628bd8282293ef45eba2cad56be5a4bd95f4fee12dfb92ca,True
1730830132.1808238,1a6eb1738488a8540c80ec556cf7a0155d45c9203785d98a5487bbdb107b0473,True
1730830132.5035186,155682d06387fae341c45c9d3856f714336ecec62de6814fb74217a5c16439f0,True
1730830132.765926,e4a893c9366990e269b1ef64b71e4d6bc2d149160ccbadd94311b045bce3d261,True
1730830133.2828958,172751966e5648667ef053ea7adbe75d4cc31080ca45beccd576d6244e6dffc2,True
1730830133.4839337,ee6b5540fe382d73dab889f41fd5d1d8817f6b1cd11f4b82e150f0dfdf7d0388,True
1730830133.789625,c6423ccb5e24bafd06ad9ddc94d3565a025669f613828cd86357c5d92996022e,True
1730830134.1022785,ccc4446b51d03a419da08c9d3047273ca9f61dd2daa4e208420f5ef586d62dcd,True
1730830134.405433,4d5328bb160b9c604b4067f2fe06802b61b651df5cb8e3f8d83ea7e3a962db1c,True
1730830134.917348,e377ffa3421d26e2b0a1021520ee715cdfa8635d6c26ab3bf1934257bee69a4b,True
1730830135.123261,08f492c0a89a43c9bd60e38af887bddb1f2b581f6a27402cb08ff6ff448b9718,True
1730830135.432228,e9fc2cc853db7fb3088c368171d6f468ffafbda16961e3ac2c9e50f48f314667,True
1730830135.7364278,4e9678db14a3edc8f27ab1a5e5d3ebd0f698827d59f7eb23c4a79e0ab4663e55,True
1730830136.0457387,fa2c93da23effbe2be7b4823e44952dc5b45825a1ac0c2a4884e39cf47212e4a,True
1730830136.3519297,56eb6d545d6d23649c645208c9be65d23533385d47b0d30a00b57e90017a302a,True
1730830136.5515347,2416740c2535dba7d812288e39e1f0e36a9d55963ced0b0bbbf4568973c83da1,True
1730830136.7595742,17e17163e1e5fd597741528d9ec5aa3709021e2ab550891792747c94b32107c4,True
1730830136.9656374,f2929836e101668528e66eb0d741b008e9846be60c1db7cd447c73dde07543f1,True
1730830137.2710896,807b5131d73d12552ce5343aefc38e26f91b48bcef7c15ef0928e0bfc49f0ee1,True
1730830137.578537,39470094cd2a20582a17dd86190435da37a593137d497e7dcf6fe48c3360649e,True
1730830137.8875616,fa224f9e259bd7dfb27b2be52f56c463a49a53c9341bd45e95844fa393ac8cf2,False
1730830138.0899303,5de4cde6f719ce3403b5d3326f6410aa8ae457de7a4432e1f7b41b4282053a14,True
1730830138.400077,ea1410858722bf70ae53fceeca11f96af4585bfb019ba835efba627fb7471b86,True
1730830138.7065427,45b0f317613cbb9a03053f0a793fd92c7160bf3db98735d7cf6a4dab8fe8d50d,True
1730830138.9095364,69dce6bd4b395c618bceed90202677bb8bdb6ae086e90542da30efeb1b88b664,True
1730830139.1172302,19630a99df4fc75312bd462e70f7a6170a85d298831f718f892cd9e2ddbafdcb,True
1730830139.5745628,9668349cfe025d262f95912495adcffb65fcde622c53886f4b20f3f9694573ea,True
1730830139.7822354,61d5ec88d7de2ae341b523c55c176527722f6939ca6e1b10988097439550d2be,True
1730830140.0398543,bc248bcdb1a06c1cbeb61359425a03ffbde4ef1ed221f7ca534dc5b67661306f,True
1730830140.350827,84446d65f443fc63882e9592d3660b8b84098835cbb41aa92291fd07be24796f,True
1730830140.6519365,97a79549b8467bb441acf76f33ec790d4e3c317e899592b4e571985a170472da,True
1730830140.9575627,23c5372c28f61b2c09c36b24a105d1120429b7030e09662bcfd69bc6360ffb74,True
1730830141.1551025,229c27492f8c1a356235b97c1ec78ef292dba63627e4982b3cda1b74b39c49b0,True
1730830141.4723392,0d917ab296e7026ec4cdf774d18deb0b0fcbf81779faca21d45e0982fcdd6bfb,True
1730830141.7762856,c9a9579444610b3ac027333e585fb5039d43486d2e5d3023384bfe66be898d4c,True
1730830142.083475,8e1d49a20b48140ff2a4db2dbd15c1942e9c62404586ef3661ab5901c2e456d8,True
1730830142.392923,0d8507b84882b49a724b2e5db2c7668b2b61e83fd8bb33d0f825a64733c92d67,True
1730830142.59336,dfac76f4cfadf706a08264f6e5ff080819b91c59948a62b989fbb0b4a07823ea,True
1730830142.7897134,317efb35654bb4d62a427a3f59e930232a421c0fa62a2453b53c7f16a21a9757,True
1730830143.005989,59939e1d1ecd37d30595d2b65b24e426870d6b11d30718d19d4b8cb3f846adc8,True
1730830143.3129086,7d51773b5e5e1bb1b3f0a759b385f810a11ce88350c3dd3aafbd004c5f0c921f,True
1730830143.726561,172d7bb361028e75a527566d44efd2519b9719ef365bbde652dd13951eabbc71,True
1730830144.0342174,e643957747b503814010a77c33cd2f60af0903f1cde306914c4b687ac4106b05,True
1730830144.33919,a86b28486b49599d833819360a86da57ca486f355a06064f51663d69f0caf650,True
1730830144.6451924,e5591c03c236ebe50bbbccb7264e716327dbdf17b17569694f4880112476884b,True
1730830144.9509299,d9c4fbb86937ed8ead4c2f3b04f6528b849976c18f937ca106fb563e1bf01e3a,True
1730830145.2697203,a389008206671aee75fdf71ee7ca06297af0d4d8631d71408ece4d974cddd817,True
1730830145.6483572,bdc6cb58721dafb82ac5f3e6684a0a13b166349eda3a477df200454798d95cec,True
1730830145.8752012,8b1a7f1d30a3dfc79c3025d48f64a93ac733f05e5e67da25d8bbfd1c63751e5b,True
1730830146.070897,1739f5b5f9c0385693672775bade675a6cfcc7d58216a400f874c033093e7db9,True
1730830146.387496,694de4026cc1aba493d459b19d88c5fc534fa6bf5676727c754ea8f6d9fdad1c,True
1730830146.6953206,a705c81036bb7babd9da5b6cfb1ba3418fbfed05947b9dd0f49f5cff29658c59,True
1730830147.0007842,5db595819800f80e3782d0133625c71572ebd7228a1b53abe41f59c5976b5679,True
1730830147.314863,63445474cea2fd0ba3e5ce3dc9ed47ad49b30c42dc5a620cf88340bf165b9865,True
1730830147.6154954,306471ded3a43dcf5eedf4c18713c4309443ffab67d368cef0aa14b2e7563c47,True
1730830147.9234796,486658dd9d519b7cd02a9a27dda1c3cc441954bc0faf5f7ce9064e9d4963f5bd,True
1730830148.2323933,cfefc4d2e658a6731614fbff799e1b68eed086dcc10c8fea936ccce9a32a95a5,True
1730830148.4340858,b3b81016548ce8adeff5c319f1f79f4e358cf8c01f5ef909c0a4d6e88defbd36,True
1730830148.7398148,7f943537aa2e3041961402d5a12e33bc1b25d10bbe19355b6f3d665028a219c7,True
1730830148.9975715,66e35eec1227fa0d537c0a024d39ee7b3574f642bc71116418d59b0b5967347d,True
1730830149.1943016,ea2380634bac7992316fecf2ad4ae14fb24a15104c9a858ea8e7942dde526fdc,True
1730830149.5716853,42eb32df0359b77e1c668084574cbe84508812c84b05d7be6de16e055f6acaab,True
1730830149.8688192,88102b2f689ad29b964b2bf85a8808e8fa823fc990f982d1cc0e2fd6266f3320,True
1730830150.1734388,427bd6ec5a03673fa3ca357c3cb121c4a088e66fba419d6501cd69a6a40ddd4f,True
1730830150.4847295,1b8438ee2b81acaf2c0dacdf168ed9bfd99471e7e6eb272d1849042cd2601943,True
1730830150.769445,d50d17c5fd9f3e27a694fd00a0146a690a11997b63557ba23d1589dded692d8b,True
1730830151.0987678,8d7066ee8132d14d6d1d5c7a381e0267995af34adb9b6e35610b0858695d0aa9,True
1730830151.4027956,ab913c4f97faec1898e0c2e5481d10b18575800dc7c79466515aee37c7502df1,True
1730830151.6088967,5db2f5075c1d2f9b93b4e9848815525125418c41f19fba5696a9432c131cfd1f,True
1730830151.9208205,95c26b146aedb0b40944474d1b6e6248f1743e042c7ef5d216d97f3b19616b0d,True
1730830152.1303596,c3262a10b07bde5943df91bd851a0f02d95eeec51db99891ff5d20430c72a007,True
1730830152.7398584,6a28f2c7b94c78d914aa96f4fde1bd2141ce2631750a1fcc9eebfc92147d38ef,True
1730830153.04227,61e1c3aa5a131273e01e9b5eb58ed7b41d9db106f02be0de00000b7ae7d40b53,True
1730830153.2459357,edc239b623c7557c3d5f0c28b573648eccaf1bab0efe8263e5bf554b9ff32243,True
1730830153.4546025,cae4dc5e3008b99f1d98a97cde78919bc26fb31aa01e249985ff64d717ddd4cf,True
1730830153.963509,bbc352b16f54c445254193871af23771396623fc42d4afd0eea1a5d1fd2a9c1e,True
1730830154.158242,84e0f63321a3deb1f557445abcfa71864e11323a944bca5fb2bfe51e3682328c,True
1730830154.245996,7726d3099d31c4bebbac99e48ba4c41663682a1745c6ddacb8d99f28464adf6d,True
1730830154.3958676,c5f0713cd2e92844f1584bfdd3decd686eb84064fdb880318aeabc8626b46c25,True
1730830154.433056,13f3c162a570b559b866e791124f57127d848e3eb15cdd79eb660e1caea7f7a8,True
1730830154.7096632,9fbb6b034b2431d97b8265dc1f2a5e98683c7f5328be24fa1130afb3669a5f5a,True
1730830154.7110827,13f3c162a570b559b866e791124f57127d848e3eb15cdd79eb660e1caea7f7a8,True
1730830155.020785,9fbb6b034b2431d97b8265dc1f2a5e98683c7f5328be24fa1130afb3669a5f5a,True
1730830155.0218787,053c3e8f756494cfb33cb7dbf8453c4895faf5a2d06eb78fa50f3e0617032a98,True
1730830155.2504082,053c3e8f756494cfb33cb7dbf8453c4895faf5a2d06eb78fa50f3e0617032a98,True
1730830155.2513618,7f05634ef401981af9855f89efed9c733729da8e8669656f4d3af3260fe16ffb,True
1730830155.4660878,7f05634ef401981af9855f89efed9c733729da8e8669656f4d3af3260fe16ffb,True
1730830155.4672031,699109a37abf46c6c038dec74c844219efa4e21cbf0c9e2a766a08e22e550977,True
1730830155.8399162,88011eeac57582768e85d2a67ed598f8b841d51d0b3f3611558fcd28814994bb,True
1730830155.8408964,699109a37abf46c6c038dec74c844219efa4e21cbf0c9e2a766a08e22e550977,True
1730830156.1427305,c49e215e5e188477c0205d34633bd0b4a1349b42070404c5977081f5a4de88e4,True
1730830156.1446779,88011eeac57582768e85d2a67ed598f8b841d51d0b3f3611558fcd28814994bb,True
1730830156.3508635,4a88470704341c31a03d589dc7ff3b2ca366e845dcb6419037e620139f837ea2,True
1730830156.4953701,c492a0575628b9802a9c867e0ff5629c2569694a19682247083e27adaf830b82,True
1730830156.603042,76b8fd246e1bd51a8501bb24c94841d3d6218718b5dc591e28f8feb54ed3b09a,True
1730830156.7345297,17d493c41c4018b1b6706110e7e04211cc3255654fe30ed21a95bd026c686bb2,True
1730830156.9607985,c492a0575628b9802a9c867e0ff5629c2569694a19682247083e27adaf830b82,True
1730830157.2730482,fe155e8d680a52b079c8d2d61fc07fe243bc2691efd267e752c56f8687787b32,True
1730830157.55503,17d493c41c4018b1b6706110e7e04211cc3255654fe30ed21a95bd026c686bb2,True
1730830157.5563765,133fe2f4fc4432c31007ce3a77600e223728e6aeaa315caf6f678da56505f4c0,True
1730830157.8569014,cf5d138f11cd2914d2de6aae06366be97d631629174dfbe97765ac7ed48e23bb,True
1730830157.8602421,fe155e8d680a52b079c8d2d61fc07fe243bc2691efd267e752c56f8687787b32,True
1730830158.0522969,f7e38c3a2b6362f767b87d56f63bdaf80981a8646bd47fa582bc9f2216f66bdc,True
1730830158.059555,5811f863b30f6a7dc8e1956c9037623000ebbb07046e2f7ff1437e4fc697e48c,True
1730830158.2434642,133fe2f4fc4432c31007ce3a77600e223728e6aeaa315caf6f678da56505f4c0,True
1730830158.2500732,4c04f5d064dcffd927280cc8f6774263080db691e8bcde5026ce4d427e22ce06,True
1730830158.4319632,cf5d138f11cd2914d2de6aae06366be97d631629174dfbe97765ac7ed48e23bb,True
1730830158.4585166,cb7da9a5fb4381c6769483cafd7d42b788e2d2a1961fbb2879fb7c449ae68b1f,True
1730830158.8099496,f7e38c3a2b6362f767b87d56f63bdaf80981a8646bd47fa582bc9f2216f66bdc,True
1730830158.8114507,9c2d2efce1d271dbf35f514b755c9f1aa34443aed56024df4220533bcb4f51e7,True
1730830159.1253572,3b4159b5c050c3e0d79ffd109a6c2fabc1f8e58159e0f74a356234bd974622a8,True
1730830159.1262512,e70edd2cd0d3397f0ac1aabfe4ac29c7044db8377fff282ed7410faa6c13ead1,True
1730830159.4252152,a4867b244616f4ac722b061737359cb071905686f037f1f208999c15f58700f4,True
1730830159.4263203,4c04f5d064dcffd927280cc8f6774263080db691e8bcde5026ce4d427e22ce06,True
1730830159.7289233,cb7da9a5fb4381c6769483cafd7d42b788e2d2a1961fbb2879fb7c449ae68b1f,True
1730830159.7302618,b62a866510abd7e83ebc9c929cf4f14e4edf5ff8b0bbf99fa2a03dae6f03dbb2,True
1730830160.0344112,9c2d2efce1d271dbf35f514b755c9f1aa34443aed56024df4220533bcb4f51e7,True
1730830160.0360446,b45c129def63757d9a6c04e8395e5038d63812ac561c2c1745977500235e1787,True
1730830160.3554761,357b9f2ba958fe175813f5546a909194fea0b38f7c5cb237163ca439be11f163,True
1730830160.3565671,e70edd2cd0d3397f0ac1aabfe4ac29c7044db8377fff282ed7410faa6c13ead1,True
1730830160.5508468,ca25d4ecfb3bca378048e9d7babad5b875991cfcc4c8ef4999a3f6d612f2ad03,True
1730830160.5631244,f566aab8f9697c66b4e9755d2cf1737267b5bc5cce740e788e24b6544719a52b,True
1730830160.8247201,75b777eb2a856743b3a502e9f1c436398c5c2e9ce78272d4d40faf654e107f1b,True
1730830160.8257787,1ee4552b3894db52c881b00845da5ab4147a5c9b688af5bc9f866e688757dbf3,True
1730830161.1361628,6e4b466bdad80ed6885d14256d7f86d845b0dca1cc832c62896ee1e2326e0ee5,True
1730830161.1373565,d5ab737e04e5ec419c50469c1444f4516f6ef9caf32feaaa1f96db447d4b3075,True
1730830161.3361728,1df748b40c60c1193cde23526903a08e24a313931ac256a49353a24dc11f7705,True
1730830161.3376324,a4867b244616f4ac722b061737359cb071905686f037f1f208999c15f58700f4,True
1730830161.5289261,b62a866510abd7e83ebc9c929cf4f14e4edf5ff8b0bbf99fa2a03dae6f03dbb2,True
1730830161.5320992,d987f97d956dced2cd7e65beefc320c0bfa4be1656e1225b3adb66550114e089,True
1730830161.853982,f742a57e9294f709ac03eb1b81387219ed3f10616255abf4272166510c299512,True
1730830161.85518,b45c129def63757d9a6c04e8395e5038d63812ac561c2c1745977500235e1787,True
1730830162.158287,069ccdaac073a589593d2a5e606f194508b0d99aa2a40ea8357ad7c1b26aeed2,True
1730830162.1594253,933d714e7c8cf19bbee4fdd14838f06b0b7cd7606b42150540eb32251ed326d1,True
1730830162.3524175,357b9f2ba958fe175813f5546a909194fea0b38f7c5cb237163ca439be11f163,True
1730830162.3699365,71c0f95f0c50904ad79cf9c57fe5573cc752e8b474aa0b51ba3997963f6fc45f,True
1730830162.5689123,2be8e2b842a9d147303055173ca29ccb0042a6b5bd6bbd2339bd27d2816d38a8,True
1730830162.5712564,4e8a010c2cb89fdca63bccadefc0dc6cdc168b22416e02199756fa9b7c2f1ec2,True
1730830162.7791803,0b37149410f8bac5dbf12662e3e5830b7ba4a2a6649b868e6ce4f3cfa7bcd21f,True
1730830162.7961333,eff920d079ad63829f757c14b998496cd036a528c3b5ee7d3a4ead20a32ec6c4,True
1730830163.0779293,65fcf463112e2b5df1571e0eaff0f0fc7d0391be8dbf131673b8221f4c128f30,True
1730830163.0788324,38b9093ea2355e8739995778cb180df62d7e64d183ae939810ddb365fc8fae6f,True
1730830163.2896686,9c79e91430844cb062c3d3f95163a6fa0fe51eb731f21f09da1abb9f159fcfd0,True
1730830163.292974,ca25d4ecfb3bca378048e9d7babad5b875991cfcc4c8ef4999a3f6d612f2ad03,True
1730830163.8256357,1ee4552b3894db52c881b00845da5ab4147a5c9b688af5bc9f866e688757dbf3,True
1730830163.827524,f5d1c36477bfd9da89e3563936db603ec444595e1a407e31974437c6506d3e5d,True
1730830164.4398143,2593af5ab9cc767d4c2edfa11591ffcc3210283e0532e127a0c0d74528ce18e6,True
1730830164.4410388,f7b328b3b5837613c4c0ef8ff79a4b719870974721cd0e8684463569556349e4,True
1730830164.6217942,c5f0713cd2e92844f1584bfdd3decd686eb84064fdb880318aeabc8626b46c25,True
1730830164.634887,4f3177932bcacf14ab0c736ed7cce5cf03e03171cd8972aea9d53d744767b647,True
1730830164.9240873,756379d5241d1b7c4a7bfbbbb01e2aa67c298bda1bc268e088d55019e0219e54,True
1730830164.9251828,07deb8a76f797f9c24b799f67bdfbedd7d714931b2467e22847cc6347691a54f,True
1730830165.126291,1db8f178eb55e2d4220958864e09d4ef5d3c7118fb515f9cf7f6331146d6b3c5,True
1730830165.1292412,c4d7a77972d1ef9524992b1526a1015b49e182002e680fabd3c8084df8a40a2a,True
1730830165.4359498,d5ab737e04e5ec419c50469c1444f4516f6ef9caf32feaaa1f96db447d4b3075,True
1730830165.437342,755f0765d3918d65ae2fa717bf167243b502f9a376251751b502996c95a3eb84,True
1730830165.7410936,d17d1de4841e84aec5db5bac2c98f593597450e646cea01c93c0736ebbba07b4,True
1730830165.741892,ba9961137195b29c6975443bd325c6041c1d51d371d8477d76c68cb217500d76,True
1730830166.0466816,1df748b40c60c1193cde23526903a08e24a313931ac256a49353a24dc11f7705,True
1730830166.0503087,2363c824bba73054cb0ce5c1e79b1d973347385af60b99236c79c0fafec3164e,True
1730830166.3548129,819c480e277f1b9a86bc896ebeac36eb7345c449556904dd83639751841a178f,True
1730830166.3573666,d987f97d956dced2cd7e65beefc320c0bfa4be1656e1225b3adb66550114e089,True
1730830166.6619084,3e7cfc173075833662c4c8ccabf816268ab373eef385ec80a51939170cdc5433,True
1730830166.6627913,2da939dd014fa0def2ec1decc34c254a046c5585e2c9ef686b984a7c4ed06d53,True
1730830166.973632,f742a57e9294f709ac03eb1b81387219ed3f10616255abf4272166510c299512,True
1730830166.9750235,7726d3099d31c4bebbac99e48ba4c41663682a1745c6ddacb8d99f28464adf6d,True
1730830167.175721,933d714e7c8cf19bbee4fdd14838f06b0b7cd7606b42150540eb32251ed326d1,True
1730830167.1766193,c49e215e5e188477c0205d34633bd0b4a1349b42070404c5977081f5a4de88e4,True
1730830167.4900472,ee5a472119b60d90b9222d5ffd3d5598f34fe5b3dd92cbc05294c86dec8b167b,True
1730830167.4909713,4a88470704341c31a03d589dc7ff3b2ca366e845dcb6419037e620139f837ea2,True
1730830167.7294216,02d8d851217d6a272e3066c6357fe58d116b3d858529407edb4123008e8c19a2,True
1730830167.7309368,76b8fd246e1bd51a8501bb24c94841d3d6218718b5dc591e28f8feb54ed3b09a,True
1730830167.9316807,5811f863b30f6a7dc8e1956c9037623000ebbb07046e2f7ff1437e4fc697e48c,True
1730830167.9359167,43a34d0b628f7d102243a35fbd5f52fcc346286c19ee09cac4b41e4afac94f20,True
1730830168.1977596,3b4159b5c050c3e0d79ffd109a6c2fabc1f8e58159e0f74a356234bd974622a8,True
1730830168.198875,d121ac83b01d714ed4afe9ff086345a54c20a5455d0a882c47f21ad072ff93d0,True
1730830168.5077207,4e8a010c2cb89fdca63bccadefc0dc6cdc168b22416e02199756fa9b7c2f1ec2,True
1730830168.5085971,f566aab8f9697c66b4e9755d2cf1737267b5bc5cce740e788e24b6544719a52b,True
1730830168.814791,0b37149410f8bac5dbf12662e3e5830b7ba4a2a6649b868e6ce4f3cfa7bcd21f,True
1730830168.8158064,75b777eb2a856743b3a502e9f1c436398c5c2e9ce78272d4d40faf654e107f1b,True
1730830169.0314755,38b9093ea2355e8739995778cb180df62d7e64d183ae939810ddb365fc8fae6f,True
1730830169.0326355,6e4b466bdad80ed6885d14256d7f86d845b0dca1cc832c62896ee1e2326e0ee5,True
1730830169.329102,9c79e91430844cb062c3d3f95163a6fa0fe51eb731f21f09da1abb9f159fcfd0,True
1730830169.3303175,2be8e2b842a9d147303055173ca29ccb0042a6b5bd6bbd2339bd27d2816d38a8,True
1730830169.528533,eff920d079ad63829f757c14b998496cd036a528c3b5ee7d3a4ead20a32ec6c4,True
1730830169.533104,f5d1c36477bfd9da89e3563936db603ec444595e1a407e31974437c6506d3e5d,True
1730830169.837372,65fcf463112e2b5df1571e0eaff0f0fc7d0391be8dbf131673b8221f4c128f30,True
1730830169.8393607,2593af5ab9cc767d4c2edfa11591ffcc3210283e0532e127a0c0d74528ce18e6,True
1730830170.1465528,4f3177932bcacf14ab0c736ed7cce5cf03e03171cd8972aea9d53d744767b647,True
1730830170.1498518,f7b328b3b5837613c4c0ef8ff79a4b719870974721cd0e8684463569556349e4,True
1730830170.3487055,756379d5241d1b7c4a7bfbbbb01e2aa67c298bda1bc268e088d55019e0219e54,True
1730830170.3497791,07deb8a76f797f9c24b799f67bdfbedd7d714931b2467e22847cc6347691a54f,True
1730830170.554505,c4d7a77972d1ef9524992b1526a1015b49e182002e680fabd3c8084df8a40a2a,True
1730830170.555718,1db8f178eb55e2d4220958864e09d4ef5d3c7118fb515f9cf7f6331146d6b3c5,True
1730830170.7677066,d17d1de4841e84aec5db5bac2c98f593597450e646cea01c93c0736ebbba07b4,True
1730830170.7703352,755f0765d3918d65ae2fa717bf167243b502f9a376251751b502996c95a3eb84,True
1730830171.0639386,2da939dd014fa0def2ec1decc34c254a046c5585e2c9ef686b984a7c4ed06d53,True
1730830171.0718865,6e0c755750aef9886f1b0f6c30d39cf655a2bc040b468baab5463330d710c5b6,True
1730830171.2672052,ee5a472119b60d90b9222d5ffd3d5598f34fe5b3dd92cbc05294c86dec8b167b,True
1730830171.2761781,49aa19664d3fada8f4dcc4d1e8fc66b76cf993462a7f3ef2e53bf696b09b1011,True
1730830171.4786212,02d8d851217d6a272e3066c6357fe58d116b3d858529407edb4123008e8c19a2,True
1730830171.479806,074b9493ecd7f34e5a302744e1096ac42abc59d7fdc431dc68000a0cbb0df360,True
1730830171.6693823,43a34d0b628f7d102243a35fbd5f52fcc346286c19ee09cac4b41e4afac94f20,True
1730830171.6817317,2e7acfefab1f49fb12c938066e0ee07962dec2694d58d054fff6a6bea6ac0bbb,True
1730830171.8864021,d121ac83b01d714ed4afe9ff086345a54c20a5455d0a882c47f21ad072ff93d0,True
1730830171.8947632,fd0f5f4dbae47cbfde715ef8fa16bb4121bb16fe11691c6c52f9da2132355b86,True
1730830172.0964196,6e0c755750aef9886f1b0f6c30d39cf655a2bc040b468baab5463330d710c5b6,True
1730830172.104301,b5fc5dd9d5f44ce8d5978c579a4cd19d76e2fa231e17dfcd2a0c79ea015beff5,True
1730830172.301587,49aa19664d3fada8f4dcc4d1e8fc66b76cf993462a7f3ef2e53bf696b09b1011,True
1730830172.346075,ba9961137195b29c6975443bd325c6041c1d51d371d8477d76c68cb217500d76,True
1730830172.6037428,6c9c7a5adfb2139a9dbaff1d2b177de881a3bd84e5df2c12ca96e77fa0ffaad5,True
1730830172.6050935,074b9493ecd7f34e5a302744e1096ac42abc59d7fdc431dc68000a0cbb0df360,True
1730830172.8093574,2e7acfefab1f49fb12c938066e0ee07962dec2694d58d054fff6a6bea6ac0bbb,True
1730830172.811212,2363c824bba73054cb0ce5c1e79b1d973347385af60b99236c79c0fafec3164e,True
1730830173.1148584,cae4dc5e3008b99f1d98a97cde78919bc26fb31aa01e249985ff64d717ddd4cf,True
1730830173.1242476,fd0f5f4dbae47cbfde715ef8fa16bb4121bb16fe11691c6c52f9da2132355b86,True
1730830173.420764,bbc352b16f54c445254193871af23771396623fc42d4afd0eea1a5d1fd2a9c1e,True
1730830173.4218833,b5fc5dd9d5f44ce8d5978c579a4cd19d76e2fa231e17dfcd2a0c79ea015beff5,True
1730830173.7316134,6c9c7a5adfb2139a9dbaff1d2b177de881a3bd84e5df2c12ca96e77fa0ffaad5,True
1730830173.732747,819c480e277f1b9a86bc896ebeac36eb7345c449556904dd83639751841a178f,True
1730830174.0375457,069ccdaac073a589593d2a5e606f194508b0d99aa2a40ea8357ad7c1b26aeed2,True
1730830174.03843,84e0f63321a3deb1f557445abcfa71864e11323a944bca5fb2bfe51e3682328c,True
1730830174.2385914,fd84f163fcdc06802f6742e6eb970d261c630a0afd875acc17de1904dce2594e,True
1730830174.2400284,71c0f95f0c50904ad79cf9c57fe5573cc752e8b474aa0b51ba3997963f6fc45f,True
1730830174.552295,3e7cfc173075833662c4c8ccabf816268ab373eef385ec80a51939170cdc5433,True
1730830174.7475033,fd84f163fcdc06802f6742e6eb970d261c630a0afd875acc17de1904dce2594e,True
1730830174.9566758,8d8a8fff106a595f9b76820f22ce97864b7cee42f46dc31512814f07cc26a268,True
1730830175.266713,2df780942bf3956507660883a05797d27cfd94a026f11f8a77b4dbc9f0cb5ff3,True
1730830175.5702128,b0d0a4ce43c0a178e62ef753391f4c54c299365c9296b33aa7f21bd19ca7ed28,True
1730830175.882395,02af68e3471f1eefee67b926164c79a657160b20db9df40d2e3d824435f4ad0e,True
1730830176.1898956,9486d8bc9f6768baf69ccabe5096afa8e64481674b7f130377df50e113271ec4,True
1730830176.4902642,06e9cd20620737d749b10d3072886673a6e593df020d1a5b4633facdd2d447d6,True
1730830176.6980577,d19f8823fa9b1434bd19d53ef544d481df76f8619d92123f3fc8c5cb10a277f1,True
1730830177.0152493,0aa9757b53df7d0c91c2cd45bfa40a3fa139b9d3c21cb323870bbfdbca2bf11e,True
1730830177.2133684,cb76955b56ec637d59d8b265cf6463f3de959dc2f95a9d0d77bbcf705f56ac0f,True
1730830177.4261713,04abab62bcc47e170f8450af9414de2d28c72be8dc836377aa7b4e4484d3570f,True
1730830177.7217703,4be84d26f546540cdca5b5301adddd6571a5842c5f730bd0d144ca197d870a46,True
1730830177.9246733,03501cb60406ea31566bdea575558d7495e1721e2cac516dec4e447b0e2ad7dc,True
1730830178.235598,cb365d8c7bc04390bae395f939f54fe3aec7bb77bebdc6156ee6e657a4a9448a,True
1730830178.5389297,5ae2c9c61672faf388ee11d7a5ab995d022fe46aa540f6f023869d52d21420a4,True
1730830178.846597,ff76263a1c1e4cc1daf37d0bb41b70d416ad8e64e7e13987b6e2aa2375bbcc37,True
1730830179.16856,f205be6a3b74086c898f73610c321f5315564dc633e8a3b61f6cfe6856dcafd4,True
1730830179.463721,8cd006b26396ba9406633e561d7803a54eca1bb704ebb2ddc7cb12aca2f81688,True
1730830179.7714128,673c1f61e4594f346a0d7999adfff7b70cc777f51edd02bf47fb8ba10aa5f4e8,True
1730830180.0759513,aedd722e1429e633f4db38a3a212945e6c1431b6382a738aee3e1025f0bb4681,True
1730830180.3906024,bf20bba2c2b971452d5a30710c1097265dfa93652cf8c0ffadd2eb062cd4f9e7,True
1730830180.5969193,47b99ed2bc0ebf60362e21590ae26a5ae750adb8c938d8a538b67454b0b44e54,True
1730830180.893699,a3b2ff6e104ee60fc2c8d66964e412f0841e088244538dd9f1b29916b445d950,True
1730830181.203917,e6ff37cfda3241524f00e5fda3b0f81a5aa4ac5e87f80660c2d0a5bcede0b813,True
1730830181.5148938,996b5683187bf5846a00adee30c949f4ddb40e04232937b23cc4fede89c99d1a,True
1730830181.7005177,da0a53a04bd33d81cc65e28e6fb2f9d26e93241039c59a0179ddc7854548a413,True
1730830181.9239655,6c871f6e47483dc670709998b5bfb384473f48dddc13e67ab0177c1bb94139f8,True
1730830182.127896,39a128cd45260af293314d3e7a9dbd723eacd71ee3a564972f8d890a6a15788f,False
1730830182.435934,5c33cfcca038c676fc589c526b1b1b71138e24c1d3dd93a32ec8de102e5a38b0,True
1730830182.739776,6f01a9c2efb524b477cb3c76092a5a7924dd6fcf0cca56441c59907c14b91487,True
1730830183.0453253,2e46f05a82d8d224bdbcaf3443eaca917ea36e5388cae3bf1ff6537b8b26f787,True
1730830183.4104671,19902d55b2e504a0557e2187936258260aaac28e77db0a1cf6240fcd78dbabb9,True
1730830183.6165473,f39669a3d98f366f6bea5ec866b2b11090b80a3ea637d079ca3749baa465607f,True
1730830183.8031662,22376871f8e2176ac6acfd0323da5c062a950bb6071514c0dcfddcc04e3cf067,True
1730830183.9954875,f474529b3e0317db10fe0603952001c8601e9902c049ec8942768174df1b57a1,True
1730830184.8894176,fb2710705d6e6bb6e079de30d673fe6346abf0bcc4810f6b6b64eb4406c7fd80,True
1730830185.1996107,0aaf2e7d79433a20c75e955c215f27912f699d63d854b0f719161b5a1aefc5c0,True
1730830185.403609,197ca224d5002990cef24585fb61d7a3aa0a0b1245010f7beb7ceabde294bfd4,True
1730830185.7098672,1f9e66bb751afaa78b4deb1cb27e396ffdb18e8de53df5a24e4ed4a8b034023c,True
1730830186.0138059,1b064583fa7e555b5c520c3bd606ec9ad988dd1cb50c87726b8c3449dfb7a1c4,True
1730830186.2181005,f918e6c072dbb5471ce0ab524a8619c0af8c60a02597a7786c53ee9ec7c858f8,True
1730830186.537576,279a90986a04f8ed0068353924b52d0f6dfc88c9975b362523af6d40ddf1f9cd,True
1730830186.7307944,0bcef22884e26d46792c41a3735db8b9fce19ef8648056cb4984245a90aa1c11,True
1730830187.0395238,733a1003c9ed3d03ba2650092a7a11fe26ebaf47d5a4c51a8c5943259edd3fa5,True
1730830187.314855,a1a6e8f20aac76aad11870f64cb3027b04070197af277555001a40782b20620f,True
1730830187.502501,8639bf8711928c2fecebd85a97cabb4ab86fae4dabbe1eb57564f6e7c9d60c1a,True
1730830187.755373,7e38155c777b329f1712c76ea52cdbf967152d4c9290b8e19438794e71fbb5aa,True
1730830188.0668373,20c917bb888cbaf843012a6d8da1bd1daddfd1c5544aab6f8b16db4723fd676f,True
1730830188.3692973,678899918ca4e06d6df0e5820b642203068c4bf09f8755be478ae782eb33a90d,True
1730830188.6771438,58ad776ab1ae66f6b8f5d91734641d23ec0c9de92702f5d1a82642edc8e5aa0f,True
1730830188.9844844,44629f9b69d842f77da7dac5933c80aeada55b43bf26868e4d92868f8c4aff9f,True
1730830189.2923002,3feba7b66c6c37dea1c31dc110c1a7f4f7734bd169ed73f07305c1c4bc917d22,True
1730830189.6001303,3dd6231c60fd165f99b5449d311a915acd76d00f0debc41336761d54b947cee5,True
1730830189.8408902,607c958c9438cc86d5e7c4868962074a84946311a53cff749b023edbee6b89e3,True
1730830190.0420625,2f70b09b9c4cfe82087054c10bec5278b6f968b1c6fe7ed9b1631fb0931ee277,True
1730830190.3213475,fcbfc4831b2c2660712dcc52fd46501ea1990cb28adc721e86f849426d6047b6,True
1730830190.6219878,54d09746be2fa50505e64555a46d87e99d2a4d4c39076fbfe0638efc2f01971f,True
1730830190.8210416,e44c170619f12342be5dd2851bb7c2f38b55dcfe51107cf93c8ad8733175c019,True
1730830191.1368265,7eb4cb23ffca680deebab22285b27ddf880a7f84cf51600b63e28afe4a6be1c4,True
1730830191.44134,30263d7a14802374d788b041fb439bebafc7c7e5680844cfc237b162e0a0ce77,True
1730830191.7503145,34014b6df2827632c73e2f0edee067b054673cafc1821e1c33b451e0d92f1555,True
1730830192.0569506,4df05cc9c11263ac80b830d5bac0c0508158d9758421115cc5bf9cd3fd4e40bc,True
1730830192.3658032,b389ee5e9e353385f541926b5cdc361462bd014f63e44c101bcd9b649875dafb,True
1730830192.6710346,a43b654ba0480d3901584f7ef97d63f6fb4c40bbbd034638b2e8924fcdced4d7,True
1730830192.9552574,cefc8080f5780fa08858c5ae1962051eb5193c4bf175f30b605bec0b0df7df5a,True
1730830193.160711,87ec9fe671e85780b4a1c01c179f8df56017a704bbd4cb7a0a30607ae30d6477,True
1730830193.3902235,ffaacfdd995dafa72075e297a18bc8bf84be52c0a0d7e4d6a245a04fec6aa550,True
1730830193.696925,3580af61cf7096f6369d0f33459480be1fa4f6b432a0e5acd1ef57d695df95b9,True
1730830194.0052733,4017105dc13e3d6ee22a5616ed328a9845dca824dc3f3395c5930fb5f55a256c,True
1730830194.411472,dae73067e76eed89b4a23e26511e141b06566d38d707d8af00842d351d2b19c9,True
1730830194.7220838,a2e9e67e101779ffbbefea2ddf5599bcfe12a36b1890b070da028317f0cced6e,True
1730830195.024941,2a214b0a2e1dcc1b784f2e561d454c3fafa11f2d6d80181c681230e5d9e53a7e,True
1730830195.341061,625be2e723e2d57396100569f799e76fa92c1fdeec139ac20d5f7953cfe13c72,True
1730830195.6418333,8d6afa6c56587df0b74f570b4f7156cac0559e0321da38ddbbb81334e930d218,True
1730830195.8523993,f26a1a4ac47f4cf5f5af7f4bd6e50413eba04ba94ba248687c40a9bad9b5062a,True
1730830196.0727355,5dc200d73c6f79a6cca804888baa379e8f93655d87eedb219dd299a54d66dff2,True
1730830196.27711,51a4955b9ed97f35ee5df39a4626a8dd6bb985b6f3e2632fd0aed7358da40305,True
1730830196.5607626,4758a1b1be9038633ac24f11d15d480869602761dc5e91f2583e3e8cad36eded,True
1730830196.8702457,cd4ba4f25e824d552afc1623dbf4b0b337f59eb7c54e78f9abe194e98b05b94a,True
1730830197.178591,9f60519795ea71f5d7ea6aa72116055d0739172d86fb27f72469eff28cfa3ecb,True
1730830197.4964428,2fee1b683d3d03d04d2e97f4ca7800befdbbd49d98591043b57ba1afdc633492,True
1730830197.7977366,d161561fe792d12ba8d30f4f04c6d24785621cf5a3b78b75b46d6689457d7746,True
1730830197.986934,4795e9a49b534a8a3eadf23bee3b706ae0dc98e02e592c08db96310ee463479a,True
1730830198.2020075,dcf36404c7fcfdef590cf25a00e403ca331ca496e37d27986a3390440d5b696c,True
1730830198.5193112,61fd78619c24ed9d14f7f442c8dd20d986eb2f09d4c457e686f918cb25256cca,True
1730830198.7170217,c8c75ed2e7ec4e3d4faf070f5cf9d051a35e552f688136151f990069381fa0d4,True
1730830199.0187995,26393d4992cd795420f59e89180459e98bd44ee0e771431ea966027280835a5e,True
1730830199.2409995,82a22695a958f91d7cc9d0e6b9c594fd40acae77bb649efb5e1026716428357f,True
1730830199.5328503,e39272b2cf2512ee53dcc714b64ffea008036f0004f09c702fc60d30bd5cd0ee,True
1730830199.8404708,64eb8d7d727a9a92938cfcdcce55b06a2074ea258a2b908576ed6b8619e71c3f,True
1730830200.1461096,be0a8d0c90095a93e609c45568e02546a537f8168d7fcec2a2312b94f4874a64,True
1730830200.454082,5675e1893ebd4bb0a84c197083d3832852b107440c339485827321267c27dc70,True
1730830200.6632547,3ea37ac421238f2e9ed6f7800d6af48dad6a9639d290ffd10e7e52b1b485f59b,True
1730830200.9643612,1175ee5a9a9f47c54d34b19682f3c324d4bab5c35b190a3d1c977998a76699de,True
1730830201.1554396,0fc18b1a5e1b322c236cd5ee565b7ea2771a8777ba72413c4df6a30f84d01bf6,True
1730830201.3740234,5fffe148f0aff17f4632dd7b7afadd8d2fc61324bf0129806fcc419a58967698,True
1730830201.6809142,deb59507dc627eb75ccce813d0abb28a39a2bc51809aad400e70d0ea0af24d71,True
1730830201.990498,3da089ac21221b63e4b61840ad2738dfffc457867e1b2da67298f9fa85144291,True
1730830202.299487,afbbe71c3c4aefddc379c51c8414c4e060c1e97c28ed2225c8403b4990b9e747,True
1730830202.5116134,07e9acb2b050c2ca3eccc24c9cb09b0b9b27de180de563ecac8703b1bd32a671,True
1730830202.8078172,dc69f17497351d4692d3058dc7a9f656ea44f2db643870cd6e5ab95da6d9a88c,True
1730830203.1151466,a86c84c44e30d4d3009763941aa9d57cce5d3401d134d71759c6376f7fc1bdeb,True
1730830206.100557,14b59c76d832d7f96611b41b055d239ba1955ef852b2c2b57fe73ac2df3ab93f,True
1730830206.3906474,1b36f9f2f85eee534d9a9502b7d5eb3fa82ba2893d95e52881ae6abc856f811e,True
1730830206.7049046,d292c0e014728dd52a6b4e5a04199d958ab53cd6c2b74a2a420f4369dc187e1c,True
1730830207.0063157,7bc6151db5e6928445a89945ba1669cfd9f4837fa5fdf5f50374a68e6cfe29e6,True
1730830207.3143713,48b7d44ef9a2d17c42b475b9eb6a772aaa439873fe35a74d54627c5f5f66cdad,True
1730830207.6221786,299edd4e92a71a9c03804dca5dbe0df3703de9a1f7d6fdc421c46e9488b3026e,True
1730830207.9283679,866edb294efd5ff177b5c88b4fdba3b03930df42db6bc1f37bfbc836ff9a4847,True
1730830208.2390046,56eaebd8119d246a249a4075af284ab0e44f6b705c7a1deaa3e69b29de210642,True
1730830208.5452735,79cccff829ffc059db034726024915dd57f1e034fcca41ba5788cf5c3972070f,True
1730830208.8539433,410467438658f6101d1984b36c8b5862bbed64a36653da75fe6d6a3d157069f7,True
1730830209.161862,b039ffaa9f664d02edcf5059a2d766a302faa2ac585bb8b9929a7f2e85632132,True
1730830209.4628065,4d60768a53131a58f57d6eb73c4840765dc47b355c6deaed18dc14db9226f7a3,False
1730830209.7743523,b80745b698f67fdf84c2bbae5eefcc2262dec85802f546007a04eb846f00e6d2,True
1730830210.0816176,db5e4e91af281525a4e1a7aefe36a49321405c199417411642a33685de93cb4a,True
1730830210.391895,515d1172517117e7d3ba95b99f123e7d22ef485f23f16e6241a0d6953cb2bcde,True
1730830210.6916196,960aac31cd506351c8b4c548a36d06f0c226450fe4e7752c481f93fae8f5298b,True
1730830211.0008452,efb586a184d2cc94110b87b847e66ec3dd63e9594e8c51a5a6d32920b13e67e2,True
1730830211.2888498,b8e89a32d5d4bc353bbd89e0523ee387778bd076321b7d7912587defb65f3177,True
1730830211.5148802,96e877ec4e2543b95340098a70e9dfa040c093c0771ce3d3f46a38d8dde74d8b,True
1730830211.700983,6dc550a57aff44c2a61bdd6bad834d4f7aeb836c502a6cd279bcd439d3001887,True
1730830212.0304794,4c0704554b0a419d885182d5d3d060388c2de8756a886fb6fef897106541d29c,True
1730830212.331251,02d27cc179af5c5fb7638e3615d47ebc31a595413868970b1c4e8e933bbcfae5,True
1730830212.6457567,8eee73f42c0605646e108fa3fdca4f8ba67ed9c3961578f80b2ada53186b7dd6,True
1730830212.9459872,98be78f1b57a02beccaa433ed58bda898483a1e4aad56705a40dbaf37c023bc6,True
1730830213.2527206,813cb4f02336cb74a091cb132a57c88439e3dded05f7a98dbfae6b623914f094,True
1730830213.5644784,da4dc7326815dce381b43e161a81e8b77906484cf220a3e5900da796b16634e5,True
1730830213.8781996,a4b1a3bdb9a81add5ea8a1e7488732d1c5d9ded2bb15bd5637241b89137a835f,True
1730830214.1796815,864e4235f7f43a736dc8413d2f6a2e8874fbfdc6ddce92e77bf145695056bcac,True
1730830214.3842342,809f516c514dff02d931d9d777358e5b390b54c6de85e99281b91d189b6e0ef4,True
1730830214.686305,fdbdbcab824b1e266c6cae591575c48ee806399245b8963029373ba4ee39ed96,True
1730830214.9971714,6e6236dada19b3770308897d58e07ae76ae7d9f0ef6b43f0d5d9f279fb716af6,True
1730830215.1901639,719710074b78736dae2d9920abaa83eaab155a9d413ee7ca83558ae7632871c1,True
1730830215.5113366,29605bbd3d81a6ba63aa1ee52436d74d95bc218c5bce9ab3945ec8d8b879cbc9,True
1730830215.7239773,6cfd2bfd73183ae17f4b685289c897ca572a581686b97840f48913adc55cff68,True
1730830216.0165868,ad0b1056dd68c5ce6bd6b829b0b2b477a0c60482cd1839d04cf0354b27f1332f,True
1730830216.32697,93c81d70b4430928c461f5e718fa8f0eac94153755e11daa4280a051ff0c05d3,True
1730830216.631352,6e8c43cc6238d2760ee1cfceaf888843cb548ea961814b827dda936e0eb94b47,True
1730830216.9391553,2e837e06c0b66617a1650e98b2d4225eff68d129fe0074583d1432501eca3bb3,True
1730830217.2519019,a2de8850cb172b873994c09205910fe6b8ce53b9bbd8397234e5c5a94035fc10,True
1730830217.5594068,b1bf49f1a07cef7ac5aa5b6a3498323e9b531281830f58959ae914e76482a0a4,True
1730830217.8620203,80cd3a1031237e03e3e5df0ef7cb99efaf0b91cd5d99d67b233b99171c9a2cc1,True
1730830218.1476116,eafe0fc01fdd14aca7da6418d4952281b243b30b6999a8ad547a7c23db8926e4,True
1730830218.4789453,f662cf58e9e04e2d9f8e1bec3f265ad4ff799839f0ba09d48837fc0c6a5effbd,True
1730830218.683664,3f657a70d17f333a143b862af75694c243b96be6d9210dd0dd6d069958ceb8fc,True
1730830218.9865627,81444e077d335d3c6bcef981f154c5891114783c95feaee519ad168ed1b2e86f,True
1730830219.2980921,cfb1da3cbe4c3b6233568400e06f979f7024596f38aa4e8cce5256b00c9ad8c2,True
1730830219.60346,2b8c6accbcdf3dc90e7e232cefb9c7490ca5003dcc256bb709242e35728cfda1,True
1730830219.9102619,a15158ea711838314bc6f864e7e10d483ef55e611a97f047f25cddccd1d5607f,True
1730830220.2172122,bd043a0b1fa13e37888261aed97dda22948f40cd984bcb8f367a32cf6c4af0e1,True
1730830220.5322416,849c8ca0759313e2c81d64879c9c90d9400be519ba5a364f859664a25a0e9f11,True
1730830220.7794523,ffe74dd4899b1a052b853a42c5c1d6352e6423ff99ea01cd5c7f77f0eda2e735,True
1730830221.0350037,4544b7ccbc19007d5e8c422521bd380229362eb20230a06a589881cfe3e86c53,True
1730830221.2683663,898030eddb947ef6492f32144edcdd80143b09d91e91303a7fa388344bce9ea8,True
1730830221.5515924,c77251fdddae1c68d7607ea0375805052c4cc7a77aba18d67764b75202923645,True
1730830221.8561246,c8f8570a6d932be9b8630938dca3c2e924c85d0b23ab0777af2ea9d6411aa28c,True
1730830222.062802,8890b77c8a413d2620a5b8ab0b7423357d7119b030bf306d119c20d5f70bab79,True
1730830222.272198,cba987806b2b3861b40f6e33d49a1fd11fdee8c0f7a3073ace5a86258c9d5ce0,True
1730830222.5738528,e15e543e6e98b061b81fb13457f387b3a95aa275f4ea058ce2d94db08db38ba1,True
1730830222.7778568,814cb4706da7f8ccfe6e91e6e830fbd73c79670ef06d37c35956bb295d029947,True
1730830223.0914555,3aa0c68eeaf3108285e9704cb3023646fcae51fbdd18c8598e46e283272c1729,True
1730830223.3913887,a15a9146885560ea1b10b9cb5bc44693bdf132e13d3f6d8eb5b73c336735ce1c,True
1730830223.7005281,4f2369bd659b4ff633edc337638f93e77c865ffcff42069b027060674f13b5c4,True
1730830223.9105244,f05a223e4f117e9216c8f0f553af3f9d7a101aff9c5836b4fab3353f1553723a,True
1730830224.1148567,527376ad44e689d8bfe8a6ddc7f834792a099bd4da6465e0bc2a3853866c954e,True
1730830224.3956122,3f9fd2ba4ba879176912c077976968d29dc7ec279436b7a274059f96f6ac4ad9,True
1730830224.5863352,af0d7b24383b8628a87c90fef593c17404c2dd969616e4097e1361c295925838,True
1730830224.8718398,4f613b579de1e8351e362546a4d2c2202c3b5154ade0612669e804c9eb13e359,True
1730830225.0768714,5b4d7f39a403027d3d3969f775628d33d2725d07d369bf89a5a1f361c45473d3,True
1730830225.6717627,f53f74e88638ba9acb22accc8ced6eaeeffa8b090bd2a0f4ccc134fca03c7767,True
1730830225.9806645,4f613b579de1e8351e362546a4d2c2202c3b5154ade0612669e804c9eb13e359,True
1730830225.9870162,39803e989cb8bacaff02dec11a6851b09288b2ccb04f6189d661426240be11a8,True
1730830226.2911751,5b4d7f39a403027d3d3969f775628d33d2725d07d369bf89a5a1f361c45473d3,True
1730830226.5939927,c5ea6d3179d76d14ffaf3dbc878968a9f0ddefd9bfd48dc3748880e916c9d1cc,True
1730830226.5958772,f53f74e88638ba9acb22accc8ced6eaeeffa8b090bd2a0f4ccc134fca03c7767,True
1730830226.9065588,4d5dd92ce30e6921b3d9f5c02824144a73bc127e9a4d56dd62fd10a36c1c5b97,True
1730830226.91398,39803e989cb8bacaff02dec11a6851b09288b2ccb04f6189d661426240be11a8,True
1730830227.2096808,5cee3f6e7243114498b20987ee4a3ca63149e99c453331df6e595e63f3605d8d,True
1730830227.2105165,c5ea6d3179d76d14ffaf3dbc878968a9f0ddefd9bfd48dc3748880e916c9d1cc,True
1730830227.5222917,4d5dd92ce30e6921b3d9f5c02824144a73bc127e9a4d56dd62fd10a36c1c5b97,True
1730830227.523416,87af55f848871110f47693fc25bcef4bcd861afd1a937e9495c7046809d7a004,True
1730830227.7956479,5cee3f6e7243114498b20987ee4a3ca63149e99c453331df6e595e63f3605d8d,True
1730830228.0035834,87af55f848871110f47693fc25bcef4bcd861afd1a937e9495c7046809d7a004,True
1730830228.5137124,56628538995a7bd5be78da43fa7bae89435c59f5509fb13aa246bc74dc67b0cc,True
1730830228.846009,e9565db5a6e641548b4a1365e81773ca006e89de50261fd213a8154c22446f25,True
1730830229.1645145,18127a93b4ee528ec299a58f8cf13e27531342d7ce7e78de9c4fb670bf4f5526,True
1730830229.4598513,76f77a7bba6d11fa602fd24071bb93d1abd88fad75c8d603f3ce91ae6f989948,True
1730830229.7385626,65ba39839ef1f583086d283610f18d194139a664ed5ed5b98d9f11554b7c3ac4,True
1730830230.05034,7ce898def059ac48c884cd83ec1aab06f2a1cd579e8bd96bdbae5a348d292432,True
1730830230.3593035,f977df15fb66dd581fc6bfa9810df25ecf2449d2bcd2121a9ff1c61f2acd3b77,True
1730830230.6343443,b69e2f916b8e9fb8fc803ae86d77d7a918d477651d9ff18681723ebc7f148205,True
1730830230.8259542,42a25fa12f74e47e43b888b9dd9852497cb40ea8ee6a8027eee9d3e72f63765f,True
1730830231.0175493,7cbdc0d7b6d0dffb910e71f104287aef71a4077a18a10c60306060fbe1f5d3f0,True
1730830231.2121418,08de9e864ef4d4b031ebb5f78cfbe610c1b8ae4179a657d8672b5035d7ed138b,True
1730830231.4836533,8b9c76bf498180f9ed834cf87bcb2bd66fb240902184fc9de63fb207b0a45de4,True
1730830231.6837761,8b64becdae964d040070788f368f956c55efbb9e9713caded27a5bb29578bad1,True
1730830231.8899071,9ae63d1e2d5db4a1f08dd12eba021db0a5f747e764e0e46abccb351d4a39a46c,True
1730830232.200243,17c3d82155970bddb1687a8e19972d381a86f3750d7236032a80d1591b694e24,True
1730830232.507776,f8f90bc7c7b6aaf6b543ac4a607d9e3513d27086890600d199b3033ef07c97ec,True
1730830232.8133698,78ac7e8f71de1e51870adb752b972352fa1f3d480314545243b6aa9cbbe9f679,True
1730830233.1179001,45da0ea8d0806052ba1cc21cea369a6c187e7e41494e8dee16d2fbd13fdf6cbb,False
1730830233.3228016,066dc16ec632046d3f0fccd0fea42a3e8c597dd63175bb9a9bc6bd94777acbcf,True
1730830233.6376653,e9d41862436760160d12ba22cfc9019809b3e87eda1e6c130aed99ea10ede18d,True
1730830233.8285322,1e7d71dae8fab2d7c0a20928371da956dc5058594185d4372d3d6112238ab939,True
1730830234.0432103,cd04aa8887682dfd46552d5aaa49a22aeb865a50ff99ed32f98df9e1c462fee7,True
1730830234.3504975,a987e39d309c6d3ccac6ec6b911b04757ea2039bf78c625b9e7ca2ccc6a90798,True
1730830234.6538677,b1a80bae691b9550b3a3b0b46f26dc9036c91b00c56bb62ec42aeecfb0dd1794,True
1730830234.851357,ef472e18b16fdb68389cd6872dd7af5a1c029c451c97f79fe349b0253db8be3c,True
1730830235.070198,e50478b438c6736c6db6e267c4ba66e863b2f5ef4419e59c3ff3f7bda3e919c7,True
1730830235.3765697,bdbc55207c91c0effafe86b1f3b34e0dd5195bfcb0f31f57a7019330f7bb40b5,True
1730830235.6118903,b6f505eda73b75b4f3377c795bdc245adf4cf6c7e1ed07f018b7007de8a0ef98,True
1730830235.8872602,77d08e1376b27dea4cea0d18be99c4bd9076f0630cf0ab127ee81d5b0e0e0afb,True
1730830236.189829,bd0352ead3333b0d2ade297a8d33819ee583069a5be78566c712ee15702bc5d6,True
1730830236.499722,cc3bb514628cf7aabd0817e58f3938e2f8b1bd2cdb40d243442baf888d2108ef,True
1730830236.8040721,886842d60be256ed5f9081737fd37b6b4f1790faeb80002a878d396218ae4c76,True
1730830237.0127552,bf63a75ef5338ce1982c1ea62496afcc3b27b527bce31aaca61451ee0639ffbd,True
1730830237.3200195,58a39d619bce3fbfa752f1651087b04e21e3784a6892fa39eb63e57976812e7d,False
1730830237.6272237,919ca45a8c69db0c3944ac1f8bf7e73239834c9d45a5d58afd33b459bf4cb8a9,True
1730830237.9303067,69ad965799a5deb109fb3cd8b43ad21471343aea084fc7749ab45e1880e5f175,True
1730830238.2433364,ac6d0a20ddb8e3d740a6de3de1deb9aac43e897c58dd6138d38029f8eb1ade3e,True
1730830238.5505612,6436079b868ace853bd44ba0b45b206dba97c2e4f39d63a7bea6626ff8a5b9cd,True
1730830238.8536315,4cdf94f910f9d31180b8c275142e4f12bde87053773487e16d6b0d8ebadb5921,False
1730830239.1664126,19043656be8088423bbe72402684739a265786d497fefe1e83139dfa89b7d2fa,True
1730830239.4689708,1023f7030f90fd23a3a4f1cb2fca518def4c39c00ee15f2b939ef5e8b9624531,True
1730830239.776099,1180198f50e7be9e0e614c4a2993bea8857051a9e035cb609c32adcfb8bea0f5,True
1730830240.024336,d8b63a56d42ed87cff8bf83d76b1acefff51b5f4e99e64db54b2ef7faccf392a,True
1730830240.2275167,682c04fe65676593883d73627f9fc99513a0fcba7c65bd6638348a445ad494be,True
1730830240.4296298,d3bead99417887648179a448240dbae2042da72ca887f1da1c1643aea34ddfbe,True
1730830240.6962974,297ef12d05b97740ccb986b574b4997643f4c05870d1c97868f583f049e7ea6f,True
1730830241.008615,feac274bbd021beac0a4bdbb9d4f030bf79ca4ea5f84e4bf15f342366e2e93d8,True
1730830241.3122127,adfce559e9bdb38eaf647a73b22fedb1485432a51848357bb411d5779d55b78c,True
1730830241.6173496,1511838ab6bfcf9dcfa62601ea3bc8fb57f4401f94641cd760350000411921a2,True
1730830241.929929,a574e37500d65a72318dc0fdaeb705ef730e67883bf6e28b7849bef8a4d485ba,True
1730830242.1196597,86f9e4114ae42065a9ea45d5c3221fbf886899fb8f4043b08039a6418b129f59,True
1730830242.3333833,811bb5b1e4c8d8eba241519ec303f038164889a74ec9a510baf47af514a7065a,True
1730830242.6442173,6adc03bb0a2a4445f3819942ee73e9fc5c4c89768bb0bf2f220afd12eb8eafcf,True
1730830242.947984,1714edaa8f6ef180db549688c1eb0ab859d6fcefdcb85c04244ffabdc37f20d2,True
1730830243.1362467,67f70211d2c8be25f662fae491d5d734fea1f1bfc5717110ed77528572c75dc3,True
1730830243.3303106,164d800bd6e221ea2ffd26a16d974c5e92946bb7f1bc198c6c69af43dd2d0db6,True
1730830243.564415,1f4d0ed45f392c722bc1b4798cfc07fb35b01c9ea0087f55f120d15204a47cfb,True
1730830243.870743,1ea5790e22737acc8186fd2a5cb185e8f1bba3877da3ef1ac89a6ac33ffdc840,True
1730830244.1810815,0947a8b81a4e424fddfcc9b2891baa9ce0f1bc950e47d70cc14b8fa0a68ff7e0,True
1730830244.4841943,0d96f13010bc53dd9cc10fc2ecb4f1fe956208f29bc54833a238cd8f8c8010c8,True
1730830244.7015102,f2b06697b25a1417ad0846686e28279933692f7f6cb513d0823fef5103d06108,True
1730830244.9981117,bdd54e9b402ecfb752800ef53f0e4a18428426a90c67d9c8254eb82f1fd6409c,False
1730830245.3049197,00907f392d198965bc4eae5e854db00688bd9a77a3e3a6e9edfb7c9edaf22989,True
1730830245.5103242,f371e91384ad7ea93ec0f2bb07165a8bea6429621e512659209a2123d59ba028,True
1730830245.7140543,75650e6a8cd0d5c0537ffd81655a5ea1b306eac3d63cdb0c501d6a381a0f6c47,True
1730830245.9109662,b87178108946c4781799b7788e1dc75760dc48ff9fb74ab81462fb74d41a533c,True
1730830246.6390262,234ebd7b7940543b46fbf1380a914ad5eeacc96c7ad1a27e051fdc1dd4a3769b,True
1730830246.8448,269e3f0287d790b486a2b1d4ef634eb89fff252c644e04f186d025829e71d622,True
1730830247.05625,9d07ba46822f162c8a026ed32f8e6e01bdb0a54ef02a49092432343bb2d906da,True
1730830247.3520632,b77f9db0834003c2f7198677b2013682f946f056853922223537f1afa365dd88,True
1730830247.5664468,e6ab47090e042c192b494308523571887f6fdb8e6202fa4eefb35c42d8fe8346,True
1730830247.872925,4af79cb44ff314d7463a1857b88d074974903aaec3e23b80158ce5ae636804e6,True
1730830248.1705632,cf35d7b80d78d742b5d48b7f4563a2dfb39e7cf2b7a1c51ff84bca32c489df92,True
1730830248.477428,9ecb42c4f7803e4f41a936e5b71945b9fb80dfb146b12f2b196834431343c58b,True
1730830248.789553,7bfff116580bcc7e54815e9e83f39d43443f64cc3e1428729c352d233f5105f9,True
1730830249.0952663,9fe0b8f2ee03eb35700f705e9f3117cf8b024d913ffb6bcc9349bd82c0110c1c,True
1730830249.3819275,fac8123c6a91fe55dede4b703a30fc98f75b0cc551ca949ca33142ff4d61b362,True
1730830249.5868337,adc1b481eb2f47454bb1a7797721abe95e780d402055b8cb9375272d2289a8b2,True
1730830250.0140285,fbfa6abbd39857f5d169335378afbdf0c762b1fb5666f55c7979b2e4617ee6f7,False
1730830250.3253522,bfe9e044a6c192357eba1d5215cef847b18864d6d4ffdd5b6883521dd6ac35de,True
1730830250.6288362,5ccf3d53f25cf59f9740f27b34bee40f5ac9ff2bd0046ef9303e375786cc2f37,True
1730830250.9372952,e0f75dca55d7ec68549e753564d30e91ad085586cce35b1dd09382db7e793e6d,True
1730830251.2444263,88e478f39769d4edea63a070d72d3cdfa54089ec064e54ef4adcfdcc383ada97,True
1730830251.4412513,1f9ffffa10968a07ae76fb7d59a92027c5cdf0b6cc08a6cd79ea1d81a39e4443,True
1730830251.6562726,6856634c2fab9341e350f3450a14599e774106cc779836e32e9e34cc7ebba8e6,True
1730830251.959502,39fdf1365a41076ddf5e9946a0c56c4e01b77897b5708f29f3f87571290761f7,True
1730830252.2646296,c10fad3bf9d66ae21e0b1ab39cae6c93995a234ec637e6faee87845cd277d814,True
1730830252.459381,08ae1135b54180950465e9d16aed83ada726d925044639732f10e6e19fff9839,True
1730830252.666819,118d153527f085636e44c4ce7f7e14c50925fe8ddfa36283d89dd1a7882a6c97,True
1730830252.880786,1093863bd6a0311db59a467b1f9dd9a4993b94fa28ae8a2f42017f469f726bf8,True
1730830253.087037,4a2cd5e57fb0d506b71f585264f008b663495581161c7b10e070449896c0a1a9,True
1730830253.3933122,2ee24961807026f0c1bcde9632c7f0b30efc98615755e0942abc8b204ce17bb1,True
1730830253.7005887,dba5e8d2aadf5c7730c0bca25545dd4b8404b14d555bab9e72e0e4ddf4184e05,True
1730830254.0109897,044ffb4334e171ad85275b86e8b557c2835f7b65702ec5213207c25e2fa19770,True
1730830254.314504,8d4b7d3a4972ef009077751a7190658e919ac9e34ff069130b0b86abe289380c,True
1730830254.827881,e180cb350af433293eae6480f53026d0040e887ab69597fa4216be71d0a02131,True
1730830255.134404,13c8752cae99b952037f9ebf77fadfb6385423057ebd3edda48e02b592522f00,True
1730830255.3538039,3e8b7a70e57046526d02272a56d44d263e2e5e99220b7b682538e4d3682e0132,True
1730830255.5542448,680009d88c27261f7e6ba526cc9acd61557027ffd4a103bfbecea92fafb9c616,True
1730830255.7488863,33e632ab1ebaf041cd51fac0a934fa5d4340fb947bf471476604db7be2307184,True
1730830256.065787,fb307ca3576b8786092a7c601f36e0782fd8a40d16f4197368df3d497e990184,True
1730830256.3668535,37e88bb5831ea92b7f6f5177131dff8ec83b0417a12689c5b5253d47209e8620,True
1730830256.6702151,e79baee58173f76ee14133b1e5e0dadeaa0197ab806674a85770d5713c823d6c,True
1730830256.982099,9e5ba8d02be2c53ee404d50a6711a9525e42286e86a475615fd6bbc6f1328d4d,False
1730830257.284981,c5f2fcf477f074a1accaff829f3ffbbc64495b4de0f788e7298baffd9142b9b8,True
1730830257.5961373,813ad1d0e491dc4e3d55ab57c438bc7ebc00fc5b2b053bce444831215afe0b4c,False
1730830257.9032414,cbcb14ab14fb2dbc3345baffd2bb293b09eb459393aac51d859256540b4bb266,True
1730830258.2072124,6eeec489c4919ebed091743e76b06962ba79069254652c2fa114b1a1be3e994e,True
1730830258.5218809,4b5f98061f54abb97205e667cbd6efb6a855cac4047fad97546079ef83884d23,True
1730830258.7357726,5aed41866fd9297a5767e81c3775e5c7ca3979a78df2309769b56f72f5257ce9,True
1730830258.9248986,cacaf83658bd5f43e2689c1514e14442f3f303d5a707e57e893fa3246d6b9b95,True
1730830259.2349017,ae207cbe431f86e23f32380e702ad51e4ada9e5b7296e218300730e0e68bad0c,True
1730830322.548179,b35427ab1b9c2a97ec3a9168e9c4ee7b6304a291c8ac25c8bbbb9e8ce5c2d574,True
1730830322.819968,f8f5374fbc39b0955f7a58dbe6f669fd6466af4deeb0ba51a5c57ea09c763e89,True
1730830323.127415,e2811a67181b399dfe65f16f4b26489452e5d3ac367308e99cfb1a554942c28f,True
1730830323.4424632,5d4697753486184ea284ac842db784dd4d85462e288ab5d65085ef7a87798bea,True
1730830323.6589746,8adc267110b988eafeda96f59c8f57b0b6571b491e8b74f8f7ef9b7d8bedc220,True
1730830323.9445689,8a30017ec87951a6d8cb8e262f9ceb94f9efad703ecd753dcfdc257381d58643,True
1730830324.1603534,33845f2161785646364bbd674c9d56078c88f601fdc0e6a4e0110ece27fb61d2,True
1730830324.3529992,45e1b64e7bd4fdc6f85e1b6baf03d300974e07cd032a25a28dd0e6ce76efdc41,True
1730830324.6632824,d4d5f9601d4cedd5062ed5c05badd14d45e3e10c016b13a887212e3cf29c9e3a,True
1730830324.972035,6cde3b658842def07f7f02840e8c7fd910ffadcbb8924015da8322fb0d57da17,True
1730830325.279374,885d3bb50008c74f9ca88ca325fc109678b1e3dc5dcc601335f6e36a2a46d954,True
1730830325.487185,514093fe1828df0560aff60d97ac968fd0006540734a8ceeaa7dde385f8830ae,True
1730830325.6829977,cff5f60aa1514489a3fe1cac31fa8e400fedf4c07dbc815f4f7a8793ff986ddb,True
1730830326.1996756,01408140fa6be107a0e6843d0bc1f67027962fb982f0dfb253dffd029ff2bbbb,True
1730830326.5116127,998d2b30ed4b5d45fd599704e322ceadb36f31d7713dd96263a4ce024b01054e,True
1730830326.8217146,f825f7f9151d7b51361bd646720926dc6eeaaa87612d03967a85464d8bb1e6e3,True
1730830327.125354,78f9194afdf43a72e1f5970938ca5cbc76b4b5b1b76cbe8f7cdaacccf2830e82,True
1730830327.4275804,2e554fe37a0a41daed8eb4913f06a043c876d38626ef1dc4ff9936b0c047522c,True
1730830327.7386801,b3ed4530b891b12f90fe1515d0cedf9d384e1d3a0b79968a5f6d781e72e773a8,True
1730830328.0425308,2dd0750466e92c6ba95c42ae74442060d5cb0d0818dd3b594f446a8721631ccb,True
1730830328.352984,c49a8b456b471100e6a5490b202c429a160c8888b70ff9dcd84c0b9fb04ce97d,True
1730830328.6593175,4bc90ff5c72a7c007e38bf0e9ee6c43b1ef9c9d65cbf010f8ad1fe2904fdce1f,True
1730830328.8674998,a76dff9d89d44be49136baaa7090e4a35abca40eeb6a65d3c15006bf8ecb53cd,True
1730830329.1776593,b3cbd7ea2a2d65f50a83455c6563e1587f2af57763c15a69df70a56cf6818fbe,True
1730830329.4076152,8fbf8a50ff065a83cc92b7cb940ccda4257d99538db6cdc2c848b37ea0e20e48,True
1730830329.6809108,e0db3455f2a0e4bbe5f683a5b45ad5dd5d8cc05f61cf4bc1fb9cfd81a8896347,True
1730830329.921559,eeca7fb83248ff53ffa65038bb3509b33533a05ed660992a3b9b95a17c03e28d,True
1730830330.1999736,3f9aec6698b4baf8dd89389a40c0c66c93522fa1b277b6dde4ae1d66be9865b7,True
1730830330.501187,85045274b39c82e9ed6d0bcb30a47a7a15712a62a696501b1e6d19851127aff6,True
1730830330.7718723,42cf9ad88666edead81518b4cde68c2ce9f7d1eeacae66068dde8fdfed70fbd4,True
1730830331.0194042,da706c2f134607b184c61517afab3f8e11233ed5ea49a4fb1d3ca1ebb34de952,True
1730830331.3198314,c718990f48b77635398a993e896c6c4b5d06aad3acad0b9889bd82187f541d99,True
1730830331.531553,aa922616d6f56acc57f9f0501677575409437a2b14b804af4d9a1dd278dd124d,True
1730830331.733809,d2f500844be88ca082c5132c98378c92ed863a1dec882b4d97e1f1bdefe7e6b5,True
1730830331.9341404,2c4b6e9057f712c796854c38cf61dd60d9aedbf715c67ffc64168f06ebcee848,True
1730830332.2449062,02ed98c2dbd8921018197d4f2e79981ac695d54bf5898b112cfdb035858a5f93,True
1730830332.552513,55c9f516191eba73f78c20adda02c4fd505aea203532c15895ad47a48911bc5c,True
1730830332.753819,055da5e10bf32629d31b03bf1b4df60027dae00de3dfba1ed8669e40ca2dc2a9,True
1730830333.0677412,899b9eeb0f8820b43327b86865cb67df1ecf2155083494efff4bde4b3c46eceb,True
1730830333.3668745,0b6f902a7ed97b33bae539f49464b85f6eb41790254fd12527a90a3f158d2c44,True
1730830333.6759143,eb29ebf0321ade8cc5c196e760db239b60a37a04737c3cc375e658a997d12195,True
1730830333.9844012,26f63c594c7754f41d585955427993295013feeed2b507744208e4230dd8feeb,True
1730830334.194226,b4fe2227586ebdc89d1694a0eeaa55c56331b4edd41789301dc5156fd04050c9,True
1730830334.5004268,555b9a5ee98ade43a559ed5e710b588f8cd8caf7cb045bc401969a1ee4b4c0ae,True
1730830334.801844,bb7e324c6f42675342491a78e80444bf0fb92ffd8147a78b28d12ff79df76146,True
1730830335.0196,4b12977e7defd44017670477ec69dc00421ba64b1bf7be247dfc89ddf9db2cff,True
1730830335.318423,da53a99ccaf832b3f3985e576158015bc6729b0a083c5d202316f2d8c18f2136,True
1730830335.620192,40e403a0f714f1d4052e635b8ac2e33ed21546e55191f316bdfb0c808b1c04d5,True
1730830335.9325519,91faa75be5fedf6252f01e5f25de5ee60dbc9106c094131d2b042448fd1451db,True
1730830336.2361736,02b31caa676b296f14a0790ab5759e4525b8a058a2efd61c990907d861179d08,True
1730830336.645394,b8f3e6389420b4254e6bac2490fda1ca6b20b6eed756561f4532642243ad87e8,True
1730830336.9553587,7e3a9507e2130993d7555f9d46ba5d05dae936e01ddfaa4efa79d26b924ff469,True
1730830337.2579927,288922cf02d1d10b0956e3772701b0ea325a16aacebcabec9b174faf9fdcfaaf,True
1730830337.5722337,db29f0ea165203c904ac946d6e59836e526ae306ea3f458dde8b83f11381a072,True
1730830337.8746395,ea6e6e98e1a11361926bd20fefa4fdb387368775fd595d0d8ff775830a59a13a,True
1730830338.1156707,d07e1eb5b89c2e10a2f17a6c8e5e46a6e1f7b60e59b2e7996a2c595b4b7305df,True
1730830338.388426,862c2771d8a3b4bb585129e706627eea1244d4fcb1a83fc469f931c7d289f72c,True
1730830338.6951897,6cfd23ac81c04344900853862972c136884fb06986e7437dc9874241d07555fb,True
1730830338.8994892,f9cbf13bd582a67459e7b333dd8d108fd65ab963cc4b40190d490d4f48de5cff,True
1730830339.2137942,e1b7012b3438422946f79087a1989626f4f57b4cf365b28c355c8ad1eb1d376f,True
1730830339.5122051,a89bc38d5471f604b530a2c74ec6fc9a0a8200af73f6fb5a4c4fc17e5eb0d378,True
1730830339.8234978,cf89391775f72f40aebf3412a668c2d47f6e341a5aa9c7f03fecaae48eae2f6e,True
1730830340.0091321,320be8ef035d0c7f673a5d4deb3ae36121ec23461d8affa71aabf76c646de5db,True
1730830340.2280312,3c9448ecdb398cd7b8bf123a5373e847c70a6a2e630bdb50d525259d7d93b106,True
1730830340.541851,e581ede0ea659b155d52ce105795b89c7f2acfc0a6161d523b05126310acb1d6,True
1730830340.847407,71cbf2f38944d2000f03c69cc9f22f91393a266e5f59827736ed2b5be3b41429,True
1730830341.1497343,1807a3d8b6b199e355bca960eeb50c2b648d1d22fe72e297ce7d779b08178ba3,True
1730830341.3571444,c9b914a1b6288a41f6259541fe5ad8fb8757533e986f45831cc159d46ba8d1d2,True
1730830341.662718,40b8d5669b22fc677683a65c72b5dc17bf5677714238e094e8998932ac07d382,True
1730830341.9735758,6566fcdd9ec57dd482c355e1b5c6560b01877c66b344c760303fe19accc922bb,True
1730830342.2757792,4177e27f80aac72df4ad448753a17a50ae19fed4c1b6ee0443a5b6414d18a12b,True
1730830342.5867,7a7ee6a02cf88e5c01204db4bacdf115e49d6f6cd9b716cd55be27ad2871d5ce,True
1730830342.7874074,a91f21526872b4b50632f46771ea55ca0b6396f207e3ebd6ac540f414a6f01bb,True
1730830343.2826626,72f25ced3a2a925907360a33c9b2169c221df8f666b09be092be46a3541c29ef,True
1730830343.4916568,3ac6c71d061dab83cfeb429be9d2b5e9c16341a039783d6993597ad03aec469e,True
1730830343.7112215,b2fe97e445980d6ca552877a6a7f50d38a0fb489908630dc697391d891de76bc,True
1730830343.9052427,26fb3185eb82174678e19f27ee8437288d51d5d77b6ee3a3e432030fe874025c,True
1730830344.122242,27d64660ec4c1172b3dcfa1f78af6c37824cc94455df4d4073f0b34fc8cd507e,True
1730830344.3345199,179e464f241f57ca7c83237a7274094a38c053ce30e8072f9bb28f7f4f09df53,True
1730830344.5330029,c830750074b63a95f861df0c63d67ff0216d7c27ecdecd3055b6461a50744d12,True
1730830344.9739306,74e0a38eb6b66da249c460985c8a9dfd36a929c01f62fbf3214873b095a9f840,True
1730830345.0229723,a8fe621c3a237f020bd1bf4981e832617c8a7eb23e424df54ee6bcace72acea4,True
1730830345.2767475,61c0bdbe1ea8b9a67c38efdcaca9669cb904fe9f8b16a0e8663a54728bb1bf72,True
1730830345.27806,e010394e56e551ecb2f8a9411cf8d53c59d48363f8f6c1ea0054e77446b0111f,True
1730830345.5846477,74e0a38eb6b66da249c460985c8a9dfd36a929c01f62fbf3214873b095a9f840,True
1730830345.7911165,afe9751e6ecb90f63df69693ff2bae67f33a75dc7d91fffb121a1335894f1e03,True
1730830345.8293862,e010394e56e551ecb2f8a9411cf8d53c59d48363f8f6c1ea0054e77446b0111f,True
1730830346.0301168,afe9751e6ecb90f63df69693ff2bae67f33a75dc7d91fffb121a1335894f1e03,True
1730830346.0312853,21bccfaa9baa7f53b99b92ddf67f8656ef5411cf2ad8a2be9b652f3e57f7e46e,True
1730830346.2508106,98ca1e20011fbbaaaa9b26bea2e17de1a51622cd6fdbb6b7fd780d33e5ecd181,True
1730830346.2519379,21bccfaa9baa7f53b99b92ddf67f8656ef5411cf2ad8a2be9b652f3e57f7e46e,True
1730830346.4683661,98ca1e20011fbbaaaa9b26bea2e17de1a51622cd6fdbb6b7fd780d33e5ecd181,True
1730830346.6903732,2f8ebfac27a2e366c4f8f718e9eed1778ce1bb2b79c3760d2e824c3684326861,True
1730830346.7335172,2f8ebfac27a2e366c4f8f718e9eed1778ce1bb2b79c3760d2e824c3684326861,True
1730830346.9057415,a9b7e350876c6165b7956cd29ef1c99555a7219654d08b7c4f0dc429167a0d97,True
1730830346.9492657,a9b7e350876c6165b7956cd29ef1c99555a7219654d08b7c4f0dc429167a0d97,True
1730830347.2252991,412e5917e57d2f72a64d112e82a1c11d6dd5824f8a6ff7c3586ce886190e7baa,True
1730830347.2263453,412e5917e57d2f72a64d112e82a1c11d6dd5824f8a6ff7c3586ce886190e7baa,True
1730830347.4485457,1591cb0b9c06c0a7b99c6a1d29e1f3ba622d4874e2c96f19d12e9f8ccffd2b86,True
1730830347.4494357,1591cb0b9c06c0a7b99c6a1d29e1f3ba622d4874e2c96f19d12e9f8ccffd2b86,True
1730830347.6721869,489417f0200bba4d8b060fd7d41bb8cc6f483af6c6f51e49426a45a7ca710a54,True
1730830347.6938453,489417f0200bba4d8b060fd7d41bb8cc6f483af6c6f51e49426a45a7ca710a54,True
1730830347.9119027,8370cda3bc9a9bbac55d8a863c3c3f665ce84146b684dea209a3f25231151957,True
1730830347.91323,8370cda3bc9a9bbac55d8a863c3c3f665ce84146b684dea209a3f25231151957,True
1730830348.2294478,37649f2250ece2ee416bffa4c0a61bc333fa09a33d14a38c80ce249e12a129c5,True
1730830348.2310257,37649f2250ece2ee416bffa4c0a61bc333fa09a33d14a38c80ce249e12a129c5,True
1730830348.5352075,baf4efbc2ae63bd00286d9d961d9ad4eae81464ff390f54cb1c7f8d9fb6e2a9e,True
1730830348.5359712,baf4efbc2ae63bd00286d9d961d9ad4eae81464ff390f54cb1c7f8d9fb6e2a9e,True
1730830348.8358464,c5bed562c71914c41a8688cf8043a5a8801d313ee3e56b0d6da1fd19e9403e1f,True
1730830348.837106,c5bed562c71914c41a8688cf8043a5a8801d313ee3e56b0d6da1fd19e9403e1f,True
1730830349.1454134,5e253265297c31b768e4d21f9db73d8ff73099307e2d57460ad348347f847fd7,True
1730830349.146524,5e253265297c31b768e4d21f9db73d8ff73099307e2d57460ad348347f847fd7,True
1730830349.4477296,17685944d96173ecbdc4eaf9642163828215f69bedc1bd10d9cddf1923c382ec,True
1730830349.4488304,17685944d96173ecbdc4eaf9642163828215f69bedc1bd10d9cddf1923c382ec,True
1730830349.7558749,c0311a8df204df43a6b7aeea4b656a1a0470794d51e8296d13eca530ac488cff,True
1730830349.7600234,27d64660ec4c1172b3dcfa1f78af6c37824cc94455df4d4073f0b34fc8cd507e,True
1730830350.0606055,4d7b790c28261dcfcaf4ecee6091c780270b7c08ef324943f1e3870aacc398d6,True
1730830350.061406,c0311a8df204df43a6b7aeea4b656a1a0470794d51e8296d13eca530ac488cff,True
1730830350.2666235,4d7b790c28261dcfcaf4ecee6091c780270b7c08ef324943f1e3870aacc398d6,True
1730830350.2679164,649b57b751a5c4e9bd3d11453f33f714be19d4c3d920210d90cef9cfef4686a5,True
1730830350.4770873,179e464f241f57ca7c83237a7274094a38c053ce30e8072f9bb28f7f4f09df53,True
1730830350.6698036,c830750074b63a95f861df0c63d67ff0216d7c27ecdecd3055b6461a50744d12,True
1730830350.9055772,649b57b751a5c4e9bd3d11453f33f714be19d4c3d920210d90cef9cfef4686a5,True
1730830351.1186695,a8fe621c3a237f020bd1bf4981e832617c8a7eb23e424df54ee6bcace72acea4,True
1730830351.2902343,8664afbc75eeb328fe040a0ab9ecf1637df461ad610d6b7fc19a77b07dcf23aa,True
1730830351.3102891,61c0bdbe1ea8b9a67c38efdcaca9669cb904fe9f8b16a0e8663a54728bb1bf72,True
1730830351.597635,84471140606b0ae5ab034eb7e4a52d2b432c637ed1e34a712d27b0250dfcc755,True
1730830351.8282046,39208261c07f18412fde3fc3589256278794d8734760a08f95a2015cbb6e81bc,True
1730830352.1392133,729c429a5b2614efe511e29caee024873aa16e14258e8367309146628e37e27f,True
1730830352.140372,84471140606b0ae5ab034eb7e4a52d2b432c637ed1e34a712d27b0250dfcc755,True
1730830352.4435632,39208261c07f18412fde3fc3589256278794d8734760a08f95a2015cbb6e81bc,True
1730830352.754488,54bc25e71ca0f50b23cde1dccfb050c7c5c26f5c76868728ce1536800deccd87,True
1730830352.7556283,729c429a5b2614efe511e29caee024873aa16e14258e8367309146628e37e27f,True
1730830353.0574696,dab16fda105ae11de601e4ced6d58ad60d6741caa6d5dc9da665d944c1e971eb,True
1730830353.3761518,54bc25e71ca0f50b23cde1dccfb050c7c5c26f5c76868728ce1536800deccd87,True
1730830353.3775437,a690cc41ca7c4ce8da9e70c468286ade309bf1bb4081c848bf62e392181f65c6,True
1730830353.6732051,dab16fda105ae11de601e4ced6d58ad60d6741caa6d5dc9da665d944c1e971eb,True
1730830353.6746132,7e0950e4c04ff260d46163d1e75fbfad1f862dd8b8d23efd66449d6a471402c4,True
1730830353.9829168,a690cc41ca7c4ce8da9e70c468286ade309bf1bb4081c848bf62e392181f65c6,True
1730830353.9839463,055ebc16a0f6ecc83e2b580d34e3d71b251d545c2865270883455ef43eb4fe0f,True
1730830354.2876928,f0e12fa409207ff56e33b86d2cb2ba4b24a0b4ca862501772f4ee184ebde2d61,True
1730830354.2902718,7e0950e4c04ff260d46163d1e75fbfad1f862dd8b8d23efd66449d6a471402c4,True
1730830354.665625,055ebc16a0f6ecc83e2b580d34e3d71b251d545c2865270883455ef43eb4fe0f,True
1730830354.6674407,8071050d465ceb476b7eb633fcc46d05e62799522ba78cbee3e45d0e6b630a4e,True
1730830354.8732138,f0e12fa409207ff56e33b86d2cb2ba4b24a0b4ca862501772f4ee184ebde2d61,True
1730830354.906183,1f6f51ffd6301f56b2a4c252531dea9aa039ab7c921f567e72704ff9e3896ced,True
1730830355.1795344,8071050d465ceb476b7eb633fcc46d05e62799522ba78cbee3e45d0e6b630a4e,True
1730830355.1851978,bb8705b366f4511a94ff8ff9b3bc17f9e1fe88038d28993859882701f4dc698b,True
1730830355.3853643,f12d9ecf2d764e5975ce31c3d5bdc03dfbdcfb9a8d1ce28fa6b066788e3c0f0e,True
1730830355.3944187,1f6f51ffd6301f56b2a4c252531dea9aa039ab7c921f567e72704ff9e3896ced,True
1730830355.827478,06d5e03e5d617eccfde8c41afaf58d4980f822dd12c4a72a9e785d7e77e218de,True
1730830355.8730798,bb8705b366f4511a94ff8ff9b3bc17f9e1fe88038d28993859882701f4dc698b,True
1730830356.1343904,f12d9ecf2d764e5975ce31c3d5bdc03dfbdcfb9a8d1ce28fa6b066788e3c0f0e,True
1730830356.1369529,808c05687a4c6786574a93186d522bc03cfde8da98e6c292e76e4d1e27c4cbc0,True
1730830356.44152,06d5e03e5d617eccfde8c41afaf58d4980f822dd12c4a72a9e785d7e77e218de,True
1730830356.4429386,f294b2f0f2237f079863573e2a91b4649495f584ef14548d3b0eb081278de417,True
1730830356.7199302,e5abe0ce4a8c5ed769dba406dbe2de16e837147ecf9d2f4ea6a06666eceda05e,True
1730830356.7226408,808c05687a4c6786574a93186d522bc03cfde8da98e6c292e76e4d1e27c4cbc0,True
1730830356.9929693,f294b2f0f2237f079863573e2a91b4649495f584ef14548d3b0eb081278de417,True
1730830356.99401,e1b0d103398d1062efef3c4747b8eec0eecac1259b9dfb428e8f7b57abdebbce,True
1730830357.1724315,e5abe0ce4a8c5ed769dba406dbe2de16e837147ecf9d2f4ea6a06666eceda05e,True
1730830357.198862,1eee70c61cacca687178ba2496f84fb5c7a9dae89340ec2312b983acbcd21177,True
1730830357.536195,e1b0d103398d1062efef3c4747b8eec0eecac1259b9dfb428e8f7b57abdebbce,True
1730830357.5370853,855860fb683d4a8b8d5e02f230c9da0b027f2721f4fb64299fde23abade78006,True
1730830357.8587797,c1d653635eb8acf3402f0579eff4bef560aa046cecec970bb332e5cfeabb9c23,True
1730830357.860351,1eee70c61cacca687178ba2496f84fb5c7a9dae89340ec2312b983acbcd21177,True
1730830358.1495645,26700505f538b8e7dc341a7255f1eab067ce0bf6b4b3f0362d4ec7eccefb7c23,True
1730830358.1506226,855860fb683d4a8b8d5e02f230c9da0b027f2721f4fb64299fde23abade78006,True
1730830358.456831,46740bbb9232b8b7de7dbfe8971577cc14dbe5a266ffea7666fe49aa1ca496a0,True
1730830358.459161,c1d653635eb8acf3402f0579eff4bef560aa046cecec970bb332e5cfeabb9c23,True
1730830358.7639658,26700505f538b8e7dc341a7255f1eab067ce0bf6b4b3f0362d4ec7eccefb7c23,True
1730830358.767435,84a4cfe2155295508b8c64f4b1b5cd6a75e7353bfce3c87f87be46088c9c8da7,True
1730830359.072661,d856f5693c7d1a033606fb0c98d6dffa7b7db5fe666bc46fe63c52d5ef8655de,True
1730830359.074579,46740bbb9232b8b7de7dbfe8971577cc14dbe5a266ffea7666fe49aa1ca496a0,True
1730830359.2778826,e79f6d6a2d5609c2a04e517d6f55d720054201d05b068413e250ab41b0fd6b82,True
1730830359.2835803,84a4cfe2155295508b8c64f4b1b5cd6a75e7353bfce3c87f87be46088c9c8da7,True
1730830359.586186,d856f5693c7d1a033606fb0c98d6dffa7b7db5fe666bc46fe63c52d5ef8655de,True
1730830359.590349,64ab4edb64ade6c133df9ce2654df44c2dbf11237e1b64140fe5316a223ad330,True
1730830359.8914819,e79f6d6a2d5609c2a04e517d6f55d720054201d05b068413e250ab41b0fd6b82,True
1730830359.8929288,06b7ec99448eba9bbf9e26f191edd0c3597d40a2812a40580f9d4320e019d95e,True
1730830360.1213684,22231dff58fd188e7b2ab2f57490e0916c338736ea810132876a3217ba52e4ba,True
1730830360.122396,64ab4edb64ade6c133df9ce2654df44c2dbf11237e1b64140fe5316a223ad330,True
1730830360.3210557,06b7ec99448eba9bbf9e26f191edd0c3597d40a2812a40580f9d4320e019d95e,True
1730830360.6084225,c8abaa958810fc589943c5cc7b0750d41c1d00b0ccf43de3bd8f026af6e7e907,True
1730830360.6108224,22231dff58fd188e7b2ab2f57490e0916c338736ea810132876a3217ba52e4ba,True
1730830360.8158991,c8abaa958810fc589943c5cc7b0750d41c1d00b0ccf43de3bd8f026af6e7e907,True
1730830360.8172834,d68980b6e1a94534c695430c4ceb15795f4faba994769d17c8cd560ffacf108c,True
1730830361.12053,d68980b6e1a94534c695430c4ceb15795f4faba994769d17c8cd560ffacf108c,True
1730830361.1214328,0ae315fd0d9df09cbdae03e6f034dc4ce420917d7326eba87d8438ad71ce2a25,True
1730830361.4264643,0ae315fd0d9df09cbdae03e6f034dc4ce420917d7326eba87d8438ad71ce2a25,True
1730830361.4307852,5a3eebff5c06fe51c67b96f5fede9341538134ae8b289d2b0e8bc11644a1ca41,True
1730830361.736018,d5e3223c7578f3e0012d8796c04e109b7669eac29bb5898a8c06567fdbf6c78a,True
1730830361.7420316,5a3eebff5c06fe51c67b96f5fede9341538134ae8b289d2b0e8bc11644a1ca41,True
1730830362.0463855,86a19e1fb97cb695f622f11e1aba44ca061210f426961e82cddd456c8c270444,True
1730830362.0478497,d5e3223c7578f3e0012d8796c04e109b7669eac29bb5898a8c06567fdbf6c78a,True
1730830362.349828,5e2284b01e44dee8e15ac79d62fe99b7bfed33eed79443b968af1661e80fc221,True
1730830362.3508265,86a19e1fb97cb695f622f11e1aba44ca061210f426961e82cddd456c8c270444,True
1730830362.6673355,cd8633ceec602e0bd6163865409df210f0cdd8ba914696957887533493bff4f8,True
1730830362.66817,5e2284b01e44dee8e15ac79d62fe99b7bfed33eed79443b968af1661e80fc221,True
1730830362.9631314,cd8633ceec602e0bd6163865409df210f0cdd8ba914696957887533493bff4f8,True
1730830362.9640908,1114593a6afa81ee493c0d84f3a86e6fc749fcf7024a49f928811c6ea76ad255,True
1730830363.1708028,1114593a6afa81ee493c0d84f3a86e6fc749fcf7024a49f928811c6ea76ad255,True
1730830363.1718326,f01330c4dc5d259579a83ee3a9302784cb2192722d020ff84ef17d8d00f7f72e,True
1730830363.3721428,f01330c4dc5d259579a83ee3a9302784cb2192722d020ff84ef17d8d00f7f72e,True
1730830363.374849,ca24de8c882fc96f6752f12d9c6cc1ad1d1ec0d087a03c1cea4ecf67c7d54d91,True
1730830363.5778353,ca24de8c882fc96f6752f12d9c6cc1ad1d1ec0d087a03c1cea4ecf67c7d54d91,True
1730830363.5874865,21088af29a57baf5c8c19f2d74fccdb739faf60bb0e2318e20d4905bdd51cf0b,True
1730830363.8879077,21088af29a57baf5c8c19f2d74fccdb739faf60bb0e2318e20d4905bdd51cf0b,True
1730830363.8891213,82fe9685c07597128bd0620c3d49bd3d27cd4b145608cd78c59d370683f29d84,True
1730830364.1980853,82fe9685c07597128bd0620c3d49bd3d27cd4b145608cd78c59d370683f29d84,True
1730830364.2004862,bc519e45b0188695035a970b0d7f6e71e3d4e7e6f154165fe83d1f199d6a1ebf,True
1730830364.5062265,bc519e45b0188695035a970b0d7f6e71e3d4e7e6f154165fe83d1f199d6a1ebf,True
1730830364.5075321,7179f58deb44c02b1b0cdf98232f412bce69bb0479de70392e175ddbb8823236,True
1730830364.805534,fa6390884233eb94f5372f61b4017b2b28c1a6eb016e8bc2659fb5225c327f35,True
1730830364.8089778,7179f58deb44c02b1b0cdf98232f412bce69bb0479de70392e175ddbb8823236,True
1730830364.9933567,fa6390884233eb94f5372f61b4017b2b28c1a6eb016e8bc2659fb5225c327f35,True
1730830365.0214899,f355315b4a565b0e3963211cdd4aa8356782aeead9b6d87125d314b88d2c6be1,True
1730830365.2175114,f355315b4a565b0e3963211cdd4aa8356782aeead9b6d87125d314b88d2c6be1,True
1730830365.2206118,2d799340b1de38f12e55244bc5c52ecfcc12ac1409846345994284a7cc6a4517,True
1730830365.525086,2d799340b1de38f12e55244bc5c52ecfcc12ac1409846345994284a7cc6a4517,True
1730830365.52606,9ddbdd85367b2fb5b7ac21c9cd7c7d5ca51a026b1e4ef9af96cc5d7c116b2806,True
1730830365.708503,9ddbdd85367b2fb5b7ac21c9cd7c7d5ca51a026b1e4ef9af96cc5d7c116b2806,True
1730830365.7236073,a907dd705ff3fd52bfd98be7973b660127dab9b97a6cf72ec5521f8428987324,True
1730830365.917714,a907dd705ff3fd52bfd98be7973b660127dab9b97a6cf72ec5521f8428987324,True
1730830365.9331746,380840fb91bc6f7f27f2fda2824c002e906c05fedd2460e327d3091b47cdb05f,True
1730830366.1154425,380840fb91bc6f7f27f2fda2824c002e906c05fedd2460e327d3091b47cdb05f,True
1730830366.1369853,a829d8a3aecdc8f9aca3611410768de47ad794f9a2cb217c3915a689d3bda598,True
1730830366.3409111,a829d8a3aecdc8f9aca3611410768de47ad794f9a2cb217c3915a689d3bda598,True
1730830366.3457808,00848dba1a564e2d7939789ad27f3d3daa49e1bbdaf827f234cca2c8f7228e21,True
1730830366.5458722,dd416bb539fcde41410ae90fe31f9156dd56e687f767a9c41e3910509d87bc35,True
1730830366.5500207,00848dba1a564e2d7939789ad27f3d3daa49e1bbdaf827f234cca2c8f7228e21,True
1730830366.7460515,dd416bb539fcde41410ae90fe31f9156dd56e687f767a9c41e3910509d87bc35,True
1730830366.7574275,4c0673b77b8649e55a3882ead894c0aee339385417cd70cef2936c6466935b80,True
1730830366.937801,4c0673b77b8649e55a3882ead894c0aee339385417cd70cef2936c6466935b80,True
1730830368.622831,b885a434674a9011c62f11b57b9b87861fdbdcc550547864e15cc0e3f57e4981,True
1730830368.9316654,5f844d30f809b13499debf2a5bcdc1b2773eaa3ed43b399f28ee70762bdf3052,True
1730830369.2406702,31fff05580013b00f3fc19fdd5b2cf1f6106539304b08fc06383bbb42727cce8,True
1730830369.5437403,e2f937ea5cdd4eca4bc77e6040292cb1d06fa241fd3b5f1275ced2163ce7508c,True
1730830369.7458239,cafa94879eac3a498e21659c221e24307516b36dc17078afa08fa45ac67c4bfe,True
1730830370.0277102,2d7330e536d17c58ca99dfb696bc9cd9096de1ebcd9e54f19bc6a379e6962eaa,True
1730830370.224179,a93a62974822ef33f28a672fd2c9409ffede1d1338508e726519c5219767fffc,True
1730830370.4397817,8dc027365e93c44afd8cc9bafb3ca0751b8b04f3b24043842e33ce207f6f5d33,True
1730830370.747878,fb091df5fb0495f974970c5e9c894bf4602eb7dc757d65f8b598e70ebb8c851c,True
1730830371.0507112,e1e61fc0b71fe2eb54fa634095b7f450592fbadca7c9fab89776467a013fda41,True
1730830371.250334,ce526e2738f6c6476931473a04d17e60a68a99f582c3694b219b9591f1294b4a,True
1730830371.4659255,332f932cdd3278e6512bb4a1ab821ef39d1ad7e00859b2e607d559632cd53c69,True
1730830371.7672355,4d3e1f79796c0ee2bc9b4a47abcc866cb639bd2a1d7aa68d936091e6a4c2cf0c,True
1730830372.0832956,afe1cdd7b13231575c92f1c769700486f45bcb0133705e033f978812ecc66f14,True
1730830372.382095,97f1e7d3aaee23a50b98f258b07e8d6cd5c6d022090bc63982c6b022d0f4c831,True
1730830372.6943917,c10790a5f65fa8aac068d4e644082fc791fe2067257eccbc914bd9ce3f295491,True
1730830372.8966677,006055e9e10ed8e099f4d7be67290ca268ee305d32d20b31a71ac53036d51202,True
1730830373.2006247,56a50151ecc32a57eaf54278a302c4c67d9bf92b7022e6a066cc81b1e10223fd,True
1730830373.5122082,1b1254319a262c06bb573ada2b5b786c4e63ecc027810f72437b50e7c80b7467,True
1730830373.8203254,a3f288f470768eaf220cb51b36a5ec25d5fb82c22d0ea6f335ac0aa146eb5da4,True
1730830374.1257226,a62c46e36de3e355ea0af5c4c7f4ae8688b5e42e53ade72ffe15aec793641631,True
1730830374.4317002,1432b378282db3d5f37a4158862332d3db57429c2c1af42902241dbc464b11e6,True
1730830374.7379808,912d7d1c5ec71fff73789a59aeb832232e72e8a2176915af60b15f71a37d1614,True
1730830375.049505,b82839082049021f34e9b4853a8ee4c89a367ad9b72e86847b53f6a371766554,True
1730830375.245356,5806b582281a315ff6289fae46d1582abcc10d5cf346319bb11e4748364c3503,True
1730830375.5622423,c2cd925d2a9c90a84cbc2b2f9788c90b7bef3a07b87985ad21ee297df83a4024,True
1730830375.867249,51b5cfd45936739426acd516e554de09174a3e196887e1f2ba545f7d680467c4,True
1730830376.074722,30de8d23b88e5bac35976db8331fc9ff7521be466fb86b13dc32b15c3ea60c89,True
1730830376.3762076,0942a96895a1118f3dce06b024c085022583aa8f88e59410ad2cba1749d7aa45,True
1730830376.6828365,53f5b28aa35d56e417e6d6dbc99430128e0cd6aea1e26470a9dfc1844ccea77c,True
1730830376.9902713,7c8fac60aa997e563e8d5ffb7eac953ada0e4a2c6e7116961c54711685f26ae8,True
1730830377.3015957,f00c8fea6cde4970de69a7b98a5094c828b51c4dafbbbc57ec5bf0c599b5c2f2,True
1730830377.636125,fcb1511ee210c8baf4ab5778d124f594666301ee92f4577f39b8e33937af2d19,True
1730830377.9181714,4c3fe7f96c4b7481e9c449739952aa4d9576630845a5fff95a29c38227439055,True
1730830378.2186472,cd9e91b5f70c1fd8b12afa25f400cd57090a94ddbc0ca5d0f41890f828b11094,True
1730830378.531708,ccb757a3ba6ab053018440bdfc3109c924fbd4f13137596e88df66c80eac870a,True
1730830378.7540522,900e4009c6b221fab50f4af15b8537501edf22e319ffffa2e32f76ca05f77118,True
1730830379.0464573,8453b4e3ce9128e44677bebc1b404608671398e52532c1ce007d67c5cff1b099,True
1730830379.250144,328ad4ff75e6c3633c32fcc5767362148dd45895a758c10d62fb01f900958319,True
1730830379.44469,e4e070ca3639eb46b69890c2b14d22c4064138e36b25c02020f42aba0f564274,True
1730830379.6556551,a60501623db5480696ad43f356d8fcc655992d6fe12d402d4ddab0614b32b076,True
1730830379.8624594,36883ab6696e32f2289f1f9afe50945bc1c78e56f1dd84921ce2ae5fb67b4a67,True
1730830380.0680146,a13a89da199b7ea05ec8a87c0c04f3492a73f35c438279615370e448d26f7852,True
1730830380.3748386,36fc28acffeba48bfa03f1c1e22d251f897381b378f4bc61e37ba58599c35b16,True
1730830380.6767118,44330d384c104f49ef7eae569043c899b3b7462ff9f3de7576b760295cd76cd1,True
1730830380.9867709,8902c33e590f20446b2542e10c58a815605856d14dc77012913ebb373dfe32a7,True
1730830381.2904189,12aaec0037f5b9b44561a059ae6d1083cc0e43b309947f7d101c5698a7f9802b,True
1730830381.608702,e13b09e970b6b13f4c03487c02ffe0922519ba829d4075081af2855904614022,True
1730830381.91351,b852ceb4aff6150af312d2dca62102c2a5234b5eef9f3953ddc936b376e18581,True
1730830382.2153335,66bf857a039dadc4fa91c278ff37bd6458ff072cd2d40b3c7c48bdcbdefeb351,True
1730830382.4182928,a1e543a33994da3595bea5c1493f8df9f0b48032e1ac35312f4233971f080001,True
1730830382.731137,5899f0752d808475d81615eb1d186f42d7c98dc6dcba9895f8d8e467e29920f1,True
1730830383.0317764,046e853ab9b7613af37f3fc0f087210f727c1b6e5742d598141328176b17aa05,True
1730830383.3422737,dc224d894b92437edc16644402b6fef6ce62995be72137772e010c47c5058ef3,True
1730830383.6557028,837b4f4bd9aeee27a7698d4b280cbce7b2df9dda5ab1891531f83c7b305084aa,True
1730830383.955121,9e1ec4f1624f22084f872b18ff3567f708679c00081827799766cb657e7e6365,True
1730830384.2613502,317b0c4df40567367666c699c5ca9eff2e26003e17f9dec5129d45289a514b71,True
1730830384.5375936,f9dcc4e3d4c312fa78aff98272f664908defe78f098768474b4f83fe78825342,True
1730830384.7761743,910fbe087dcde009e2caa13b5fdd21fa5f626230de3f1c45bb7ec72e39204db3,True
1730830385.079469,5db6078af9bea6cf69b8857d82c9b5eb58a56a9b84a74ebb1142a585483c6abc,True
1730830385.3854241,352f4579998044143879798bd8e05253de02fc6941342488cc7662b219a65d98,True
1730830385.5948572,7a22ffd2f342534d78305b46d75b0b491319f33f37e41a523ca34d31641adc2a,True
1730830385.9035344,39e39ff972ef56ea0b55c6a943b285ed1363d2d7030d2a2536f3fdc2aeaae7ef,True
1730830386.2157977,bb0fdbb3458f97e1e55bfb18680d9270f80160884fa37f96a41016e1520c9274,True
1730830386.5175843,0312d6aa2303be0757caa717cde29ad5095546e5bba830d4a2d47eaf5bd3aa85,True
1730830386.7516572,f1f2292b9760949dee80222174248c2545cd96e3153f848638a66a156607296a,True
1730830387.0272028,fb06896d762be2b0061ddb3deb71e8ecf2b6f5c93fb87cb27addf0f8a89a7948,True
1730830387.3402774,984c22f484c4b0d903d92be15aa4c84ae393d308fbb11418d831a9952dd365ae,True
1730830387.6462808,4a8a167a45ef173482df22e285337767504ae4712c1611c799cb24a822e3e666,True
1730830387.8579128,2275295b10c92649f63e015f81179a2528d6da0b159af43d15e1303dba3109db,True
1730830388.1571405,d26c04fb142902e394e8589a6c062173eea38391f1262c0df4d07f3333d2a354,True
1730830388.4659097,22b957f14585f9137243e843e903c66d0583577967c509cb1cae871480d504d8,True
1730830388.7692032,f67a2ccd90211d6de23d4601ee46b945e614c769451acd8acfdd1d8051245312,True
1730830389.0788646,ffe63dbe197662723201d84ebfd813ae88a3a5001398e4004393807c60020e25,True
1730830389.3749182,f52863e475e572e10ef60c8adac188d32b1ab1babe9e02276b2ad98f1636867d,True
1730830389.5898607,2b415c1bdb6e05e978678ea658edc9bddb218cc882e23c597ef2a9aeba8f44bf,True
1730830389.8971212,3f909705a22c50e8725e75aab67bc403be6443cdff56cef8fe227dc82c02fb8b,True
1730830390.2003157,bbdaf4a4ecd865968551cf71b5feeaed68007fcd4b4285763389a47180019fd0,True
1730830390.512966,f0320c1f2696442a858a0b495ef9d80bca45a8530b99f3fc8705fd35b1b58a5f,True
1730830390.713774,caed7384889d38655d4f4a0e545c1388e05c16b294f27c83d22f307c1157a707,True
1730830391.0200691,a353fe852d2a26095170e5565798f08c4456297346015455b31006dd2811d523,True
1730830391.2345598,7b522032483a8a145a227034cf4dc0f7909e5f4013bf4bba7b9ed0952909b418,True
1730830391.5365212,de48c5ec608f3ea2cca4235caeefefdbf8253d815527844e62e7f04eca1839cc,True
1730830391.7756226,d5e34abb2185795a6b8a0f35ad682be1e4a8bdebf984a8440b0eb11a04675f3f,True
1730830391.9684017,d60a9ccaa60500c49c83f8cee97d22007a8f0a55bda9d8f14c100b0d1dd6fa28,True
1730830392.2519357,6ee2bece71de249de27b5393eb0d6fe6e77cd0757f0e9a39f92aab5dc4e50517,True
1730830392.5611594,7cfbca7602c9042dc1dd7c9472ce0704b845f41c121a0c008a1f83fc684806e0,True
1730830392.8076894,ae1d4b2acbfdd3495f6b3b7d3a7fd8c567d518d2f417ec254bbd4a3c13edb504,True
1730830393.0448472,3a3b4a9abc9d628f442f2387635e400d7b0e04f43a7da094bfde1830d7ecb48f,True
1730830393.271324,ca198e1c46a9a216ecfa69a11681c353dc9e836e3d7c22be40464dc893b3245e,True
1730830393.4763505,c138cca08318e72afcf16240ad85f1e27e23918dc10c418259c4e49414fc3069,True
1730830393.6820245,9d45e719a88f13c9950dbbeb325d9f4c9bf3e5ee687d86c0fb9dab201593299e,True
1730830393.9911685,014798a8cc4d3e9592d775664e0f7046387df5cb6a823ed0fafaf3eec19568c6,True
1730830394.295846,7b95c6783e043da27cb20b820bd3f116dd12fb316bd8093e3f2f0f7476de6182,True
1730830394.5032387,6a222ed49d7a473624324df95ccefad4b6eef9cb0093cabf57fee3d8a9b7dda1,True
1730830394.8084676,a0062bcf11ee236695b493db8557eb58f812c21fb86c8d9577878adccb86cd08,True
1730830395.12145,0a01975456a1cbb4b769000a787e897ed4298f6710e8a16b80a898328219700a,True
1730830395.4267657,4b00d25ed3a3070ac25f6062b12e2dc568f28a9b847fcbe6a2660edc1e785547,True
1730830395.6329935,aac140022156c15aa52f954fc21ab5c063f81f9c6af993e56819d01f31bfc91c,True
1730830395.9380813,cf3f25dde100d8dd5e0adf8217ea36d42fab5c9b67449ceb020b45181026fede,True
1730830396.856146,86994bdb66a3207419e069874d71d012e0cb925c715409bed83b80a91f73bf7d,True
1730830397.0663962,bfdfdcc8bc49f60d05e9ae01af3ca4991c6c4b34d76d6735495fea01f724b075,True
1730830397.3699608,6d00261c9fcff9f5b3a0a35602001475a63c912192ebf4e9009642d164f07874,True
1730830397.6872327,77c99721be49eddb3685d246e88f8cdefbb44dd11d99972d9ad5cd4036acab60,True
1730830397.982222,93d517465d76406f654ccf6423ac3ab0dd9df2e25db0fccd5085a6d21ffca3ae,True
1730830398.3910277,ae572b7519fca923940046faa494ba36c5f17316f3602b416bcbf3cf5ba30ca4,True
1730830398.703582,631d9e292e02b44486fee468d78da7b9e1a0fec2f8252c5b046305e4576cbb0b,True
1730830399.0136356,a5fcfb874e8e2bf62a4a57d6c365e28a8d8186d40591a46cc058edf293ae415a,True
1730830399.2383988,c3a54f94fc03630c12c9a6f409e9880137b099fa4b0937cbff5419349f001da9,True
1730830399.5185542,502f479ef54cf7ad7f6ba9c9cfb2f5e597202d4b4192bbfe3575188cc15d23b9,True
1730830399.8283837,a30d41030a8320fdd0d3838e87c2820d1528915bd2a12a67d89f4bb624943b5e,True
1730830400.1321917,e224d0d283a1d03d054916494efe7f698e0362618b95f2965c90fca1be978776,True
1730830400.4457407,ea6449793ecc49c89e6d6a7af45dd4778391127fd5074909c605279987cc8b3b,True
1730830400.7491093,8662b1e545fc867dd2168adad7c0ce1a48b75dd9b4fa28b095597ea1ff8afffb,True
1730830400.9536078,eabca30dce694026c25001ae59e5692aa07c0f1a5a0d82752c59c46a579e950e,True
1730830401.2627156,feb3dc8269f4863e2700498ecec1de88dcd1b178eeff2e5d6cb65c29ff1f9f59,True
1730830401.4696348,f8c795284406e93d50ccfda573baa9a760eef795f29af44c942ef11341f42c83,True
1730830401.7916338,64f802e89da177d99f9737c07a675ca39de64d6cb35d1f636edcb10d5aab6b59,True
1730830402.0815086,8a40212b9a3daa8dc4cad367d24e72712f9c27459d0237aa440c2bc6989b3bdd,True
1730830402.3849108,aa1ccefb3cc7f64e62dfa85879723e656ca4ede90d75562071b330d98afde908,True
1730830402.7000115,b76a795280d1b5cc3847a03fcbbcd10ae672cb3395e9467449270c2b186c307c,True
1730830402.9989133,32a724740a05a4db9838e196fbd978d359bde5ad5f9f83305c99819af2b11aaf,True
1730830403.3275564,db0fa1430d32b2badbbfdb3b56c045e77c0c84bd370b1ca533b3abf812d10877,True
1730830403.5520692,84cbe2656e7b9f7d29d696bfab1f3cef2a7aa3317dddd3f9614c236b3fa86387,True
1730830403.8182752,1d31ce4eb976e0267f4b6d8df24c8dad71c1ed888c586d3b344aa92875eacee9,True
1730830404.1334746,6521bb9680a5c13cfb0d829cc5a2630a1f9e8cbf51d4bb89a703df710e58d2ec,True
1730830404.4335928,20b09ae38ae07262d43b956c2971893094bf594c9bf3b57ea94040b2fb165c8e,True
1730830404.9488976,e1b59ead1cfe69caed0ac97aaa49ce5a9247ca1d202043b8fa22d195a5d3fa9c,True
1730830405.1486144,05d1a5462017529fc7610704be21719f1bad12c097cc1f0eb325732a836d602b,True
1730830405.6668336,0527c068ab4b3f2ddf739f742977ac7771564fd99d7a4cc8b62eee2e591d53b8,True
1730830406.1776245,e4cd2db80288bff4104dad972cad72bb0df5467b216edbd8d28c0d0488fc1eb2,True
1730830406.7917974,3f09de88ca90d4e7f72e1a6033e2cacde9fd56ef076fc37e7b0a79a3f55b8402,True
1730830407.041986,4c12c3d7b542f4eb5ee7b01543951c10be1bd8fe22359390ccd2dfdd7fd56433,True
1730830407.302703,d5a0d665ae231e9533ef64bbc2ccd6cf9c0d8d1a43a450c1ba12426b3fe52d73,True
1730830407.81876,3f18a2539a9058efdeb762ee4685411ab34f40d89c5180941c28dea091a1a685,True
1730830408.119472,09a6780fba7c7579196d753afa9d644dd07fc01e113f67320862d1d3374b98d8,True
1730830408.4274554,cccff3f001bf3d8eee561cdff03c024ad34fc32c718760ff5465ba0d0765bb19,True
1730830408.7455537,40062ded2eb17c12ad47723535771754760155382c35b9fd45a5cf3c16541746,True
1730830409.0448325,f24a28c6ca76457e439017ef9a16d03b0e2317cdff14d439deba4f724af1c342,True
1730830409.3520741,97490b0720b7fa9e5212626ebb3da8042dec62dd1cf6cfd0b70253761fb01aca,True
1730830409.655145,e63427dc4409d7b6f59551b36decdfe917bdaa55868c6d9208111863c773b184,True
1730830409.8700905,1b7f2d47c9dedf4e6fa58f460dd6e736c55c1a763100d2c61201bf29fb50a9f4,True
1730830410.1713254,55ab5f4c5651cf16cf5981f5ee72500f659aa62de2a7f935f1090470ca664f93,True
1730830410.4853444,8a3ddf7c40fa8a55e2a531202c3f3c54628f6d0ddec237158474e588f929e0d5,True
1730830410.7861223,ea4d8966d624c9b22ee1358e9a5313c866c43aad4b5e11342ca8642832dabf7f,True
1730830410.9901063,5732735ad5152bc8f98f29a082a82d8491829f6e374c50b717427c8c878b2f17,True
1730830411.2413452,d49a7b5678b85fb7fbe251733c8c43661c0d1923e71abee0386221eeab07dcb3,True
1730830411.5044875,3d87288ef93e48555d00411bad7d7b31e56a72cfb6f582248e7f15af5678f73b,True
1730830411.8099165,1043411615160602a61408d43d300ca82ba755da22be6ff8c537f0ee525f276f,True
1730830412.112968,a00d8012edbba2b8b19ef163eefb90aa1b98ed19b10fd61cb33c39e98d8a19ea,True
1730830412.432586,58469ac476dc358222b18b220033303529f84859898e84b3e590a8409f22748c,True
1730830412.622512,e2d7005fdd20e9320551d346ee0659bf50ba5b41d4346113e559be814804c57b,True
1730830412.8375828,347969cf22ec5830172e3409a651670c5771bcc2c3d293f0b7f43e338a3a8329,True
1730830413.1406066,358aeff80ea9abe80ea41862688748437365bff90b7a4376d35e37de154a3758,True
1730830413.332327,f56853c3ab1d7eef3f371bbf538909e2399e342713db6ea6260d61841a7c4367,True
1730830413.649483,8c6c04bd60f3dd6d7513ee4980a369e7a69891b9c7af19a07bd134b3aa782ac5,True
1730830413.9600081,c37cc51688a1cb42dfad05e0ebc9af8834aa4531d3110c2a5dbfcb68df5036b6,True
1730830414.1668253,e2d4434958204774c6d63d4d6074a87860ce28919da30a61b3f1bf26c2661ea1,True
1730830414.4709654,5566ef9185a3db8fe3f2bfea2c7c3d242b57ae30611f89aba3a6f53b795642fc,True
1730830414.6757007,f35737db033d6777443847aeb2efbb747f467d41c3449d2d7ab7158f54c8e651,True
1730830414.982071,2d69f8f1d5887a03698a4de13d2d9b040b1d00840b739ad8366322cab0fcf88b,True
1730830415.4683669,72dd929ccf310d56fa823a50691bf1f9165b874e13f8160cb1bdad4edb6d4211,True
1730830415.6972814,75b7aa44d3b27b27880616ee8307cb4dd61596780cc27fac68bd7b7e8570665b,True
1730830416.1724122,e8739946d4cfe88022c9f96a8727e8bf958eab71a79a26e52f455aeadd58f72a,True
1730830416.414326,5473a023bc12a7e6595628e13b38f4db3c10df011bfc282e5133fa4a591bd137,True
1730830416.7217886,e950d49e9550066d2c7ac4d5ee268a958610e1131f6528c59a8eb49ea4cfd9b5,True
1730830417.0308309,85bba9cf6e591898af2470c55a97df04cb2b1558448ce12f099fb4746b6f4da1,True
1730830417.2345867,1ad563dbbfcdd9a3e6852ed5fe7adcd738cd513b5c9799757adec09eeb6fdc7c,True
1730830417.5418842,acf17351dbece0bfff62f52fc0e889ef041a80bb739c462bc13a32dd7933bb53,True
1730830417.8481905,c64e0200c0d87761085f6bfe513764b1e3bf9af2a465e8d1b67d67e6c872e2cb,True
1730830418.155507,cfa18cf187a3d643b70e12f915e6fefa8909b0040054357af8f7a09520b44c62,True
1730830418.464701,387f3324371c2c0270cf430b1a3b5241d5c8158bc921638c7ac28cfbac78d97f,True
1730830418.7703424,f6f4e75fc736027525fd75e4e0d20540f8df8a9a28b92b95c45f8518dc1c2d01,True
1730830420.2921104,dfd32aacb0dff6fcf46877fd98508fac83981e8bc1615c7d091ce975c96e0b86,True
1730830420.4978545,c92c6dd3e63c73ea1a39e2a886415dc09b3e08e969fb14a66f79a74a03de6884,True
1730830420.7175176,d400e7a9e07e174bcfd2fcb691cda7a1c6b12fa851d632dd7fb6a06afe8a4322,True
1730830420.9198208,80ff1757845a442c5c381ed351dd796b065059524921470c7cc1f5cfe514ab9b,True
1730830421.1163902,b7bdec0d2e612d5a299225c5a1adbd943fc6334bbc49f137ecf3a1b5fb129556,True
1730830421.4360814,7b6bfa7aea3c76322334261606bc3df98d826ebd6002fe628c897a983789c5cf,True
1730830421.7425566,5f62a5ee3a07895299ad7ea78d7abf9efa310acf1fcb697cb154f52336298e9a,True
1730830422.0526464,831dec8ee9bbdf1ac922bc616c31fd31977590a0c26740c19ba33f65bace7386,True
1730830422.356786,0aab00d67d4eb955b32dddba588c910c186b2a9201f57700fcacf4d050ddea72,True
1730830422.6633127,ac9e2dbc85dd527d6b459d20fddea7ddd2a31435212df6a92e807d3dde42a604,True
1730830423.070656,2c104070c9c4bbf408639e27999058d33dacb87309d7ae87b868a99682a5ce0d,True
1730830423.3801951,d6e02e19889093d3d4a8ce19f92462e6d711bdae44fc6e720a16d78b9447a4ac,True
1730830423.5828636,5151d358297cc351865e27288b506dd7b545fea1ea004b01e255802da86c8236,True
1730830423.8942218,65b5be93e4abc061c77497858fdbc0ac80fb6277cebdf32b4ec66dc1a725f5e1,True
1730830424.2036977,379a95bc0e7684d6fdd83a1b7751e1e6778584f7333a24d67f2b95f75fa4baa2,True
1730830424.5037227,ecfa9be52bd2c9474e2714206b974f2e7d2dc24b99d65fa60eee804a5b9697b6,True
1730830424.8115356,a32899482d1fba3c65447a284b4b29fbc48b6510683e0b23c09c9cffeb845453,True
1730830425.118672,dc3fca4897378525418fdbf1135c5d3ca3437fd4eefcb18e8e6da13b3d389b74,False
1730830425.432616,20eb2a3d17327dd580d57ccae4eaa7d8e62a93482a37dd1ed564d1fe461ef0b6,True
1730830425.7365677,6f908632ca2872cbc96dd0d076e26972f0bd4f0174424761da9bff3e29b16d0b,True
1730830426.039298,292779b1aa40458cc3f91d6d6de49b8fe4be2be8f66ccf056b0f36c1c0367139,True
1730830426.3440628,6891c314d7fc46fb36c5600185783e0227d278cd749fe94704418638b0d74b99,True
1730830426.5945807,0f04246cafb6c77442495e736db9e9276bc3fea0b0dc3b5131bed28441d572d9,True
1730830426.793703,8ecb60c2f61f7a380be1a6f5e9e9aef349b6e121e428df749bf5b23e3b2164af,True
1730830427.0660923,0192306dfa463b71a14b8f5f542990c3abbbe84a78ee74062e4a031a51c831d3,True
1730830427.5773478,89015319b92ea29208d7b2a7706c929a1ab29b398c0b54de272580c113f11294,True
1730830427.8892639,78013f58585ca1ba0fe3a547c1903010f2c36256bf0fd0ec36f56b6c902b8897,True
1730830428.18988,5da373206401bdff9f92bcee3e79321056c34166354a4a508d69d8a1652420e5,True
1730830428.4997447,a30d734c401703719b123da5fb46771ed6bac845386dde2af08eb3106c8daf06,True
1730830428.8078868,a5e7fe5eac0f09050ab50e6fe0531ec1ccce812acf1e0e80131f884bb140ad24,True
1730830429.11127,4cd574bb892621c320c160ef75aa40e4cc5f9ca0e8d7333889b9d045bbf614d5,True
1730830429.4207728,e8cb13d13b039f495627622d1f51c9f11db64e67a37bc66849c6f33cdd9908ef,True
1730830429.7232518,5ceb8eed4b948d811432d905c5f60e25b3855dd2c5a6533c94cd06fab0ef1eb5,True
1730830429.91871,1f3523e5135b5d09a377bfd10d77823e0605925a5c3b4c21a58c2c029d91aab6,True
1730830430.2406454,4309bcc6ac4dd1274d2d470f951062a9a7aa8064ae9d3db59be1bcf8a8888311,True
1730830430.555333,5838d955b3f735023861e8b43b55344a3c24281edb00a27ff0707f545b186f41,True
1730830430.855646,4c45f43000f0a03841af397ac8c1a71e3f414fb15e2f7b2978cdc195a8fbb812,True
1730830431.0659225,dfca10f4da88de690311c6d58898c144f73d3c630afdd589dd1351852fdd7614,True
1730830431.3655155,54ec1032a7650a711c1f46ab67d19b89ff8e5f679a0c2ca969f2713d2877d8b5,True
1730830431.577402,a3cd55eb3cb3f349b16b7fff641128660f704b3862a4992f2f113a7b3065fc37,True
1730830431.8896742,3fa12107d46c9773057f9991d0b164c5e7f53bdeaaca7b475f1f171fa7018a34,True
1730830432.1865435,f883d8bd703ebe44530af3deb0b7fccecc08ba174808be6461f439a2c9e8043d,True
1730830432.4941404,83935f8ebd39f438e9ed8b37f5d76e4136455f3e76bc0eac640576a689f92de8,True
1730830432.8022223,24cb05129b9e27655e1e9cf4f6041f19da5715aec88a6852d53c2cabe8e284b8,True
1730830433.003708,17469cabbaf36b447c696ddbb8c2fd98e5b09dcb97f0ea8d3b52cb62210e00de,True
1730830433.3136227,eb7bb53b6442507cf1462f185dd07fb6b1707873105a821a025fc208f49feb52,True
1730830433.6228807,fa8f12bc70ee0a59dcb8daa3be19a0923264ebfe602631488c2235f7050d7dcd,True
1730830433.9290695,2a0116e22f24cd948d36acfb1fe34e2bf643b5902d9b31db815509d56ea96966,True
1730830434.2338762,efa8ccdc45f784655dd98492a934f4870363ee82618c81b22b9320b476943cdd,True
1730830434.5393758,b5617652adeb7ef331b10016b0ecc0cf9e6a04208cf24ac5c19cb708deeb88e0,True
1730830434.8472517,7e4a925ce64c057cc8d559843a853df2dcae18a415a270c903561a8dab5669ee,True
1730830435.153741,3881282b7eb313e74397b00b1d2e62aa0bd1c5166f48e754af4d7b60fc959b49,True
1730830435.4680064,d19fbdd54961858eb7cbe4a21d229af3d53c5903a7d9b22ca354ee5097413ecc,True
1730830435.772599,ecb61fa66651c8df4a53e17526df8ea4e3573b2a18a613b9bbb2e1801eee5857,True
1730830436.012676,5b7ca314d597a3d361987ce53b4c7f21f1cff5d86711bfcc6af10be53a4d88d1,True
1730830436.2151582,9cc275ac6849d0d6865c087414f06a3587f641a86f57e9bf34ac5753418b6068,True
1730830436.4846385,73b54b0d16104469617642e45a319dfa16d8997dfee930b2acb5a7d50b354f80,True
1730830436.6893775,040cbb9c30452e8d30267648887170d7d16df011c7077041b4bdd7ba0f5313c2,True
1730830436.9025908,60e637d1b106d086dedd278d58787aa360fd5d89f0d088a3c6f03b368dfd105f,True
1730830437.2015035,e3885fc722446da9fb4045caef0d4f466622f1649b597e5c994022d577925f2f,True
1730830437.5093186,1685e2d4efd9138ca74777debb4dd024cf5a655ac7350717ed6368c5cf0b200b,True
1730830437.8205228,1d18c68621f39707711e68faf36e5d51e364c4603b5c0d1d424bb0e79e05f59f,True
1730830438.0286138,387957e7064b9a4f5709063045db4e62e118ba8d6c1371f20993540910c3417a,True
1730830438.2290325,2c7c486c5b80f2a9a344a49524fe737f01519b8654df566e61dd0d94a61ba2ab,True
1730830438.5357459,24ffc894bc474962f4a50395d4c1e362ec57b0d401b2452210bf1c825193faaa,True
1730830438.7419903,15add69a1327ddce5aa803494f22a0a7f1acdf36de8eb7d42cbc2308be02667e,True
1730830439.046473,ee23abbb09365a01691435e416f6bf46e2ecdd274d126340e417936349d6beb7,True
1730830439.2717144,482a985c3161a665525c18054555fa0f606ce150947e837bc1156222fad55bfa,True
1730830439.4603074,3b2745f3fe32fc255e85ad484914e8873265d9a2cf40f673261dc73b33468392,True
1730830439.7653682,2a5f3f470aa8bd4804d5e8d7482689b17b72d48a7ee8d5f55000b54da7c44ae6,True
1730830440.0694335,94335576916828175b719f34c8e6f5950fe6231bdb8e1748a5757a5fce2a8f5c,True
1730830440.281261,c887dc644457d7ecdb09939c38be8e528793a2cab4750e5094518a421aa8d818,True
1730830440.4783201,ab01e24e80ab58cb84e29b850dcd1c2d54c99ff6ac4afa51718b36868327bb00,True
1730830440.685691,fd7ca5766b693c7f256f8dfe4ab4f34a4bc48f302e738b107c66aebf142ed8c5,True
1730830440.993349,6a5636a5363254e269057a29572b2aa4cf638d4f4165a79a99cdc032d3bd51aa,True
1730830441.3037925,8b1a7240b666f88b4655db7d6602ff2aec6fb1c0f6dd752b16b24df8e3a3e03b,True
1730830441.6082284,fd46b01a0fdfc18a5363876da50cc59d514acd53d39a7a7bca0bf86a1c722272,True
1730830441.8035567,ec0dcbd4f589fb15620b45bb736c4d3bcc4a1a7fd37b816ad00f55436091bce2,False
1730830442.0276892,1fcf00b51f8f06a94509a871fb671a2451d13719a7e7a1c43ee8b0cb3f8aa9a3,True
1730830442.2657626,bceb45e7037ee0773e290043aa4fbf65178909fb1794e40800eb72bdf73feea1,True
1730830442.538191,4618be70109c62febc2ab960e5e94e98b986d07af8344c35ebe4c272e1c44c64,True
1730830442.8378632,a256f75c1016e73fa25474060f35e823b6a75200d78a1adf104800f755e66aa3,True
1730830443.1489515,6e1c3d969c428654381a1f0af830b85f3be6bdc5e41b5e7494d8a73a93cf042a,True
1730830443.4476752,3c32f73ae503ee81f63e6d01eba3f264832c07c4aaba44369e1c98c14ec49cc1,True
1730830443.7598817,bbc9c6deca7f8a9c769a307b281d1e72fe47558b9e884ed53d41371223d2db67,True
1730830444.1695065,e845af40b9897d063b38507df99cea33ccd635cd51ec1d32a84a00e356cd5255,True
1730830444.4740393,054d53031f5b77afdbf2dd6cc8b37dfe9ba3db102d1efd77fbc00abcbe91e4b6,True
1730830444.7795072,317e240faff272d83e6d37a05554490f542912c61fe720cb9152c4c2f28d6739,True
1730830445.0900688,50e55dbe6dd9b2f20a80676e5a6dbf9bc197afc1f634dec10fbefd61475bd31b,True
1730830445.288089,233378393a531cd018677ecdeac1e796084e20f381db87399183fc33ddae2a62,True
1730830445.4757822,10dba5e4eaa31c54f931be6f8c521c1fe58a934bc7bcf3f9bf5b36e3a57a80cd,True
1730830445.7010689,b86b2b1b7e8e915b78d1c37bd4e0b048a7367a17898e71d9a485ce41f0bf4728,True
1730830446.0172648,3352faf082a1cac1df65fab8c350fc432c28a2a2e1df059d44d158b0a28ccd4c,True
1730830446.3160932,c0f9bc729d348b665fb1d867c22fd601974c6e19eea42e0aa203fa0c79006d5d,True
1730830446.6269066,bf04071efd19969d4f75bdc572718744091d387da29a510532d1ae46544b963f,True
1730830446.8264537,7afab60be300cf172fbc91aafdc30913daf3341f118f0f7870d170505a431d06,True
1730830447.1341612,d962985d160b17bf85f23260ff234ab62c5b6ef47d2af01114db34e1827f6a96,True
1730830447.448797,fe23d277be1bbaffce04d1b6a73c224425f87263ddd2c5791d89be06a8815ceb,True
1730830447.651843,1a04271ee4819078001a14ac65287c4b1cda8c672c726d873e5472148b5482c6,True
1730830447.9541886,6540b28f9d4769437b277940dd478d3225b1d61ca62affa0fb83394b4bd9dea5,True
1730830448.8770125,c4d14039959d86950c2d010e8f47760e6d3b6f25670f97351f3d42350b5f8f7d,True
1730830449.1900535,e5d0c99450baaad47a4b501b8f122bd419f68346c5c7ccde551327f0f712d858,True
1730830449.4920952,6211c6898cb7ae65a4961fa8e03884d47d362fa67327345b363029011609f4e4,True
1730830449.7985334,1e5aca4b263596bcba65ec4d9b59ca95e0989323060953347cd79475b3e2b393,True
1730830450.1042693,e2ecc08c011f71b045ebf0fa0d49099f8f2d365952f2e45a6e9356f1f2ad4658,True
1730830450.420108,8231622313c5824ff3bddafafc82a1f3c2c8832942ddd683976f55410ad23103,True
1730830450.717723,1997747f64739019a9ca80a73a2639de7ddafee9d45337ff9c2831ea76e5db2c,False
1730830450.9224336,0eaceb79c2bd81cfae8b0ac5390bc69db7b00f99d739b618de2748a8e1c4b727,True
1730830451.2382004,ea275b22112348b81dfa91f5ee89af3ad2af10cbfb1a72378443766b033761dc,True
1730830451.4386063,954d348439f187b54726a69140f327a7b65b91dd0414b5deb5b73f49fa8f88ae,True
1730830451.679251,c7957b6cd51a5b024ac2a20e08f80af37313336017f25906f4f3e1e371437135,True
1730830451.8799434,ee8fd3000afe77cc9769dc2eca89371f6a7928d1103f54f607358c443fe849e0,True
1730830452.1527019,f13c17cfb31ec146d14be0a018ff1065833fd39eb98e8ef00bdef554b8e48b05,True
1730830452.4586782,8ef3f0e400c5d1ca2aac0daab7d6237343da2f268c6a96574c162e27f208093d,True
1730830452.6705074,8ee8294e93773f6086d213f62a2be44a9325c625ffd132db574b4a4d6473a53c,True
1730830452.9705129,44a6738ed8971c8394833feceed1d6b8800a8875fcd59c2c42872a6cd554bdac,True
1730830453.2790098,4259a977fa44c93b5ccf6ca85eea3e09a224aefb4e3bf90201fd7cb6514822ec,True
1730830453.5889547,6b90b040cf9629fc0fc839e03a8e511e687847422cef9e75095076ee614687b2,True
1730830453.895114,04346abc47bf5540c2674ffd1fd29e28747a950da99f9cb7a1bc6831ce6055ed,True
1730830454.2084057,5c781ee68cb4d037f2fc06970a150025b962c233ac0ca690d7f110f6e8739a26,True
1730830454.507276,0836778d4eeaa4d7a39741ef17671169e94f9bd6ecebe302f5d06691c897ee1d,True
1730830454.7964613,eb08147a12dae1fceaae61ce38cb37fed493b99fe7fcd637025c4b18525ec234,True
1730830454.9961429,76404d85e490001cbd449bbe1e8b147184e87c6f77ed8f3d70e8950aed8e6e02,True
1730830455.2234457,b511d35a625f5825e43bd9ab1b97ee1f2b896a4d2f2ba7c023e0e5fae7fa0f3f,True
1730830455.5355868,a467787ffdb4c1dc20b51e4454e8c3b60d619b200b92c95ec1518d40a6ab867b,True
1730830455.838663,c32c1e1bd20900da30d11aa176210c19fc114feeb3ab26cd99fbf7ec3b769666,True
1730830456.1462271,917b319fd619dd517b8d28b864a023c90e4cd6dc0dd8b19ab733b16b8f530004,True
1730830456.454705,fe6270e660afb73eebb398b4e840cdae0a8b430631166070eec8983f27e2c1f9,True
1730830456.7596867,d25051b54a097eb54d080372715d869bf816fa48fd9cbf79e51d9ceac4b5f354,True
1730830457.0710888,d9b9dab37829661be56f91768275563cf59ef88226091f1bbedb45e54d3166f3,True
1730830457.3247695,b4de4fab2f7a5cad347ca108a698a843e082a6125aedd42c3fa46dd657e43135,True
1730830457.5314386,34ce24888a6cea22aaffe582ce63ed90f17fc39fbb56d886eeecb486318b9f55,True
1730830457.793911,8c8f945a8414bbe40177627cb8e7c3d6193ea3b757160fd777cc3a2b5f6e5531,True
1730830457.9885585,5303f544d86048d549ac22d6833504686be5b8dac8f46bcb76851188b2d2e444,True
1730830458.19574,65b6c3fc5f6e39977b91b6104db9bcba0da718ed8f9ff085e02d4a67b846a81a,True
1730830458.400397,f91c6806f3b2262f0668779844b8bc5ad0ec7292a4e28d3604d5f2753e54739c,True
1730830458.6043906,b3d9d90b2991239f8ff6eac877fdf3aa48e8fa9ccd9475b17ebb57db3f1949f7,True
1730830458.9103153,53a4562b7cba3b9e8dc9142d58d86bddea908a48193a266d9735004472aae795,True
1730830459.2256522,9efa7fc4072095adb2093c20b60258e2d88785971bea74f7de6f8dcb2519d427,True
1730830459.5332103,8e957f974c165daf0f30af528cbb45fca569b4adb2971efe4fc8cd882544312c,True
1730830459.8340163,869537ce7a9f6a1d2a0a1f56a82641a3a86bc454ed3c9146673a3d1704ac1a7b,True
1730830460.1453295,0dc0fc972e44216a52a24e21f3c00bdee55b745124e51c883e4081fe6fe676eb,True
1730830460.3500166,f913a45d7581752424ee16e389e6121558fa5084949377a559bb5ab32448b4a8,True
1730830460.6508737,3aabcfecd824f0672aed7db3a752a12a7dc1046657d080231fd66630a499c240,True
1730830460.8591132,4865e2145358aa609abbd773f1305ffca34e8bf3a0e0d5b70e4eed0060d36bd5,True
1730830461.051435,17629a8655a2264c8cf180af4fbdefc43465bcbb50954aa6b38a2df3e6910583,True
1730830461.3684607,1a7bacae668c324f14aac5d85456009b7688805505e11b044a140b45bc551792,True
1730830461.6785395,c3b2d69f9f64429c0a5b0e5dd083abd9deee5cd629a65c843c291eec5f085175,True
1730830461.9925334,930a760013bc6024c39e3f92838cfad7993aeb8e8bd6fe5fb729d79fef251d1d,True
1730830462.292581,61e073304b0f0b816f9cb00d1d9f2a747343de7a4d9d6da2d8c03e857ae94828,True
1730830462.596601,72aca182d4f305a86f06b6d2329f3bd63f367235a61bc4fb530449fbb7528c5f,True
1730830462.8105319,1d244b890e5afd7a1037dda8cc81c957a1667a6b80ceda0c0deebe6eb4b6f129,True
1730830463.113144,d59429bf9f802bd413c401a08cad43c25cd61be704083d848344d7c4bc0dddfe,True
1730830463.416874,adca7ab9958b13c41b0469d25e80118c5e47d04b6d1826b78fc46b1785d97b26,True
1730830463.7232265,1a809d36bd6c9db5429385d3dd47cce4c5f0df1a47b6b0700969ab4f62bbe9b5,True
1730830464.034619,ecf5f9b40a86a08bb972faafdfc865345bed69f4c4129ab3e67b089e3268c7d4,True
1730830464.5458639,5a5faf60674d86bd1a5769bf4157a876c7823d929b9a1fcbaf6ec5ce972265ce,True
1730830464.8494487,b9025c2f1dcdc1f1482b710d106c41c45d6c86c6c406aec9d871d174a3642821,True
1730830465.1619968,a78dff4a440ca5a4614b5862b34800592c5702b4df0c08db30cf9dbcaa655735,True
1730830465.3770573,d643421b5fb37c5b557ba4c572c10366924bcfade81f45ed37d4d78064c2c30b,True
1730830466.3866148,1a809d36bd6c9db5429385d3dd47cce4c5f0df1a47b6b0700969ab4f62bbe9b5,True
1730830466.702989,ecf5f9b40a86a08bb972faafdfc865345bed69f4c4129ab3e67b089e3268c7d4,True
1730830467.0027225,5a5faf60674d86bd1a5769bf4157a876c7823d929b9a1fcbaf6ec5ce972265ce,True
1730830467.304511,b9025c2f1dcdc1f1482b710d106c41c45d6c86c6c406aec9d871d174a3642821,True
1730830467.5162325,a78dff4a440ca5a4614b5862b34800592c5702b4df0c08db30cf9dbcaa655735,True
1730830467.828521,d643421b5fb37c5b557ba4c572c10366924bcfade81f45ed37d4d78064c2c30b,True
1730830468.6423934,cbb56b98200c787abff7b25d0cd7527940c02446e8c1533a5bc4bc2aabb17ed2,True
1730830468.948891,7248193067aafac83054bfbc745162b7d84f1a0f72789284af4dda3fff15a3ae,True
1730830469.2585285,dedce8cd8fcffe49bf2119e4e01077f9fd48058b2453b6b417ad728ed5563d5f,True
1730830469.5602098,83a03a28b0f7268d34cd69c6e17eadfb5783d9f76b4fd38a4e83109e9ac3b79b,True
1730830469.8746748,179b9a9ceda2b084abee159e68a521e3bc694c81cdae3f484bdb07075cbff661,True
1730830470.175907,25e5fc9bac955eb58eb46909ac18234b37058d9a6ccf5e4a1d3cfe7a333d8ad1,True
1730830470.4948814,a36763e302616341d280a782bed7e372fac709516ea6e77464ffa52fd794e05f,True
1730830470.6881006,1acc941868a49b795a0d682f1bab5730eab0167b4bbec069cc773885e8c390fc,True
1730830470.8963938,c8cbebf7031cc9cae8826592d00da379e5b7202bed84acabd180220833533e90,True
1730830471.201918,c61c489aef2fa09838b7b4dde2cecfa43c969144a56157ec147dc3a73364fc32,True
1730830471.5057485,ac8108591db6a168240dfae64fe41404b37944bd7627045dd4bd91058e2971b3,True
1730830471.813374,6bd79f226e1b5f3271ad87fbeb0e051d2716fd5aef1bb77bac711b1f786f5e68,True
1730830472.024653,a936405606ab9476244df1db7646e2b1ae2955bc32ad89dd4dd905585084fd7a,True
1730830472.6377323,6483d466989e8e63167d96a644239145515e96f0928c5e0833bb33af605b6cf1,True
1730830472.941228,bce77b82a5efd17c9c71b5e1280c4dcf3f21c5208f71b33061d1ca673f34fd04,True
1730830473.2538614,fea5df622cc38e39eec753c7fb0c10ceea9d7ff3ac5601f280746f4bfece8887,True
1730830473.5564983,68d1f0774daf3a09f4a8848728f10ddc66b70c2f3939826dd01c2874ae5f5eac,True
1730830473.8727741,ffcc9ddcb7edec5cebc0ac1c9f5a8277d16b4c46e1d43d41b2e0d08846a2a893,True
1730830474.1757686,292d41fddb606615f8ae3a31173b372d82b56d7d0fec1794b5af7790d7103b65,True
1730830474.4757378,bd2af12d29cae5332657d43c3912fa45d869c78f9472086736671c87c3d4a729,True
1730830474.7777028,dc4e94554eb97b36723baf98bde57fa5850afa5dd72ea1f966e8cfd5aa101f52,True
1730830475.296368,f559d76a5a0d4694788cf36ce0dc5fedc765b3b1b00e254fcdb51de81ed429c2,True
1730830475.501045,740b16926dc2ea1430d8fbb460dd57a060d3506719d96250955970e6437efba7,True
1730830475.8099961,f15619b1814d6c54d1b34b6c04aa7a0636650023619858c126c3c7a3c8fc5bc1,True
1730830476.115931,3745ea76d92c3bcf3b84e5ae092a664cf4494527ef315c024a03a7ae28327588,True
1730830476.4236195,abcc7625b68d64f8a53508cf56efe9e3f7013a960cffcd6ad3544826dbb35a42,True
1730830476.7285821,b7aed70215f16d8fe699ab493b59efef7f782aa547c670e135f1ae80ac9595a5,True
1730830476.9252837,f4c947df8c6c7d3adb0edf30d18b5587513f83cf209dadba1bf11c3501d35f24,True
1730830477.24325,452777db6c58291f2314361a6989e7214f47758c3869c595a0db7f83a73febe3,True
1730830477.444897,9767a6e402017f6f082453aa64e6e345e5c1298337969f725d06bba40b1ee154,True
1730830477.6508048,6f40ca204022014ac065a983f3a8edede92e7ef534aa7116f496eb38b7c41ede,True
1730830477.9601152,06b7d5a794aa19f53f516ada10ec249867694ca2dd6a438a7f8446df518ce6d9,True
1730830478.2741632,8385581d818d349b0b925ff0290704c51a7d84ff95fccc153c5fcceb61fcf4a9,True
1730830478.5772254,d9db8cd149bb90ca350ad6c960ffa01959c0227763c0477f664ac88f5056557d,True
1730830478.7774606,27f46d38dbb0db49439105e6e6630adc9038ac916fd279e1314e5d0733ef418d,True
1730830479.0832782,2c79a8ea62489a53ea7dcffeaa9c34ca702996818221004196b3b887f1ae138b,True
1730830479.2744892,46a9d8588eac2f089594fe1c7f08e78f50382760260cb619cb4c679ced52476b,True
1730830479.5971234,59e4e4a18e05fc3022cdc4ee5a4eb32e32bf127dd14acd146860edf9e04ce662,True
1730830479.903196,2c0c0cc58ddf8ac59eda1577daf552e8d9bf650204351616958324ec64d18ac8,True
1730830480.21064,e0c282ae3373c5960fb7e7c188b5a2939d758872b753d1c331d8c44fe95bd3a6,True
1730830480.417374,e1891350d90bf2180af94c8729e6f58c768b83443778684f8f6ee02a40744512,True
1730830480.724184,238b14f74d66e3a45e828b7a1605adfe476c3734be778d0944c97c84384b5c48,True
1730830481.0318296,50adffa5eb47cdb5b7a6dd7a063338cb2ad39ee2cd2c9a33f54e42f73bb4f115,True
1730830481.33671,ed7b4157944fac0e4acd3dfd3c4ef1155701ee721fd3ae73291b44ea5961bf91,True
1730830481.64681,8226557c72e4a0d7e621da04da17bd0e0e3b24d231dc3426f7f0cf75ca5a8c51,True
1730830481.9508016,6e2df2b5a209cc11d98d1aa228104a29012cb879d32decc507a8347870b31917,True
1730830482.2586212,9f441132ecaab2d72d5bd072cc4c89c6b64d547f390218f37e60df4531a66c2b,True
1730830482.5665545,f34c1ac30e1b5fe250a6366cddca078c67fc6e8a94bc2dddc227e5910ecd5a9f,True
1730830482.8720598,c7c9829d4ef229909d56449a04b6c0ff244c2e570c7d8fbcb904c441cf9f3564,True
1730830483.1820679,dc17e06f3829a3ad999f23b75bf9d624fa3c524881fd34d3800415c42b33c0ee,True
1730830483.42664,8053030b3185abaa920ec6f01cb5ce18d98058f32f969739b9315bdbffb2dbc3,True
1730830483.6906364,2f4e14f9aa2dc9999171bc88c67605f29acb84f1a35f4bec670f78414d3d8211,True
1730830483.9992082,e116a436800a6f09a3ddd2b8526b27fbe379ecbfdc3f976aa07ce78d75f7304c,True
1730830484.3056161,774a44f1f47ab9fae08662f8abcaba103c2f3869cc2ea839cbf63164a1914429,True
1730830484.6160438,8587dbf901b3e2c068c240aed0a7fd430849e45a34d90de867cfe588d82b0596,True
1730830484.9210174,4d54ecdd657ad731adc2d083dbff6410e344c058230bd3ac12561d7efeeef3a0,True
1730830485.2295759,1d74bc9216e9c23f82bf2bf6bb13e605caa745e149c97dd59a24af77acecb190,True
1730830485.5362794,5fce0936dea4c7f159a17627a64121c3cd5755ea9635b6eac7efc5708853afda,True
1730830485.9438932,ce4babb5fa4efb13f0d24df6fe72435e010c62befbeb9a31030262e70e9b5ae8,True
1730830486.1516786,cb2d9adb94f92821e14b337ec50cd7bfa770259e90fb9a3a18d3c4aa02ab21ff,True
1730830486.3913598,88755f6ae4d1586564724d33117fcd7f85f74397d1a0a76a1033d668945d6897,False
1730830486.5928986,dd14bf17d94fccbce811483640eab24208605ea837eee433d0c2942136ef9855,True
1730830486.7861285,ee7f6eb243aaa3ef5702b05afeddcceb92e5ebcaa816ae1eec222b63672a2104,True
1730830487.0754304,c3a14dd51ec51c743ce413fc6867a0173a0f764482f1562f44364ebc8eae497c,True
1730830487.2688618,42cb938f0fdaea645d845de004dfaeac30bd326d06df7dbfc35d2bdf9adfedf8,True
1730830487.4704635,46da1f25d04d16d5367b4dd413bf5244ff57073c874d434c833047b55e587063,True
1730830487.6868236,216ae8d5f4ea9138b9b0a86d004171a31f0b41491ea7f45f40d2bf699df8e018,True
1730830487.8926482,b4d801e22eff22f4be4f13cb1ea823fb2f7b8bf7229af0cc3480723a24ef7b21,True
